question_id,correct_answer,distractor_1,distractor_1_score,distractor_2,distractor_2_score
0,student,camper,0.4,reporter,0.28226911250163395
1,Twice,Once,0.4,Three times,0.3730878062276253
2,the short fat woman changed to a young girl in the room,his wife was more beautiful than the short fat woman,0.5198200345039368,his wife was as beautiful as the young girl,0.4886431097984314
3,a lift,a helicopter,0.3028566241264343,an office,0.25265181064605713
4,modern city life,how to live in a city,0.5172444581985474,how to do farm work,0.3941212296485901
5,She makes a card.,She does her homework.,0.3369223475456238,She draws a house.,0.31549933552742004
6,She is happy and cries.,She doesn't look at it.,0.38928690552711487,She is angry and silent.,0.3522275388240814
7,Ellen's mother is very happy.,Ellen doesn't like her mother.,0.6348169180198743,Ellen makes her mother angry.,0.5678947510570701
8,Run away from the beach as quickly as possible if an earthquake happens.,Stop your car in the clear area and get out of it if an earthquake happens.,0.46980369091033936,Ground movement during an earthquake is the main reason of death.,0.37701866030693054
9,ways of keeping you safe,the importance of keeping safe,0.6099024415016174,ways of finding safe places,0.5700951218605042
10,Upset.,Hopeful.,0.3389325737953186,Angry.,0.3097837269306183
11,Life is one trouble after another.,It is better to be poor than to be dishonest.,0.34651682118246796,"Love me, love my dog.",0.3332247696138676
12,The writer's mother.,Fanny's mother.,0.567584073678383,The writer.,0.5032591321254843
13,Because she had no close friends to shared her success.,Because she always thought of helping others rather than herself.,0.32751932740211487,Because she needed to work hard in her workshop.,0.3213639259338379
14,Because he is funny.,Because he studies well.,0.3066639447869307,Because he can play many instruments.,0.3044939355538282
15,October 8th.,October 7th.,0.6020254885403089,November 8th.,0.5972593904140563
16,He has a big and interesting party at home.,He does his homework.,0.35562950356290124,He goes to a movie.,0.33402100963897985
17,Sally.,His mother.,0.3725338342772443,Bob.,0.3471706702984885
18,Both A and C,The piano.,0.3309113670050208,The guitar.,0.30958251088552496
19,sixty,one hundred,0.4163286856284618,thirty,0.3917598244576338
20,being responsible for others,being a good school student,0.2884254346204357,doing volunteer work with your brother,0.2724551098639263
21,encourage students to do more volunteer work,tell students where to do volunteer work,0.6803146906674937,introduce volunteer work in different countries,0.5223693404377597
22,"from July 1,2006","from July 1, 2005",0.45033562183380127,next July 1,0.42769721150398254
23,the railway is the highest,the railway is well-known,0.5609459280967712,it was completed easily,0.3508925139904022
24,"5,072","4,000",0.4,"1,956",0.4
25,Qinghai-Tibet Railway,Well-Known Railway,0.7961241006851196,Travel from Beijing to Lhasa,0.3404911160469055
26,friendly,excited,0.30189016461372375,relaxed,0.2975426912307739
27,chips,ice-cream,0.4,chocolate,0.38234516978263855
28,Kids are told to keep away from sweet food to be fat.,"If people want to be kind or friendly, they can try some sweet food.",0.4907049238681793,What you put in your mouth will show your character.,0.33152490854263306
29,people with a sweet tooth are more willing to help others,people's character has nothing to do with their taste,0.4181762933731079,scientists told college students not to eat sweet food,0.4054839313030243
30,Rainwater harvesting can meet a lot of your home's water needs.,Treating wastewater needs much energy.,0.3832806485488639,The water on the earth is becoming polluted more.,0.3383980393409729
31,washing fruit and vegetables under a tap,using a bowl to wash your fruit and vegetables,0.557995080947876,turning off the tap every time after brushing your teeth,0.3875003457069397
32,Save Water Starting with Small Changes,Save Water by Turning off the Tap,0.5154898762702942,Keep Your Garden Green with Rainwater,0.3920578956604004
33,we can practice rainwater harvesting in a small way,we can get enough water by harvesting,0.4287504553794861,harvesting water is more necessary than conserving it,0.41337794065475464
34,The First Black Woman Pilot,Air Show of Long Ago,0.34437626600265503,How Women Learned to Fly,0.3317902684211731
35,Texas,Europe,0.3971250057220459,New York,0.39022180438041687
36,daring,Texan,0.4,careful,0.24679265916347504
37,fliers,fighters,0.4,doctors,0.26514706015586853
38,Bessie Coleman began to learn flying in 1893.,Bessie Coleman learned how to learn flying Europe.,0.608253002166748,Bessie held a pilot's license when she was twenty-eight.,0.4375983774662018
39,Five,Four,0.429057993745847,Two,0.41978606952678693
40,In Westminster Abbey.,In St Paul's Cathedral.,0.3695916893341279,In the House of Parliament.,0.3553726628141983
41,three days,two days,0.622437533683518,four days,0.6077715878502099
42,got a great surprise,felt very disappointed,0.3382574099666711,said nothing and went away,0.32945158796538376
43,proud,modest,0.4,hard-working,0.4
44,in the school,at home,0.39909636974334717,on the playground,0.3403400182723999
45,Writing on the blackboard,Reading books,0.422008216381073,Laughing or talking,0.33480387926101685
46,Two,One,0.3472006320953369,We don't know,0.3317122757434845
47,Bill and Ann are still playing basketball.,Mike is helping Ann.,0.4857289791107178,Ann is cleaning her desk.,0.4653124511241913
48,helping primary school students,helping his classmates,0.44850170612335205,helping the poor,0.41896361112594604
49,soldier,secretary,0.4,doctor,0.3685947358608246
50,kind-hearted,lovely,0.24848155677318573,clever,0.18098239600658417
51,Lei Feng did many good deeds during his short life.,People remember Lei Feng because his wife was short,0.5478067398071289,"Lei Feng died on March 5, 1963.",0.4491610527038574
52,We must be ready to help others.,Helping others is a good thing..,0.4414695203304291,The Lei Feng spirit is outdated.,0.3179187774658203
53,A big robot.,A smart boy.,0.2700233085706994,A bad people in the movie,0.2523345579611107
54,Because he has a big soft body and comforting voice.,Because he has received very good feedback.,0.30018776527638813,Because he won the best animation feature of the 87the Oscar Awards.,0.29281270430517425
55,The big white.,Smart boy.,0.28553630995305035,Hiro Hamada.,0.27952758415319423
56,Love of a Robot,Disney movie--- Big Hero 6,0.2855192005727897,Smart boy---Hiro Hamada,0.27933251214225063
57,American-born Chinese,Australian-born Chinese,0.8448975485391994,Chinese-born Chinese,0.8448975485391994
58,They look like Chinese but they think like Americans.,They look like Americans but they think like Chinese.,0.7524696202965463,They like to eat bananas.,0.404113917082247
59,Their eyes and hair are black.,Their eyes and hair are black and yellow.,0.6520074654716594,Their eyes and hair are white.,0.6239419876116897
60,recycle,reuse,0.41463753477798915,reduce,0.41118007089999226
61,Walking to work,Turn off your phone,0.33541018029860215,Brushing your teeth,0.2328299623017252
62,protect the environment,the plants and the land,0.3437636973451944,the air we breathe,0.33792784292324296
63,Throwing away the books you don't use,Turing off the lights when you aren't using.`,0.33692576418643044,Taking used water to water flowers and grass.,0.3094434495056108
64,Leave your computer on for long,Enjoy walking in the woods.,0.36577845731758,Reuse stuff when you can.,0.2987920803349794
65,A nurse.,A doctor.,0.3798348334339017,A piano teacher.,0.3412005885122285
66,Snowy.,Windy.,0.4,Sunny.,0.36271698969752997
67,One.,Two.,0.3910817412944113,Three.,0.3708685877819872
68,An unforgettable experience.,Be careful when you drive.,0.3707261446207969,Young girls shouldn't drive alone.,0.35048563532768007
69,meat,vegetables,0.368793785572052,fruit,0.35056227445602417
70,three,two,0.430419921875,four,0.38341575860977173
71,"A, Band C",white,0.3357185125350952,black,0.3339541554450989
72,back ; front,front ; back,0.7767430543899536,back ; back,0.654395580291748
73,The bears always ask for food with their back legs .,The elephants are very friendly to people .,0.3708692193031311,There are a lot of different animals in the zoo .,0.3599930703639984
74,Between classes the next day.,Every night.,0.4086642265319824,After school was over.,0.3425089716911316
75,Because it brought her too much pressure.,Because it wasn't a good idea.,0.3257843852043152,Because it had a specific list.,0.3223423361778259
76,The things she shouldn't do.,The things she wanted to do.,0.5692923069000244,The things she had to get done.,0.4804416000843048
77,Balancing study and play,Concentrating on lessons.,0.35908043384552,Facing challenges,0.31078803539276123
78,longer,shorter,0.3937153694749229,more round,0.28599924306762536
79,Apples,Apples are delicious,0.6056497597019868,All kinds of fruits,0.406858178479633
80,cousin,father,0.40062768073029303,sister,0.38064564574667414
81,three,two,0.4500972536442149,four,0.4085917535838813
82,played in the water,saw some sea animals,0.34568472222657337,visited a museum,0.2521742317451351
83,rainy,hot,0.4239614813993392,windy,0.4
84,The writer took a train to Hainan,The writer wanted to visit Hainan again,0.5249368125911898,There were many kinds of fish in the aquarium.,0.3846501973734947
85,Seven,Six,0.5032564997673035,Four,0.4725484848022461
86,"Yellow, green and orange","Red, yellow and orange",0.621255099773407,"White, green and blue",0.535846471786499
87,Red fruits and vegetables will cause heart diseases.,"Blue, purple and red fruits and vegetables are good for your memory.",0.5197371244430542,"The more colorful fruit and vegetables you eat, the better it will be for your health.",0.4423460364341736
88,Because there will be improved nutrition and medical science.,Because there will be the newest technology.,0.3789205500828136,Because there will be special medicine for increasing height.,0.3462474776667511
89,By computers.,By robots.,0.32261636731517146,By larger brains.,0.29907760820816076
90,Softer food.,Fresher food.,0.638746963728994,More delicious food.,0.614041962380749
91,Looking at electronic devices.,Using central heating.,0.39297418084137237,Wearing warm clothes.,0.37161033853782843
92,In a science magazine.,In a fashion magazine.,0.5500907804050243,In a storybook.,0.4
93,Seven days,Eight days,0.6465009603566995,Nine days,0.6074129440990506
94,Play football,Play games,0.6555678423614993,Sing,0.4129694732950447
95,By train,By air,0.4036183310170664,By bike,0.3440454122691482
96,Because Lin knows Liu likes traveling,Because Lin wants to see Liu,0.4717926453296966,Because Liu likes Beijing.,0.45833611465379026
97,Because we have more mental energy than any other time,Because it requires the most time,0.5333899883759234,Because it is easy for us to solve it correctly,0.32745086952433844
98,goals can help you get your work done,not reviewing will result in careless work,0.45603476321438,taking as many breaks as possible is helpful,0.3490958429152437
99,every one or two days,every four or five days,0.6358277797698975,three times a month,0.4741362929344177
100,wet,long,0.3625234365463257,dirty,0.3203413784503937
101,from back to front,from front to back,0.8250101208686829,from left to right,0.3195751905441284
102,common,surprising,0.3403322696685791,impolite,0.31444236636161804
103,They are willing to talk about places.,They prefer soccer to American football.,0.33604884147644043,They accept other ideas and cultures easily.,0.29191625118255615
104,talking with Americans,working with Americans,0.5219001770019531,speaking American English,0.29117876291275024
105,four,five,0.43471866846084595,seven,0.4337249994277954
106,It is in a busy street.,It has a garden around it.,0.34319067001342773,It is large.,0.32612109184265137
107,It is in a city.,It is good for a big family.,0.30768299102783203,It is in an old building.,0.2988338768482208
108,Call Jim and he will show you.,Ask people living there to show you.,0.4328775405883789,Go there. The door is open.,0.31241557002067566
109,She can't find a right way to learn math well.,She doesn't want to learn math.,0.45560598373413086,She can't get good grades in the exam.,0.3782360553741455
110,There is no difficult question if you can ask for help.,There is only one difficult question if you ask for help.,0.6122853755950928,There is no difficult question in learning math.,0.438854843378067
111,You should copy other students' homework.,You should do your homework every day carefully.,0.4559401869773865,You should review all of your notes in your notebook before the exam.,0.32236453890800476
112,Put up your hand if you don't know how to do it.,Be sure to write down everything the teacher puts on the blackboard.,0.3389565944671631,Work examples in the text each several times until you can do them quickly before the exam.,0.31344693899154663
113,She wants to tell Mary how to learn math well.,She wants to tell Mary how important math is.,0.59065181016922,She wants to tell Mary not to give up math.,0.5894526243209839
114,Both,.Band C,0.22224068641662598,to walk a lot,0.20078888535499573
115,The old man felt worse after a month,The old man was younger than before after a month,0.625841498374939,"After a month, the man felt better",0.6072925329208374
116,good,bad,0.3246721029281616,well,0.3036482036113739
117,to smoke less than before,to start smoking,0.40073901414871216,to go worse,0.3283194303512573
118,he didn't understand the doctor's advice,he was clever,0.3583049178123474,smoking made him better than before,0.3512553572654724
119,People that want to learn to dance.,Adults that want to go traveling,0.46522969007492065,Volunteers that want to teach children,0.4609200954437256
120,stay healthy and make lots of friends,save lots of money for a holiday.,0.44541388750076294,learn the English letters ABC more easily,0.3047153353691101
121,an advertisement by a dance club,an advertisement by an English club,0.6169848442077637,an application by a sports club,0.5233097957169189
122,little by little,very happily,0.3524792194366455,suddenly,0.33923980593681335
123,at school or on the street,in the library,0.3638816475868225,at home,0.3546464741230011
124,cheat,steal,0.36994001269340515,smoke,0.353354811668396
125,depends on us too much,likes doing his homework,0.3714924454689026,uses his head,0.34465622901916504
126,important,easy,0.30554577708244324,quick,0.29747259616851807
127,recognize faces,call the police,0.35522475838661194,help a school child,0.35114842653274536
128,wear shoes,watch videos,0.36822769045829773,send mails,0.2700583040714264
129,Smart Home Cameras,Warning Sound on the Phone,0.3767828345298767,Catching Criminals in a Better Way,0.3588143986424807
130,boy,girl,0.35348396257929765,friend,0.33201884385565483
131,No. 34,No. 23,0.42939751827309236,No. 31,0.39087920463371695
132,teachers,workers,0.36502892758657834,students,0.3568288971937246
133,English,Chinese,0.3569220618244143,Japanese,0.3243385540841439
134,Lots of people,Few people,0.6402058445492015,Only students,0.39323292711944946
135,healthy,fat,0.4161059686273354,ill,0.35518279963940813
136,not safe,not careful,0.3232588827006606,Wonderful,0.26419008070677086
137,too careless,students,0.36605394670935043,not strong,0.36404098898353726
138,get into water,die in water,0.6001336306184755,swim too badly,0.2920741287289039
139,A Wii.,Many pants.,0.3976152539253235,Christmas cards.,0.36968517303466797
140,gift,family togetherness,0.28314459323883057,playing video games,0.27124762535095215
141,Because packing tape can make presents hard to open.,Because packing tape can make presents last long.,0.551928699016571,Because packing tape can make presents more beautiful.,0.5472247004508972
142,His staying in the room playing games.,His never saying thanks to the family.,0.28333181142807007,His wrong suggestions about presents.,0.2602233588695526
143,give us healthy things,make us fat and clever,0.45915693044662476,make us very rich,0.45516443252563477
144,sheep and camels provide people with milk too,milk can make people not only strong but also rich,0.48602468154118944,cakes can be made with the powdered milk,0.47927809584682224
145,People can use as much as 45 liters of milk a day.,Many other foods can be made with the products of milk,0.44506868720054626,Milk is a completely good food for people's health,0.43001726269721985
146,"She felt sad and helpless at first, but might feel warm later.",She was looking forward to getting help from friends.,0.35787769652842016,"She regretted making the joke, but was angry with her uncle.",0.32724560462254426
147,It shows the helping hands that writer got from strangers.,It expresses the idea of giving hands to strangers who are in need.,0.5240479860256262,It.describes the writer's experience through the underground.,0.42237919569015503
148,His wife.,His parents.,0.37076905369758606,His friends.,0.3091251254081726
149,seven days,three days,0.6054403781890869,two weeks,0.41245603561401367
150,going boating,going camping,0.613288938999176,going swimming,0.6101036667823792
151,Australia,America,0.3893715739250183,England,0.37820005416870117
152,Mr. White has many friends in Beijing,Mr. White is staying in Anhui for a week,0.46419811248779297,Mr. White is going to visit the Yellow River,0.4473584294319153
153,in a shop window,at a bus stop,0.3340989053249359,at her friend's home,0.30670472979545593
154,buy it for her,borrow it from the shop,0.3170991539955139,have a look,0.2919759750366211
155,too dear,too long,0.37680530548095703,very small,0.32006213068962097
156,She doesn't think it is good,it is not very new,0.37656983733177185,it is not very new,0.37656983733177185
157,When I sat down,After I went into the restaurant,0.37155798077583313,When my plate was full,0.36459600925445557
158,inside,outside,0.3006211817264557,not seen,0.2883540391921997
159,"Put the ""green"" side outside.","Put the ""red"" side outside.",0.6612493991851807,Keep the waiters away.,0.32502853870391846
160,the red was outside,I didn't call them,0.3391342759132385,they didn't like me,0.3278440237045288
161,German.,French.,0.3748384004574793,English.,0.33729055361638627
162,In 1967.,In 1908.,0.4297382635234891,In 1896.,0.3813433130164612
163,the British wanted to make the race different,the British didn't like the Greek story,0.40484421577854746,the British loved the royal family very much,0.3985708175997402
164,"28, 29 or 31.","28, 29 or 30.",0.6458357602578509,"29, 30 or 31.",0.6340118503904065
165,8,35,0.35122448205947876,65,0.34047186374664307
166,"people's daily diet, exercise habit and blood pressure",why people liked chocolate so much,0.3887103796005249,how chocolate was made,0.3552878797054291
167,"chocolate is good for us, but we should not eat too much",people aged 35 had better not eat chocolate,0.48235586285591125,chocolate was popular in Germany before,0.4431995153427124
168,twelve thirty,twelve,0.5695672035217285,twelve ten,0.5590294599533081
169,car,taxi,0.39067816734313965,bike,0.36063092947006226
170,can't find his way home,finds his way,0.5154386758804321,knows the way,0.5051320195198059
171,something is wrong with him,he doesn't want to go to the park,0.2824520468711853,he wants to go home,0.2695857286453247
172,he doesn't want to walk home today,he can't find the way home,0.4666532874107361,he wants to go home on foot,0.4361427426338196
173,what is right and what is wrong,how they can protect themselves,0.3716067969799042,how they can study well,0.2830258011817932
174,Keep some animals to protect them.,"Use the Internet, but keep away from bad things.",0.42729178071022034,Take care of yourself when you are out.,0.3658137321472168
175,help them with their studies,make life easier,0.3349020481109619,be a waste of time,0.33376264572143555
176,5,8,0.42133986567939397,3,0.4194810433675705
177,After the checking books will become better and better.,"There are many mistakes in most of the textbooks,dictionaries and children's books.",0.4155219152047709,All the students have to use the books full of mistakes till the end of June.,0.3753005979769308
178,It will go around the earth for one year.,It will be sent up by the year 2006.,0.4738639431071786,It will cost 1. 4 billion yuan.,0.3677766522419601
179,the floods across Mexico,the broken banks of the river,0.39185990768947704,the death of 132 people,0.35821807079800994
180,The school basketball club.,The school soccer club.,0.5361781194423025,The school baseball club.,0.5361368111457662
181,Soccer and volleyball.,Soccer and baseball.,0.5150624602499473,Tennis and volleyball.,0.4856068240302572
182,Jim has many English books.,Jim has 3 white volleyballs.,0.4487983894979126,Barry is Jim's sister.,0.437440803860793
183,Chinese,English,0.366780549287796,Japanese,0.36081618070602417
184,1;400; 140,1; 040; 140,0.7372517882392662,1;400; 104,0.6756244259499802
185,are quite good to him,don't like him at all,0.3608824610710144,teach him English very well,0.33003494143486023
186,makes good friends with,doesn't like,0.39247071743011475,doesn't get on well with,0.3849087357521057
187,Jack doesn't have classes every day.,Jack goes to school every day.,0.6475732922554016,Jack has no classes only on Sundays.,0.5929984450340271
188,Healthy snacks can be accepted .,Snacks shouldn't be eaten.,0.4423866868019104,Kids can only have snacks at home.,0.4251978099346161
189,to be a good example,to eat healthy snacks,0.2683890461921692,to get kids included,0.26698753237724304
190,Shouting at children,Laughing at children,0.5619675517082214,Cooking at home,0.29788118600845337
191,Try cooking it in a different way.,Never cook the same food.,0.27923932671546936,Ask kids to get used to its taste.,0.2598225474357605
192,To help kids have a good eating habit.,To help kids become a wonderful cook.,0.49026769399642944,To set a good example of eating healthy food.,0.45891499519348145
193,know some social customs for a dinner party,make her friends happy,0.3641700744628906,make friends with Rose,0.35984572768211365
194,a TV hostess,a good housewife,0.3249869644641876,a member of the dinner party,0.32220983505249023
195,some flowers,some fruits,0.31015077233314514,a bottle of wine,0.2788482904434204
196,Get there 15 minutes earlier.,Make yourself at home.,0.31195375323295593,Follow others to use forks and knives.,0.295321524143219
197,helpful,friendly,0.3903955817222595,difficult,0.3100784718990326
198,was asked to miss a shot,missed a shot quickly,0.45294369044569116,misses a shot without any difficulty,0.4321611790931816
199,success is a habit that is easy to keep,success is hard to keep,0.575814442288068,success is hard work,0.4834640307749546
200,Make success a habit,Failure is the mother of success,0.4669310648678613,Practice makes perfect,0.37268343310293006
201,Big and strong,Big and light,0.5707091689109802,Bright and Slim.,0.3090241551399231
202,Black,White,0.39396703243255615,Blue,0.3441711664199829
203,2 years old,20 years old,0.7150852680206299,12 years old,0.7052000761032104
204,Fur and meat,Fur,0.5429884195327759,Fur and leather bags,0.44781869649887085
205,Do a lion count once a year.,Write to newspapers.,0.2979273200035095,Tell people about the problems.,0.28400421142578125
206,train,car,0.3286350965499878,bike,0.3066190779209137
207,sport,music,0.41659849882125854,working,0.3694216310977936
208,far from,near,0.3323672115802765,behind,0.28426748514175415
209,a newspaper,a book,0.4156573414802551,a football,0.3306870460510254
210,the next station to his work place,the right station,0.4287832975387573,before the train station,0.3818707764148712
211,covered my score up,lowered my head,0.36748337745666504,explained immediately,0.3328009247779846
212,I did a bad job in the test.,I gave a good excuse.,0.340122789144516,I became the worst student.,0.32573607563972473
213,the father was strict with his child.,the writer was always poor in tests.,0.3552253842353821,the writer was always happy with his scores.,0.3433290123939514
214,"Scores, Important?",That's Me!,0.4,The Final Test,0.2972966730594635
215,student,doctor,0.33997562527656555,salesman,0.28532883524894714
216,Because the salesman gave the writer his sweet smile and good service.,Because the salesman recommended the computer with enough functions.,0.38396750752059505,Because the salesman recommended the cheapest computer.,0.36627536503034264
217,The importance of smiling in the daily life.,The importance of computers in the daily life.,0.6580122709274292,The way to choose a right computer.,0.29719486832618713
218,17,20,0.45077549273973555,18,0.3650580133225941
219,flying a flag at the child's bed,greasing butter on the nose,0.38427833527108335,giving a pull on the ear,0.38027188181877136
220,Holland and South Africa.,Brazil and Holland.,0.42378008365631104,Canada and England.,0.35965341329574585
221,people in different countries celebrate their birthday in different ways,people in different countries have their own special year birthdays,0.5777066349983215,people always have a big birthday party at home in different countries,0.5366095304489136
222,quite different from,the same as,0.4,easier than,0.35031890869140625
223,"on studies ,sports or music and public work",only on sports or music,0.6037245392799377,only in working for the public,0.49201804399490356
224,American girls love to have white skin .,The writer regrets  that he gave up playing the piano .,0.3826553499682944,The writer is now in US .,0.33950263261795044
225,My Studying in the US,My Own Travel in the US,0.6204823851585388,My Friends in the US .,0.5933480262756348
226,sell and buy things,enjoy Grandma's food,0.3239721655845642,learn to cook,0.31039994955062866
227,attract people to move back,help the people become richer,0.479409887866761,help people find jobs,0.4757934334415209
228,"She was no longer a ""useful"" person.",She couldn't see anything at all.,0.35366249084472656,She couldn't cook as well as before.,0.2973569333553314
229,Grandma missed her family a lot.,Grandma was good at cooking,0.5034123659133911,Grandma was a kind old lady.,0.4731827974319458
230,eight,seven,0.4808313250541687,five,0.4439787268638611
231,He'sreadingnewspapers.,He'splayingbasketball.,0.4,He'slisteningtomusic.,0.4
232,abasketballfan,watchingWNBAnow,0.4,goodatplayingbaseball,0.4
233,LucyissurfingtheInternetandLilyislisteningtotheradio.,LilyissurfingtheInternetandLucyislisteningtomusic.,0.4,LucyissurfingtheInternetandLilyislisteningtomusic.,0.4
234,Lucyoftenwritesemailstoherfriends.,Themotheriswateringtheflowersinthegarden.,0.4,Thebrotherisgoodatplayingbaseball.,0.4
235,the writer's window was dirty,the woman's window was dirty,0.5867772698402405,the writer was near-sighted,0.4787517488002777
236,the woman's window was clean,the woman was sitting by her window,0.6265309453010559,the woman's window was still terrible,0.5299161076545715
237,the writer never talked to the woman before,the writer often washed the window,0.43671005964279175,they both worked as cleaners,0.34731781482696533
238,one must judge himself before he judges others,one must look at others through his dirty windows,0.5908307216366102,one shouldn't criticize others very often,0.5579688961482856
239,Two,Three,0.40519821643829346,Four,0.38594603538513184
240,20 minutes,10 minutes,0.6353551149368286,15 minutes,0.6011114120483398
241,From 12:00 to 1:10,From 10:00 to 10:20,0.4,From 9:00 to 10:00,0.4
242,Play games.,Eat snacks.,0.3429192304611206,Have lessons.,0.3357458710670471
243,Students go home after 3:15 p.m.,All the children bring lunch from home.,0.4918453097343445,The students play games in the school canteen.,0.45715653896331787
244,"The expression ""play cat and mouse"" usually means ""play tricks on others"".","The expression ""a fat cat"" is used to describe someone who is very fat.",0.4514556142127472,There are more expressions about cats than those about dogs.,0.31986591242775925
245,Someone always asked a lady her age or weight and it made her angry.,Someone won the first prize in an English singing competition and he felt very excited.,0.39301223870221924,Someone promised to keep a secret but he failed to do so.,0.38170931772284744
246,In a language book that teaches students how to use American slang.,In a magazine telling various jokes and funny stories.,0.35166859423254815,In a scientific research paper about cats.,0.3283882157897059
247,people in US like to read blogs for news,the Chinese never share feelings with each other through blogs,0.38676390051841736,56% of the Chinese write blogs,0.38136374950408936
248,IT bloggers,Media bloggers,0.5601114630699158,Normal bloggers,0.5422053337097168
249,There will be more and more normal bloggers.,Media bloggers didn't have the advantage of knowing how to communicate well.,0.4204685389995575,Only bloggers express their feelings through the Internet.,0.4158657193183899
250,On April 28.,On May 28.,0.5589675903320312,On February 28.,0.5483145713806152
251,she would work as a grown-up,she would go out for lunch with her father,0.44424909353256226,she didn't have to go to school,0.31814873218536377
252,Because they thought the writer was a passenger.,Because her father's car was hot and uncomfortable.,0.30742183327674866,Because her father didn't like to turn on the radio.,0.292096346616745
253,To teach kids to appreciate school.,To give kids an idea of the possibilities for their futures.,0.4127647280693054,To give kids a chance to experience real-life jobs.,0.4079887866973877
254,School life is much better.,It's hard to make money.,0.3545454144477844,Working with Dad is fun.,0.3324570655822754
255,Blue Sea Hotel,Haitian Hotel,0.584896445274353,Changcheng Hotel,0.5763875842094421
256,400-581-620,400-581-258,0.4,400-581-278,0.4
257,at 10:00 pm on Monday,at 9:30 pm on Friday,0.6328067779541016,at 9:00 pm on Sunday,0.6227452754974365
258,You can book tickets online or make phone calls.,It takes you five minutes to the nearest beach by bus from Haitian Hotel.,0.40144282579421997,You can go to the downtown on foot in Blue Sea Hotel and Changcheng Hotel.,0.3693762421607971
259,advertisement,newspaper report,0.4329965114593506,story,0.3502064049243927
260,65,75,0.3432960035117124,55,0.334273377064151
261,popular,interesting,0.39949233026055847,expensive,0.3318781162618816
262,Because of the lack of traditional business.,Because of the lack of money.,0.4727275317428112,Because of the convenience of using computers.,0.26900113200212555
263,sadly,quickly,0.3516836166381836,slowly,0.2981424927711487
264,to be happy,to be friendly,0.36592212319374084,to be clever,0.35851263999938965
265,He was tired and it was so late.,He was only 14 years old.,0.3087174892425537,The way was full of big or small stones,0.2770165801048279
266,clear water,blue sky,0.3532877564430237,green trees,0.3044032156467438
267,the process  is more important than the result.,the goal is not important.,0.585507333278656,everyone should climb the mountain.,0.3058818578720093
268,"Yes, it does.","Yes, it doesn't.",0.845540700674688,"No, it doesn't.",0.4
269,75%,25%,0.3664994979820224,3%,0.30162840115393386
270,80 kilometers long,17.7 kilometers high,0.5296176366851011,2 kilometers wide,0.5102226330943035
271,The world will only be thirsty.,The Dead Sea is the saltiest lake in the world.,0.4682416310479012,The sea looks beautiful when the sun-is shining on it.,0.3442636790475242
272,Children under 12,All the children,0.6547268629074097,Adults,0.36324286460876465
273,Must pay 49 yuan for your lunch at Sunday Family Buffet,Can eat for free at Sunday Family Buffet.,0.49685669287910833,Must go to the Sports City Bar with your parents,0.3873229233566396
274,98 yuan,49 yuan,0.655593756829693,147 yuan,0.655593756829693
275,tell your teacher you don't know,be laughed at,0.35557541251182556,keep quiet,0.33738595247268677
276,must go into the classroom quietly,must knock at the door,0.48180854320526123,should take your books out of your bag.,0.3596881628036499
277,hospital in Beijing,hospital in America,0.5604462573188393,junior high school in Beijing,0.4504625717181076
278,work hard,work every day,0.48728174803905,live in America,0.3158769202015139
279,the Chinese doctors and her Chinese friends,the doctors,0.47871336809211273,her teacher,0.3367922835513013
280,Mrs. King knows much about Chinese medicine.,Mrs. King can speak English and Chinese.,0.52502162574721,Mrs. King is from America.,0.4750829773792268
281,liked very much,had a lot of things for,0.36778707168775543,was bad for,0.3144744481567381
282,more than six hours,four hours,0.632493717090747,three hours,0.6284616167923838
283,Mr Jackson talked with his friend at his own house.,Mr Jackson didn't live in the country.,0.505343907154906,Charles's friend was very tired.,0.47689367908165436
284,he thought he was at his own house,he didn't want to leave,0.3135507198305092,he was too tired,0.2998933089137995
285,careless,careful,0.4240404320461194,on duty,0.33899619380613066
286,Meat.,Fruit.,0.37425172328948975,Nuts.,0.35610294342041016
287,they won't let the others eat their food,they eat special food,0.5304127931594849,they often quarrel with each other while eating,0.3530368506908417
288,put separately and taken good care of,taken out of the cage,0.4165723919868469,given an injection,0.3389083364468909
289,on special festivals,seven days a week,0.2822332581355471,on weekdays,0.25468820048212554
290,in America,in Australia,0.4564570188522339,in Canada,0.35161879658699036
291,alone,with her mother,0.35380780696868896,with her husband,0.34111934900283813
292,she had found a good job there,she thought Boston was a quiet and nice place,0.3065136671066284,New York was too far from her mother's village,0.2795545160770416
293,by train,by air,0.3865174651145935,by sea,0.3425266742706299
294,her mother didn't have a telephone,her mother didn't know how to make a telephone call,0.5095909237861633,she didn't have time to do so,0.32723841071128845
295,seven,four,0.4350277781486511,six,0.41236042976379395
296,teacher,officer,0.3044183552265167,doctor,0.28528186678886414
297,Peterson,Bill,0.37974563241004944,bob,0.3712664842605591
298,is very nice and lovely,can speak little English,0.3441675901412964,can't speak Chinese at all.,0.3392117917537689
299,Mary has two twin sisters.,Mary's parents are both teachers.,0.47601795196533203,Mary's grandparents are also in China.,0.45779794454574585
300,Grandma loved her grandson more than herself,Grandma only liked radish,0.449493944644928,Grandma didn't like beef soup,0.40763285756111145
301,Warm-hearted.,Impatient.,0.4,Hard-working.,0.4
302,He wanted to get the free beef soup for his grandma.,He played games with his friends.,0.3567216396331787,He only wanted to know the number of the small stones.,0.35266730189323425
303,The 100th guest,A snack bar,0.4586509168148041,A poor grandma,0.36683550477027893
304,useful,small,0.3374142348766327,lazy,0.3295743465423584
305,still standing beside it,eating grass beside it,0.40887653827667236,going away,0.3189229369163513
306,winter,summer,0.4095408320426941,spring,0.38830870389938354
307,His father's love for the funny pages influenced him.,Cartoons brought him great times and fun,0.37589091062545776,He wanted to sell cartoons,0.36387085914611816
308,In 1950,In 1948,0.3996007442474365,In 200,0.384335458278656
309,Charles M. Schulz.,Lucy.,0.381313294172287,Snoopy.,0.34545621275901794
310,Peanuts 2000,"It's a Big World, Charlie Brown.",0.3481844663619995,"It's a Dog's Life, Snoopy",0.33069857954978943
311,An advertisement,A diary,0.39540791511535645,A novel,0.32514017820358276
312,there was heavy fog and haze,there was heavy rain,0.5588459968566895,because it was Sunday,0.2624547481536865
313,Many people have been dead,Many people have to stay indoor,0.5585454106330872,Many planes can't take off,0.49430304765701294
314,Try not to do sports outdoor.,Try to take the public traffic,0.4393448829650879,Try not to drive cars or burn coal.,0.42198917269706726
315,Prana brought the dirty apples into the house,the apples fell on the ground and were dirty,0.5488648414611816,Prana loved apples,0.5308167934417725
316,brought the apples under the snow to the ground,dug holes to put the apples in them,0.4736994504928589,ate up all the apples,0.46149954199790955
317,eat the apples,store food for the winter,0.349114328622818,make new homes,0.3343602120876312
318,love,life,0.3239381015300751,apples,0.31635773181915283
319,Having headaches.,Having wet eyes.,0.42799218872760836,Having small eyes.,0.4123813269597075
320,They want to continue playing computer games.,They don't want their parents to worry.,0.3892862761910231,They think it is not serious.,0.34151890679916264
321,a third as much,as much,0.6365796179874094,half as much,0.6032029231480638
322,blinking is good for eyes,tears can't protect eyes,0.5010201789133737,It's useless to blink.,0.3190910432260957
323,Eye problems in children caused by using digital products.,Dr. Warford's experience of working out eye problems.,0.46611893611321764,Some information about the latest digital products.,0.44429191621250386
324,A coin,The Internet,0.3334634602069855,My grandpa,0.32621800899505615
325,I mistook what the homework was about,I was too proud of my homework,0.5777505506212963,the teacher's face turned to a stone,0.2758686946670274
326,the writer knew little about American history,the writer's grandpa was a very wise man,0.430128812789917,the writer's classmates felt sad at his mistake,0.42073288559913635
327,.,.,0.4,.,0.4
328,"Yes, of course.","Sorry, we don't know.",0.42012232542037964,"No, it didn't.",0.4
329,All of above.,She is kind-hearted.,0.4,She works hard.,0.24451036751270294
330,saving her students,taking a walk with her students,0.4928182065486908,waiting for a bus alone,0.29027771949768066
331,Because she is popular.,Because she is generous.,0.3076431155204773,Because she works hard.,0.29558807611465454
332,"Zhang Lili is a kind, brave and excellent teacher",Zhang Lili was pushed to the safe place by her students,0.49125033617019653,Zhang Lili didn't notice the out-of-control school bus,0.48749083280563354
333,It is to reuse anything that can be used again.,It makes your heart and body strong.,0.39238661208948855,"It means keeping the land , air and water clean.",0.3152738793990766
334,friends,workers,0.35151952505111694,brothers,0.33785009384155273
335,climbed up the tree,lay down under the tree,0.6069241762161255,lost his life,0.33523958921432495
336,the bear didn't hurt the short man,the bear ate up the short man,0.6508859992027283,the bear could talk to the people,0.44696658849716187
337,selfish,good-looking,0.4,helpful,0.39701682329177856
338,The bear bit the short man.,The tall man didn't help the short man.,0.5778855681419373,The tall man forgot his promise to the short man,0.5466791391372681
339,Wind causes most waves.,Wind causes some waves.,0.6382984714520402,Only wind.,0.4968641167378847
340,The water of a wave remains almost at the same place.,The water of a wave moves away across the sea.,0.5358024238392198,The water of a wave goes with the passing of the wave.,0.5273382619372772
341,The wavelength of Wave 1 is longer than that of Wave 2.,The wavelength of Wave 2 is longer than that of Wave 1.,0.6878759836031896,The wavelength of Wave 1 is 10 times longer than that of Wave 2.,0.5877729711661535
342,scientist magazine,fashion magazine,0.625395170398364,music magazine,0.5809994949547428
343,You might do better,You are sure to do better,0.5615489482879639,You're sure to fail,0.3270687460899353
344,upset,afraid,0.39619576930999756,calm,0.36328399181365967
345,feelings,Weather,0.3556823846301386,health,0.29421726995049235
346,Hopelessly.,Strictly.,0.39730584621429443,Patiently.,0.3543889820575714
347,Brett changed a lot after he went to a boarding school.,Brett came to live with the writer when he was 18.,0.41619759798049927,The writer stopped parenting Brett when he caused so much trouble.,0.37921085953712463
348,Love is action.,Love is surprise.,0.6098089218139648,Love is everywhere.,0.5865357518196106
349,She often appeared on television.,She learned dancing and singing.,0.3321080207824707,She lived in New York.,0.29901278018951416
350,In 1995,In 1999,0.4,At the Cosby Show,0.3397669792175293
351,She has opened her own studio.,She made her first film The Nanny Diaries.,0.29702842235565186,She has recorded all her songs herself.,0.2921707332134247
352,at a restaurant,at school,0.3254835307598114,at home,0.3233962953090668
353,hot,cold,0.42498600482940674,cool,0.3478139042854309
354,Tears ran down his eyes.,Jim was sad.,0.27813348174095154,He thought of his father.,0.2752438187599182
355,he wanted to taste   the mustard,he knew the mustard was hot,0.39911097288131714,he was hungry,0.3025040626525879
356,angry with Jim,thankful to Jim,0.4934314787387848,going to hang Jim,0.44765323400497437
357,She had a toothache.,She had a headache.,0.39027267694473267,She couldn't eat any sweet food.,0.38673174381256104
358,a hole in one of her teeth,a big hole and a small hole in her teeth,0.5610783100128174,some holes in her teeth,0.4823044538497925
359,likes having sweet food and milk,likes eating sweet food and drinking sweet milk,0.7172595262527466,doesn't like having any food or drink,0.57237708568573
360,is good for our teeth,isn't good for our teeth,0.7384105324745178,is only good for children's teeth,0.5954715013504028
361,The dentist filled the writer's bad tooth.,The dentist filled all the writer's bad teeth.,0.674864649772644,The dentist pulled the writer's bad tooth out.,0.6642798781394958
362,family,friends,0.3185901641845703,teachers,0.3124913275241852
363,His grandfather,His father,0.31908541917800903,His mother,0.3190354108810425
364,he didn't mind it.,Jimmy was in bed,0.2384883463382721,Jimmy only played in the evening,0.21594947576522827
365,didn't like the noise at all.,enjoyed listening to the sound of the drum.,0.3519103527069092,liked Jimmy very much.,0.29324549436569214
366,stop him making noises,make a noise on his drum with a knife,0.29728758335113525,show him how to hit the drum,0.2771570384502411
367,he was in great fear of it,he didn't want to read any more,0.32763946056365967,he wanted to praised her daughter,0.2533343434333801
368,he knew children saw only excellence in the world,he wanted to teach everything to her,0.3595080176120188,his daughter couldn't follow him at all,0.3419701806623161
369,the girl seemed to understand what her father said,the father was good at raising snakes,0.47799962759017944,the father liked the snake skin better,0.4625750780105591
370,enjoyable,comfortable,0.381902813911438,hard,0.37149596214294434
371,Reaching the Top of the Mountain,Standing at the Top of the Mountain,0.6784636974334717,How to Get to the Top of the Mountain,0.6498510837554932
372,"In the 1960s, in New York, young people wanted to say no to the rules through graffiti art.",Young people all think street art is very beautiful new culture.,0.49953022599220276,Swoon enjoys working indoors and the people in New York like her works.,0.4978802502155304
373,they want to express their feelings freely,they want to let more people know them,0.47970205545425415,they enjoy learning different cultures,0.32520246505737305
374,street art is drawing more attention,street art is developed in the museum,0.5598930716514587,all people are interested in street art,0.5545027256011963
375,know about Michael Jackson and his music,enter a college,0.3439643688962448,sing English songs,0.2563269409869535
376,Pronunciation.,Grammar.,0.3530440937093151,Listening.,0.33841743589076334
377,Joining an English club.,Listening to music.,0.337230521076582,Reading a lot.,0.3220937297908727
378,hard-working,sad,0.23005088807505347,lonely,0.17833536743418976
379,his experience in learning English,the importance of learning English,0.6180359606593316,ways to remember words,0.32329985920515114
380,bats use reflected sound to fly and get food,whales don't use reflected sound as they live in the sea,0.535925567150116,people haven't made use of reflected sound yet,0.5105259418487549
381,a roll of cardboard,a long piece of silk,0.36958828568458557,a long piece of wood,0.36918389797210693
382,He goes to a washroom.,He goes to a hospital.,0.5794413089752197,He goes to a mall.,0.5791062712669373
383,A student.,A teacher.,0.3442932069301605,A policeman.,0.2418406456708908
384,Near a shop.,In the hospital.,0.30900102853775024,In the school.,0.2763710916042328
385,"Yes, a woman worker sees it.","Yes, a man doctor sees it.",0.557380199432373,"No, no one sees it.",0.4580278992652893
386,A boy does something good.,A child plays in the street.,0.3591996431350708,A school bus driver.,0.32333147525787354
387,7,8,0.5176637385809801,6,0.4905720843869699
388,male woman,female man,0.35516440237568314,tuhao,0.2555634173149781
389,Renjian buchai comes from an article written by a pupil.,"If my classmate Tom buys an iphone 5s,he can be called Tuhao.",0.384640487685717,"If the top one student Tina failed the English exam,""wo huodai"" could describe her classmates' feeling.",0.3587740061076849
390,"2,500 years ago","3,000 years ago",0.855392336845398,"2,000 years ago",0.855392336845398
391,thinker,fighter,0.4,leader,0.37754714488983154
392,"Be strict with others, but be kind to yourself",A kind person should care others,0.5640122890472412,young people should take care of the old,0.3393450081348419
393,on the Internet,in the library,0.3577619791030884,on TV,0.33391040563583374
394,Promoting mankind's health,Making contribution to the country,0.3295024037361145,Discovering the artemisinin,0.31161025166511536
395,A scientist should devote into scientific research no matter what kind of background he or she comes from.,We'd better have a name came from the Classic of Poetry,0.3843066692352295,"The artemisinin can reduce the death rate of malaria, minimize patients' suffering and promote mankind's health.",0.2858993219280233
396,Simon,Jack,0.3808496594429016,Amy,0.3134300410747528
397,Sandy,Amy,0.32466045022010803,Daniel,0.32363376021385193
398,"A purple scarf, a purple shirt, and white trousers.",Black trousers and a white blouse.,0.5252169370651245,A blue and yellow T-shirt.,0.40559467673301697
399,Shanghai,Beijing,0.4201233386993408,Hong Kong,0.3885447084903717
400,a hamburger,chocolate,0.4468837380409241,an ice cream,0.43429797887802124
401,A teacher.,A doctor.,0.3450637757778168,A driver.,0.2976047396659851
402,Interesting.,Bad.,0.3519425094127655,Boring .,0.29089292883872986
403,To speak Chinese well.,To get fat.,0.35832640528678894,To have more friends.,0.3308149576187134
404,She fell in the water,She was thirsty,0.39168975609126333,She was eating,0.3431334493828921
405,She wanted to swim to the bank,She wanted to catch a fish,0.4884782052358084,She wanted to look for something,0.4802077875047214
406,A bird,Herself,0.4,A man,0.3494656872003291
407,Nothing,Some clothes,0.32291414683352226,A pair of shoes,0.3091160634514057
408,His foot was bitten by the ant.,He didn't like to hurt the bird,0.3079044430538537,He couldn't use the gun,0.2994449794925724
409,Twenty,Ten,0.4081687331199646,Fifteen,0.38660818338394165
410,"Yes, there is","Yes, there are",0.9158774614334106,"No, there isn't",0.4
411,"Yes, there are","No, there aren't",0.4,There is one,0.3559916615486145
412,Four,Three,0.4110056757926941,Five,0.37108176946640015
413,nine hundred,eight hundred,0.5987417697906494,two hundred,0.5953621864318848
414,money will never be enough for them,making money can make them very happy,0.39417070150375366,they want to change their lives,0.31684592366218567
415,began to write,had a lot of readers,0.27153581380844116,made lots of money,0.2706790864467621
416,Readers can read the writer's articles on Zen Habits.,Success is very important to the writer.,0.44767436385154724,"The writer thinks if people want to own success, they should try many ways.",0.4077001214027405
417,success,business,0.3593265414237976,happiness,0.3331880271434784
418,is studying in a university,is a sports girl,0.31452347763191335,is in the sports club,0.3098087788497659
419,in New York,in Beijing,0.35500677831513744,in England,0.3397911684519159
420,faces the challenges  bravely,was always smiling,0.4327183278609311,was hurt badly,0.37216049524256833
421,An Able Girl,A Sick Girl,0.6275384963457995,A Beautiful Girl,0.6254308094095132
422,His car broke down.,He lost his way.,0.3366312548775724,He was in danger.,0.33391389958206935
423,help other just as she did,give her some money,0.3220494248321565,get on her bus,0.2961838956470951
424,Passing help,A kind woman,0.3667899241488646,A broken car,0.35632063628940713
425,In 1965.,In 1978.,0.4,K is not mentioned.,0.3188624786112351
426,Britain's Got Talent,The X Factor,0.30867934226989746,Strictly Come Dancing,0.3060588240623474
427,Opportunity Knocks is still on television now.,The winners of Britain's Got Talent can perform for the Queen.,0.3448444484419326,"If you want your dog to have a performance, you can go to Britain's Got Talent with it.",0.3344041109085083
428,American,Chinese,0.37076109647750854,Japanese,0.349065363407135
429,in the dining room,in hotel,0.4184163212776184,in the hallways,0.4
430,"Yes, she does.","No, she doesn't.",0.4,I don't know.,0.35961970686912537
431,She does her homework.,She watches TV.,0.37275969982147217,She helps her mother.,0.3561667799949646
432,She reads some books.,She watches TV.,0.3631458878517151,She sings a son,0.29650959372520447
433,At Tom's house,At Ann's house,0.5258445739746094,At the video house,0.5170637965202332
434,Play basketball,play soccer,0.6300253868103027,Play baseball,0.6077086925506592
435,T-shirt,Jackets,0.20299959182739258,dress,0.16341593861579895
436,Every Tuesday and Friday afternoon.,Every Thursday and Tuesday afternoon.,0.6758894920349121,Every Tuesday and Wednesday afternoon.,0.6639565229415894
437,Because she wanted his fishing rod,Because she wanted to learn fishing skills,0.5427531599998474,Because she didn't like fish.,0.3525858521461487
438,silly,hardworking,0.34036439657211304,smart,0.33512961864471436
439,"""fishing skills"" are more important than ""the fishing rod"" in life.","""the fishing rod"" is more important than the fish that people catch",0.5637539029121399,"if you have a ""fishing rod"" in your life, you won't be afraid of anything.",0.5587529540061951
440,The Fishing Rod,The fishing Experience,0.5810104608535767,The Fishing Man,0.580079197883606
441,Three hours or more.,Two hours and a half.,0.508713960647583,Half an hour.,0.3356611132621765
442,swimming,listening to music,0.36460399627685547,walking in the garden,0.3508659899234772
443,study hard and had fun swimming,was free all the time,0.3036796450614929,thought time flew,0.293412446975708
444,The writer began studying as soon as he got up.,The writer made progress in his lessons.,0.45182496309280396,The writer spent some time swimming in the afternoon.,0.4297870099544525
445,many photos and pictures about the Long Match.,many books on the Long March.,0.49405354261398315,many articles written by famous writers.,0.4557979106903076
446,walking with visitors,Riding bicycles,0.42387717962265015,Blowing a mouth-organ,0.4005850553512573
447,more than 120 yuan,100--120 yuan,0.6721047759056091,less than 80 yuan,0.5944740772247314
448,The old man could see nothing.,The old man was deaf.,0.4594537317752838,The old man took care of flowers every day.,0.3911149501800537
449,All the above.,Because he liked doing it.,0.21917514503002167,Because it can make him happy.,0.1948474496603012
450,He used to be a gardener.,He was a musician.,0.4,He was very happy.,0.305156946182251
451,One kind of Happiness.,Beethoven's life.,0.39302653074264526,The blind and The deaf.,0.3476254343986511
452,Four.,Three.,0.4140426516532898,Five.,0.3998739719390869
453,They come from America.,They come from China.,0.6286706328392029,They are from England.,0.35961681604385376
454,She is eight.,She is four.,0.4085516929626465,She is sixteen.,0.3006995916366577
455,"Yes,I think so.","Yes,he doesn't.",0.638496994972229,"No,he doesn't.",0.4
456,She is playing with her toys in the study.,"She is playing with her brother,Mike.",0.45421382784843445,She is studying in her bedroom.,0.3534601628780365
457,a meeting would be held,all the hotels were too small,0.3454069495201111,the weather was not so bad,0.3029707670211792
458,in the young man's room,in an other hotel,0.3180168867111206,in the hotel,0.3180168867111206
459,the couple thought too much of it,he knew the old couple were poor,0.3638686537742615,he didn't like the gift,0.35616356134414673
460,a five -star hotel,lots of thanks,0.2992441654205322,lots of money,0.2719881236553192
461,we should be kind-hearted to others,we'd better be polite to old couples,0.3180292248725891,old couples are rich to help young people,0.2676992118358612
462,in a cold winter,on a rainy day,0.3155539631843567,when the husband lost his work,0.2511587142944336
463,he always worked with no care of her,he didn't have enough money,0.35414913296699524,he didn't look after her parents,0.3480616807937622
464,he wanted to make the bathroom warmer,he was tired and wanted to sleep earlier,0.4060726761817932,he wasn't as strong as before,0.38253164291381836
465,the man loved his wife very much,the man was poor before,0.501876711845398,the woman had no job,0.40334612131118774
466,Because he has no ears.,Because he has no eyes.,0.3863148093223572,Because he was very short.,0.33167576789855957
467,The passage mainly tells us how the boy succeeded.,Real beauty lies in the heart.,0.35548636317253113,Real love lies in what that is done but not known.,0.35301458835601807
468,by bus,by jeep,0.4,by bike,0.39021193981170654
469,a woman with a big dog,a dog,0.5387542247772217,a conductor,0.37038522958755493
470,the dog is not clean,the dog isn't mine,0.4824411869049072,the dog is big,0.4812571108341217
471,it is a rainy day,no one is on the bus,0.27921614050865173,the dog can sit,0.20947027206420898
472,the dog must not sit on the chair,the dog can sit here.,0.5606995820999146,the dog must like a man,0.5300993919372559
473,loud sound that people don't want,terrible sound,0.4725843203789467,any kind of sound,0.47110707954807296
474,A decibel is a unit that measures sound.,A person who hates sound belongs to decibels.,0.49571827166025206,"In fact, a decibel is also a kind of noise.",0.4239685151509456
475,cause a loss of hearing,improve people's hearing,0.45968750560066013,stop machines,0.35986162117956233
476,noise is a serious problem,noise is only from traffic,0.5076008861970313,rock music doesn't belong to noise,0.41055016170761094
477,Ann and her dad.,Ann and her mom.,0.5620370507240295,Mary and her dad.,0.5614923238754272
478,9,8,0.48160266876220703,17,0.39734458923339844
479,"In the United States, dads take their kids to watch movies more often than moms do.",Ann watches movies every day.,0.3804740011692047,"In the movie Epic , Mary was interested in looking for Leaf Men.",0.3551591634750366
480,made it impossible for him to move freely,made him have fewer friends than others,0.45602182010305314,made him feel down all the time in his life,0.4389266703520125
481,Two.,Four.,0.4303392741647265,Three.,0.4264128089504984
482,going to the school lab to do the experiments,completing his project work quickly and correctly,0.34332940530481615,taking part in all competitions and all activities,0.34221031730915225
483,express his thanks to his teachers and friends,tell us how lucky he is,0.36274582630550023,get understanding and care from more people,0.33982991720588507
484,find food more easily,find beautiful places,0.4494418222901837,give birth,0.3573043163746004
485,salt water,fresh water,0.629256914980012,rivers,0.3683949698504375
486,the place get too crowded,the weather is bad,0.36064471770916584,they give birth,0.3208323147028094
487,at a certain time,to the sea floor,0.32613812381580076,to the fresh water,0.3189029399820147
488,"Sometimes we know why and how living things move from one place to another, but sometimes we don't.",Living things move from one place to another because they like to travel.,0.6358877169802174,Animals move in order to find food more easily.,0.3846951548907751
489,a magazine,a science book,0.4388686418533325,a story book,0.40246471762657166
490,feel nice,be special,0.3405749201774597,be sure,0.3244621157646179
491,Stay out alone.,Try to be kind to others.,0.3132699728012085,Try to write down anything you want.,0.28591984510421753
492,Six Ways to Feel Good about Yourself,It's Never Too Late to Learn,0.3552929759025574,Always Smile to Your Life,0.35237064957618713
493,A movie.,A song.,0.4437776207923889,A comic .,0.41889703273773193
494,In a forest.,On a farm.,0.3710532784461975,On the sea.,0.36733269691467285
495,get his kitty down from the tree,feed the kitty,0.49298264396448155,persuade his kitty to come down,0.4556857185181412
496,A flying cat,God sent her a cat,0.514358401298523,A lucky girl,0.35616615414619446
497,"A predator can eat other animals, but also can be eaten.","A predator not only eat animals, but eat grass.",0.6202976502535851,A predator kills and eats other animals as prey.,0.5155612105320808
498,Because sharks can sense electrical currents( )from other animals' bodies,Because sharks have smooth bodies.,0.46166190949496766,Because sharks never really sleep and never stop hunting.,0.4063827934708484
499,food and fun,food,0.6046594180334754,Sharks' fins,0.2629242757374304
500,some people.,the sharks.,0.2216760326331705,the tigers.,0.18407317953557348
501,An American.,A Chinese.,0.3769573740370565,We don't know.,0.34280712594977353
502,indoor tennis,our-door tennis,0.6062854955502168,table tennis,0.5850919295822997
503,Interesting.,Terrible.,0.3422743050412642,Moving  .,0.33594203313587634
504,made of cork or rubber,made of wood,0.6116157061782472,covered with rubber,0.45254809003473667
505,sound,place,0.4152877530000646,size,0.3610154708300152
506,New York,Paris,0.37534624338150024,London,0.33773505687713623
507,seven,eight,0.4327070116996765,five,0.4009585380554199
508,art,music,0.3549891710281372,English,0.2924252450466156
509,painting nice pictures,playing beautiful music,0.35872405767440796,showing their drawing skills,0.34446796774864197
510,Painting for the Festival,Showing her skills,0.3500153124332428,Joining the club.,0.29348284006118774
511,the pea,both the pea and the nut,0.5046528577804565,neither the pea nor the nut,0.46447819471359253
512,The peanut was first found in South America.,Nomads always stayed in the same place.,0.3825956881046295,China grows fewer peanuts than the US.,0.33895739912986755
513,To let us know more about peanuts.,To tell us some new uses of peanuts.,0.47581177949905396,To advise us to use more peanut products.,0.4056052565574646
514,Haibao is an animal living in the sea near Shanghai.,Haibao is the wisdom of two artists.,0.45163533091545105,School children like Haibao.,0.39228472113609314
515,"Better City, Better Life.","Shanghai, An Open City.",0.3959779739379883,"One China, One Family.",0.2828064560890198
516,In 1621.,In 1921.,0.4,In 2012.,0.1687741091986742
517,eating turkey and having a special party with the family,cooking dinner,0.39124806562558057,doing things for others she likes,0.34602079378232264
518,the live turkey ran away before they killed it,they didn't like eating turkey,0.3480385270735752,chicken was delicious,0.2964476017132743
519,Helping him try new things,Often helping Ryan with his homework,0.42871271816282386,Teaching very well,0.3612476785024264
520,Opinions About Thanksgiving,How to Eat Turkey,0.4521235440461601,How to Thank Others,0.3950557032934837
521,he was helpful to their business,he was ready to help others,0.37314844169876676,he was friendly to the shopkeepers,0.3141803268338835
522,he went to ask the doctor for help,he didn't go to dinner,0.3949204694214229,he had to take much medicine,0.37987915442809406
523,to die,to stop working,0.3538936379506171,to be thin,0.33646598392141924
524,The doctor told Mr.Jenkins not to go to dinner.,The doctor told Mr.Jenkins to do some exercise.,0.6107200906297741,The doctor told Mr.Jenkins to move his head.,0.5863749794805985
525,teenagers,parents,0.3287396734532738,policemen,0.3007756785352086
526,improve the quality of school life,improve students'marks,0.46766571140377133,organize sports activities,0.33369036647699457
527,everyone can give help to others,everyone needs to make some friends,0.4391686555918079,everyone may have problems,0.4044675674458588
528,talk to the director of the plan in your grade,get good marks,0.35830525234692634,check the web sites,0.3348162212393274
529,the school,the plan,0.2758596670609252,the website,0.2698441934351402
530,they preferred to learn by themselves,their teachers didn't like their new ideas,0.331010103225708,they needed standard ways of teaching,0.32076913118362427
531,we should get answers from facts,an expectation can help get an answer in research,0.423818975687027,we can believe what we are taught,0.3343173563480377
532,"""Philae"" landed on Comet 67P with a little luck","it took ""Philae"" 20 years to reach Comet 67P",0.5213770270347595,Comet 67P is not far away from Earth,0.4889088273048401
533,Lessons for success,Lessons for experiments,0.5700613856315613,Ways of discovering,0.29691219329833984
534,who pays for the meal,how to eat out,0.39246511459350586,where to eat out,0.39246511459350586
535,you'll have a cheap meal,you'll not pay for your meal,0.5303424596786499,you'll borrow some from others,0.3376699686050415
536,the person wants to pay for both of you,the person wants to lend some money to you,0.5698673725128174,the person will be angry with you,0.5476241707801819
537,asked men to pay for their meals,tried to pay for the men's meals,0.6360752582550049,tried to pay for their own meals,0.5621913075447083
538,friends,teachers,0.3135266900062561,sisters,0.2866590917110443
539,an American boy,an English boy,0.513141393661499,a Japanese girl,0.362165629863739
540,a new watch,an old watch,0.6246602535247803,a nice clock,0.40699827671051025
541,puts his clock on his desk,wears his clock every day,0.4736695885658264,wears his new watch every day,0.33069509267807007
542,in the same row,in America,0.32672327756881714,in different classes,0.22879424691200256
543,A teacher.,A student.,0.37764912843704224,A manager.,0.2720383405685425
544,They were afraid of falling down.,They didn't understand Marrie.,0.37686143672504135,They thought the floor was dirty.,0.36501744389533997
545,Quiet but brave.,Careful.,0.3482259213924408,Active.,0.3422039747238159
546,The other students caught her.,She fell on the ground.,0.3381507992744446,Only the writer helped her.,0.298896849155426
547,They felt they could trust each other.,They could stop the game finally.,0.48316481709480286,They thought they won the game.,0.35713833570480347
548,Be careful,Come out and have a look,0.29459330443995657,Put your head out and look outside,0.2670543069620437
549,All the sailors to come up to deal with  some trouble,All the sailors to put their hands on the deck,0.3292280394917932,Everyone on ship to gather  on the deck,0.2538698687594522
550,He has not got up yet.,He's not back yet.,0.47978480291101266,He has not risen to his feet yet.,0.43116993302473705
551,He was in his bedroom.,He was in the bathroom.,0.40151298758648757,He was at work.,0.3537662909132588
552,They knew nothing about the English idioms.(\),They were not sure about the English grammar.,0.44035618763952566,English is too difficult to understand.,0.4397826728840474
553,His ship had an accident at sea.,He tried to test his skills to live there.,0.3275997042655945,His friends left him on this island.,0.3152962625026703
554,He built a house to save himself first.,He did something to enjoy himself there.,0.3750686049461365,He tried every means possible to call for help.,0.3453425168991089
555,a fire happened on the island,he made a fire as a signal to call help,0.43295130133628845,they found some food on this island,0.4274493455886841
556,A bad thing can turn into a good one.,Accidents always mean good luck.,0.4666432738304138,Everything can go well in the end.,0.3400612771511078
557,London.,Beijing.,0.3340108394622803,Sydney.,0.29220038652420044
558,Two.,Three.,0.4269963502883911,Four.,0.3912585973739624
559,Singing and reading.,Playing football and basketball.,0.38629060983657837,Playing chess and skating.,0.35958123207092285
560,8:00 in the moming,8:00 in the aftemoon,0.4,10:00 in the morning,0.17258450966492309
561,every day,twice a day,0.5959882374020414,on sunny days,0.37888334601604007
562,3 dollars.,6 dollars.,0.5831508860473367,8 dollars.,0.5597665170296867
563,The zoo has longer business hours on Saturday and Sunday than on other days.,Those over 18 have to pay 17 dollars to go into the zoo.,0.44387509864955565,You can not take a train ride in the zoo for 2 dollars per person on weekdays.,0.42149546571971486
564,4 dollars.,3 dollars.,0.5607542322802723,7 dollars.,0.5575391738359827
565,How to be green.,How to burn things.,0.3194226622581482,How to produce things.,0.29942071437835693
566,You can use them again.,you can throw them away.,0.305480420589447,You can change them into something else.,0.28328564763069153
567,"reduce,reuse and recycle","reduce, waste and recycle",0.6111738085746765,"waste,reuse and recycle",0.6013608574867249
568,a magazine,a storybook,0.4,a dictionary,0.35110777616500854
569,her friends,some neighbors,0.30490654706954956,her husband,0.239985391497612
570,did not want to make the baker feel scared,wanted to look at herself in the mirror,0.34496480226516724,wanted to give her husband a big surprise,0.306602418422699
571,Nancy's husband was so scared that he lost his sense.,Nancy went to the party with her husband happily.,0.49562010169029236,Nancy's husband was angry with her and left home alone at once.,0.488399863243103
572,A ghost at home.,A poor baker.,0.35397493839263916,A happy husband.,0.3528047204017639
573,in the mountains,near the sea,0.3776988983154297,in a big town,0.3255442678928375
574,They did not want him to get hurt.,His uncle wanted to see him.,0.315454363822937,He was a naughty   boy.,0.29034969210624695
575,He was not used to children.,He was an old man.,0.30062066257393727,He had never met Jonny before.,0.25690000807398905
576,The boy was more trouble than an earthquake.,There was an earthquake in his town.,0.4580865502357483,Johnny was not happy with him.,0.2603594660758972
577,on the beach,in the park,0.34490203857421875,at home,0.32376933097839355
578,playing volleyball;swimming,playing basketball;singing,0.5860263109207153,staging;dancing,0.4351934298673489
579,tired,sad,0.4148234724998474,cold,0.34746795892715454
580,Some people are taking photos.,Some people are taking a sunbath.,0.6303861737251282,Some people are swimming.,0.4679156541824341
581,cook some dishes with parents,add some things to the food,0.3570089042186737,get a lot of indoor exercise,0.3135548532009125
582,health,food,0.35554689168930054,society,0.28500109910964966
583,giving examples,having interviews,0.4,making a survey,0.3522797226905823
584,some ways to stay warm and have fun in winter days,the changes of the weather in winter days.,0.5285443663597107,the reasons why people in the US easily get sick in winter,0.3713448643684387
585,an online shopping site,an online shopper,0.5290378838705976,a shopping mall,0.4726831657956794
586,get some money and help poor children go back to school,teach poor children,0.5147536993026733,visit some schools,0.3382391333580017
587,the Chinese under-17 football team won the championship for the first time in 12years,the Chinese under-17 football team won the world championship,0.6103304394795872,the Chinese football team is No. 1 in South-East Asia,0.5617793586416038
588,Mrs Green,Mrs White,0.595803439617157,Mary's friend,0.2364238053560257
589,Thirteen,Twelve,0.40804529190063477,Fourteen,0.3903663456439972
590,Twenty,More than twenty,0.7360533475875854,Less than twenty,0.5594174861907959
591,All of above,Bananas,0.16680578887462616,Apples,0.1530637890100479
592,"A, B and C",plants and trees,0.2545621991157532,the oceans,0.21232649683952332
593,"More and more CO
2goes into the air because of people's activities.","Forests can not take in CO
2any more.",0.41266226606171696,People use up useful gases.,0.3938104850156792
594,5,2,0.4345611333847046,6,0.431054949760437
595,Bill,Jack,0.32357752323150635,Frank,0.3019562065601349
596,An ad,A magazine,0.4145837426185608,A show,0.35172656178474426
597,Ten,Five,0.4124019742012024,Seven,0.3960915505886078
598,Nine thousand dollars,Nine dollars,0.659569263458252,Ten thousand dollars,0.6420642137527466
599,A bird with a card,A song,0.36448365449905396,A joke,0.35893410444259644
600,the kind minister,the bad minister,0.5025578141212463,himself,0.4
601,The bad minister .,The kind minister.,0.5111678838729858,The king.,0.31502747535705566
602,live,run,0.3293278217315674,give it back,0.32116732001304626
603,the bad minister hated the kind minister and wanted to kill him,The kind minister didn't want it,0.5042610168457031,the bad minister couldn't write the word,0.4642011523246765
604,The bad minister,The kind minister,0.5134508609771729,The king,0.3346264362335205
605,Three.,Two.,0.41020190449021693,Four.,0.38572599625465087
606,Carrying a map.,Carrying a pack.,0.5826263654523255,Carrying food,0.510990939049204
607,in the parks or on the sidewalks,in the parks or in the zoo,0.4996631789747295,with backpacks on their backs,0.36599270544094287
608,be safe,buy some food,0.3037084288465586,talk with,0.28434243160485284
609,all of the above,forest,0.21074703925506438,mountains,0.15728620585500658
610,England,Africa.,0.48321504714998054,Canada.,0.4349131823897694
611,Bone.,Meat.,0.4099412809667763,Fish,0.3876965059497451
612,Seven,Eight.,0.4096039421989762,Six,0.3684439911936171
613,It meets him in front of the house.,It runs with him.,0.34600859427902375,It eats with him.,0.3064520340404518
614,The dog.,The panda and dog.,0.5492495020249774,The giraffe.,0.35881574024710816
615,All above.,Basketball.,0.12783201038837433,Football.,0.12275757640600204
616,"No, they don`t.",We don`t know.,0.2636721730232239,"Yes, they do.",0.19916339218616486
617,Handsome,Interesting,0.3739892840385437,Exciting,0.33907920122146606
618,Because sports are interesting,Because sports are exciting.,0.487890362739563,Because many tennis players are beautiful girls.,0.3310873806476593
619,a monster,a person,0.37594786286354065,money,0.3184216618537903
620,Before he married his wife.,After he got married.,0.5576635003089905,After he got a new bed.,0.3249681293964386
621,$150.,$175.,0.4,$300.,0.3707122802734375
622,Having no space under the bed.,Sleeping with the light on at night.,0.35563525557518005,Medicine from the doctor.,0.32642805576324463
623,Because Mr Dodd was Mrs Black's family doctor.,Because Mr Dodd was Mrs Black's friend.,0.5132930874824524,Because Jake believed Mr Dodd.,0.40863803029060364
624,She worried about her son.,She worried about her money.,0.5292850732803345,Mr black's son had a fever.,0.34512991430172063
625,Jake's problem was that he liked betting too much.,"The doctor himself liked gambling, too.",0.4232352614306858,Jake was badly ill and had to see the doctor.,0.40905439852931075
626,The doctor and Jake.,Nobody except the doctor.,0.5009313225746155,Nobody except Jake.,0.4056762754917145
627,An Unusual Bet,Horse Races Are Bad,0.4128086268901825,The Expensive Beard,0.37702876329421997
628,The shopkeeper.,The cat,0.34755027294158936,Mrs. Black's daughter,0.29114577174186707
629,The cat,Mrs. Black,0.31584668159484863,The shopkeeper,0.2797871530056
630,the note,the fish,0.3334907293319702,the cat,0.31842851638793945
631,The cat takes the fish away from the shop.,The cat takes the fish away from Mrs. Black.,0.6883116960525513,Mrs. Black and her daughter goes to a shop to buy a fish.,0.5003191828727722
632,Mrs. Black is foolish  .,The cat goes home with the two women.,0.3633456826210022,The daughter writes the note for her mother.,0.32940125465393066
633,beer,corn,0.38768055023480363,tomatoes,0.3682451771720322
634,a typical menu from a US school is made up of enough nutrition,you can have whatever you like in school canteens in Japan,0.412648469209671,many schools in Australia have traffic lights outside their schools,0.37115776538848877
635,Schools serve different foods from country to country.,Schools should try to satisfy the needs of students.,0.41145393883891157,Food served in the US is the best of a11.,0.3538696598138633
636,Students.,Headmasters.,0.4,Nutritionists,0.4
637,Because he is too busy.,Because he doesn't love them.,0.33859254113574166,Because he is a taxi driver.,0.3272349266765581
638,he doesn't like studying,he isn't clever,0.33992307763058105,he is too young to do it,0.3380023694048213
639,he didn't know how to write it,he forgot to write it before he went to bed,0.3621591803702237,they have the same mother,0.2793171881605683
640,Jenny is better than Henry at school.,The twins' father loves Jenny better.,0.5273832805804303,Mrs. Cook doesn't know Jenny and Henry are from the same family.,0.5045587149670769
641,We Have the Same Mother,Henry Copied the Composition,0.33113404052886714,The Twins,0.31148762045556155
642,In Google.,In Facebook.,0.3669400215148926,In Seastead Institute .,0.35762643814086914
643,a floating city,a theme park,0.40583252906799316,a fishing farm,0.3557511866092682
644,Friedman has got some supporters for his project.,Friedman has already won the Poseidon Award.,0.44859158992767334,Friedman is worried about the safety of seasteads.,0.4177481532096863
645,Seasteading: a new idea of living,Seasteading: a wild way of farming,0.4188864231109619,Peter Thiel: a man behind the project,0.3400512933731079
646,Rabbit,Monkey,0.3576191288177868,Horse,0.35537837047450255
647,kind,wild,0.36032779986915064,quiet,0.35596988544741376
648,fun,hard,0.3204946517944336,lonely,0.3022547960281372
649,The special gloves.,The water-shooting gun.,0.3516293168067932,Crumbs.,0.3276112973690033
650,By using a special water-shooting gun and a washcloth.,By eating bread.,0.4071366488933563,By wearing gloves.,0.39234626293182373
651,By doing exercise.,By taking a good rest.,0.3580443263053894,By taking medicine.,0.35288721323013306
652,They feel very lonely.,They have no friends.,0.38357996940612793,They have no families.,0.3101781904697418
653,few,no,0.4,a few,0.4
654,He is ready for anything he may meet.,He enjoys excitement while a business man does not.,0.290229142656408,He is not interested in money.,0.2686966938290618
655,adventure,wealth,0.4,a number,0.3535504736466519
656,grow embarrassed and reject the offer,accept the offer,0.4418017710966917,grow angry but  curious,0.4404621261791598
657,When they reach the end of a long quiet life.,When they are young.,0.34269168471791184,When it involves a beautiful lady or handsome man.,0.28964253712237065
658,show his beautiful heart,compare his heart with others',0.43256062912780446,give pieces of his heart to others,0.42170624776886867
659,a kind-hearted man,a well-known man,0.7010963883173182,a silly man,0.5088254676024583
660,moved,hurt,0.35414467066023736,lost,0.3047514662287939
661,he didn't expect others'return,he didn't think it serious,0.39579713280863854,he didn't feel pain,0.3766440189447106
662,love,ideas,0.3144044040982156,beauty,0.30631063712658957
663,both A and C,the forest and mountains,0.20976412296295166,The whole village,0.20897363126277924
664,in the boats,in the street,0.34466031193733215,in small shops,0.31567972898483276
665,forests and mountains,heavy rain,0.36654165387153625,small islands,0.3427537977695465
666,Bangkok,Austria,0.36831802129745483,Soll,0.3552558422088623
667,China,Canada,0.4199536442756653,Japan,0.3983989357948303
668,they can't take him,they want to sell him,0.3326109051704407,the shop is very good,0.29904329776763916
669,Monday morning,Sunday morning,0.5910671949386597,Monday evening,0.549491822719574
670,the dog barks all the time,the dog is quiet all the time,0.5962531566619873,his son tells him that,0.31953322887420654
671,Mr. Black brings the wrong dog home.,Mr. Black brings the dog back by bike.,0.671055793762207,Mr. and Mrs. Black get back home on Saturday.,0.583442747592926
672,She won't get to see her daughter before her death.,She will never leave her daughter far away.,0.3931087851524353,Her daughter has never said goodbye to her before.,0.35726815462112427
673,The woman's parents used to say it to others,It is used by children to show their love for their parents.,0.49005740880966187,The woman couldn't remember the details.,0.4007647931575775
674,Kind and selfless.,Careless and kind.,0.6174744413393893,Rich and weak.,0.2914273138853001
675,"How the writer got to know ""I wish you enough"".",How to start a talk with a person you don't know.,0.4395066499710083,How to see somebody off at the airport.,0.3689529597759247
676,The homework club.,Students and homework.,0.5737491846084595,Study and hobbies.,0.344233900308609
677,in the afternoon,in the morning,0.38843604922294617,at night,0.3863336443901062
678,Do their homework.,Watch TV.,0.34707164764404297,Learn to swim.,0.3197195529937744
679,All the US middle school students like the homework club.,The homework club is popular in the US middle school.,0.5514287948608398,The teachers in the homework club can help the students study.,0.46594691276550293
680,found people felt hungry during the long wait between the two meals,enjoyed chatting with her friends at home,0.34517496031414113,wanted to share nice food with her friends,0.33154780441090015
681,will be asked to have a chat with him or her,will be asked what you would like to drink,0.46081035726284925,will be offered coffee only,0.3189821739887525
682,English Tea and Coffee Culture,The Beginning of Tea and Coffee,0.5553255075555433,British and Chinese Culture,0.44665606514815653
683,often stay at home in the evening,often go out in the evening,0.5285758376121521,often go to the cinema in the evening,0.5050057172775269
684,Both Mr. and Mrs. Jones,Mrs. Jones,0.7263084650039673,Mr.Jones,0.4
685,a man running after a woman,a woman running after a man,0.7784461379051208,two women running,0.46652787923812866
686,neither the wife nor the husband  wanted to wash the dishes,the woman's husband was angry with her,0.3769257962703705,they tried to catch the car,0.3747100532054901
687,in the morning,at night,0.4536830484867096,in the afternoon,0.4226077198982239
688,key,map,0.41417190432548523,jacket,0.3538128733634949
689,blue,red and blue,0.5494725704193115,black,0.3530592918395996
690,Frank's,Alice's,0.31858202815055847,Grace's,0.31312257051467896
691,Thank you.,It's a pen.,0.3598315119743347,It's your ruler.,0.3122294247150421
692,improve the quality of school life,go to school on time,0.42361488938331604,organize the sports activities,0.3297209143638611
693,teenagers,doctors,0.32771337032318115,parents,0.32474303245544434
694,everyone can give help to others,everyone isn't busy,0.41277867555618286,everyone may have problems,0.3982003331184387
695,the school,the parents,0.33285683393478394,the director,0.27838271856307983
696,talk to the director of the plan in your grade,check the website,0.3935782313346863,go to the police,0.36529237031936646
697,Locusts can change their colors to protect themselves,Locusts are dangerous to their enemies,0.47390612959861755,Locusts are easily found by birds,0.45224761962890625
698,hide in the day time and appear at night,hide at night and appear in the day time,0.7943466305732727,move quietly,0.36308443546295166
699,their colors are much like the trees,they are very strong,0.36354923248291016,they live in forests,0.3155074715614319
700,they can give out a kind of liquid,they are strong enough,0.3200594186782837,they can change their colors,0.3074027895927429
701,The main use of colors for animals and pests,Animals on the land and in the sea,0.4700526297092438,The colors of the seasons,0.4565104842185974
702,jeans,clothes' history,0.3771175146102905,Levis Strauss,0.32851567709295154
703,when he was 44,when he was 24,0.41090582293229555,in 1924,0.38077217340337005
704,go to an important meeting,go to a trip,0.5455969572067261,have a party,0.36550381779670715
705,on school holidays,on weekdays,0.3823152780532837,every afternoon,0.3553592562675476
706,to help build new hiking paths in the mountain,to breathe the clean mountain air,0.4549520015716553,to live in a tent,0.3772895932197571
707,is 18 years old now,isn't very rich,0.3481593728065491,is good at sports,0.3120604157447815
708,Trish Anderson,Jason Moore,0.3769757151603699,Alice Hamiton,0.3574589490890503
709,Young American Volunteers,The Forest Center,0.3974025249481201,Reading for Life,0.3388749361038208
710,are playing an important role in China,have changed China's image,0.40216320753097534,are very good at writing,0.3613864779472351
711,When he was twenty-four.,When he was twenty,0.2212706059217453,When he was seventeen.,0.19358567893505096
712,Han Han's blog is very popular on the Internet.,Han Han was not liked by the post-80s generation.,0.4990452527999878,Nobody was surprised that Han Han left high school.,0.4202812910079956
713,"Han Han ,a popular post-80s writer.",Popular books written by Han Han.,0.6112378239631653,Blogging on the Internet.,0.38756483793258667
714,Drives a car.,Drives a bus,0.5158348935450507,On foot,0.38824929614852144
715,a man walking before a dog.,a man walking after a dog.,0.7235193971755675,a dog walking after a car.,0.5702109939097759
716,The car,Bob,0.29851596527136737,The man's friend.,0.2954861731967584
717,$30,$10,0.481985910786966,$20,0.44415720390553476
718,No one knows whose dog it is.,The dog is the man's.,0.5112000070223811,The dog is Bob's.,0.5026746987790792
719,you can study and play well,you'll be lazy,0.3312702178955078,you can have lots of friends,0.3150554299354553
720,have less time for sports,have more time for reading,0.45351696014404297,be more active,0.33208999037742615
721,get the nutrients their body needs,be thinner,0.3834211230278015,make themselves enjoy foods,0.33120638132095337
722,Because there is enough calcium in it.,Because most of them like it.,0.3322180509567261,Because they are always thirsty.,0.32538747787475586
723,Be a Healthy Kid,Be an Active Kid,0.5451403856277466,How to Eat,0.4089021682739258
724,the water drops to fifty degrees Fahrenheit,it dreams of calm water and plenty of food,0.4608445069963562,the days get longer and the nights come earlier,0.3167002656772374
725,moves it above the high-tide mark,finds a stick to mark where it is,0.47878123704732334,runs to find seaweed,0.3115865417138582
726,go home,go to school,0.5006229281425476,get up,0.30045193433761597
727,at home,on the bus,0.33424729108810425,at school,0.3145602345466614
728,speak English,sing,0.31314384937286377,dance,0.29178640246391296
729,singing,English,0.39518117904663086,soccer,0.3286474943161011
730,Mei Yangyang has many nice skirts.,Nuan Yangyang does homework on Sunday afternoon.,0.4394286572933197,Lan Yangyang does the dishes at home.,0.4252941906452179
731,It grows quickly.,It's wood.,0.35853729019877467,It is very thin.,0.3550374110947656
732,in Europe,in China,0.4200881589162334,in Africa,0.3739980090567463
733,carry water,be trees,0.3138899443116463,make money,0.29994604819063536
734,Differences in culture,different floors,0.40483258889225626,Hiding the feelings,0.4014864626695872
735,a science magazine,a comic book,0.4034450054168701,a story book,0.3619358539581299
736,During the sleep.,Before going to sleep.,0.5681411027908325,In the daytime.,0.3803619146347046
737,on her stomach,on her back,0.31432417035102844,on her side,0.29532867670059204
738,Sleeping positions show people's secret personalities.,We have sleeping problems because of sleeping positions.,0.4869216902842417,Sleeping on your side is the best way of sleeping.,0.4031171180708277
739,America,France,0.4015010925500516,China,0.3913731236818606
740,English,P.E,0.4,Chinese,0.3098190676434574
741,Swimming and singing.,Swimming and running.,0.5881772389601433,Playing chess.,0.4187996212669969
742,Because they don't like them.,Because they like Chinese food.,0.41513712085681154,Because they are full.,0.2968527223961438
743,38,29,0.4532998204231262,30,0.3862931728363037
744,walking,riding,0.3963226079940796,running,0.38492751121520996
745,15,10,0.4159892201423645,17,0.3740180730819702
746,by bike,by car,0.37981587648391724,on foot,0.37108922004699707
747,by car,on foot,0.3810410499572754,by bike,0.34682607650756836
748,the same fruit can be grown in different places,freezing temperature are good for fruit,0.46167439222335815,fruits can only be grown near water,0.4483264088630676
749,different fruits grow in different weather,orange trees usually grow where it is cold,0.4261602759361267,the cold cannot kill oranges and apples,0.3583921790122986
750,The fruit we eat comes from many places in the country.,The Americans like eating oranges and apples better than any other fruit.,0.42934125661849976,The soil is about the same in all the states of the country.,0.4046170711517334
751,pilot,actor,0.3802793323993683,doctor,0.3585502505302429
752,The month after next,Next month,0.7175790667533875,A week before,0.37720614671707153
753,Stays at home.,Goes to work,0.36117255687713623,Goes to every country in the world with Nigel.,0.31600889563560486
754,"No, she isn't.","No, she is.",0.4,"Yes, she is.",0.24126453697681427
755,the ways to protect the environment,the changes to the climate,0.4218051483915149,some suggestions about cars,0.37827809326624295
756,turning off the electricity when it isn't needed can do good to the environment,electricity won't cause great trouble to our environment,0.4729519390918131,cars using less energy will not put greenhouse gases into the air,0.44126745277924806
757,A letter to his kids' school headmaster.,A warming notice from his kids' school.,0.5609732813736239,A three - day -trip to Boston with his kids.,0.462013585569799
758,He pulled his kids out of school during the school time.,He didn't allow his kids to take an important test.,0.38584088860204,He invited his young kids to watch a marathon race.,0.3742352345074299
759,express his different understanding of education.,"say sorry to the headmaster, Mrs Marbyry",0.2864640317746178,beg the school not to punish his kids,0.28111431385057384
760,He wanted them to learn to love and care for poor people.,He wanted them to learn from those great pioneers of America.,0.5052134631039229,He wanted them to pay more attention to PE at school.,0.3769379674195395
761,Learning can take place outside the classroom.,Students are not supposed to take so many tests.,0.4621731917372023,The school is a better place for students to learn .,0.44806711826237205
762,Sports,TVs,0.33155882358551025,Telephones,0.29985785484313965
763,Both B and C,change sports rules,0.3539430499076843,watch sports matches,0.3345649242401123
764,sports matches,World Cups,0.3631109595298767,car races,0.34895938634872437
765,win games,make money,0.3412816822528839,keep healthy,0.30308377742767334
766,There aren't sports matches nearly every year.,Sports are popular all over the world.,0.4234098792076111,Sports stars are very popular with students.,0.4210975170135498
767,He made the best falconer train them to fly.,He set them free and let them fly in the sky.,0.42668071826559706,He sent them to a farmer in the forest.,0.29597737996532547
768,Because he wanted the other falcon to fly.,Because he wanted to get more falcons.,0.4754073580517396,Because he wanted them to see his falcons.,0.46578920423464987
769,The farmer.,The king's son.,0.34049430825305504,The king.,0.32859324053386807
770,Excited.,Moved.,0.35834152012850096,Relaxed.,0.3443201745047153
771,The Flying Wings.,The Nice Falcons,0.3712007414037143,The Wise King,0.36751622069242107
772,He stole them from the car.,He found them lying in a quiet street.,0.35124055598954684,He bought them from Henry.,0.30060471835280683
773,by fooling the man into bringing the books to his house,with the help of the bookstore,0.3384683869794822,with the help of the City School,0.33389805065353906
774,in the newspaper,at the book store,0.29954181708516037,at the police station,0.2907735532272081
775,He was caught by the policeman.,He ran away.,0.3888988316541662,He was very clever.,0.36505590891361367
776,A clever man,Mr Henry Smith,0.3406268151826305,How Mr Smith Lost His Books,0.31888741964249817
777,Sam.,Both.,0.4,Mr Li.,0.299981696544794
778,Americans eat turkey while the Chinese eat dumplings,the Chinese eat turkey while Americans eat dumplings,0.7021371067329745,Americans have a special meal while the Chinese don't,0.45607229109630953
779,Interesting.,Exciting.,0.39777966907421414,Different.,0.3381413847589859
780,24,10,0.3633143901824951,31,0.35735028982162476
781,China Yellowpages,World Wide Web,0.3296991288661957,Hangzhou Hotel,0.30521586537361145
782,Ma Yun chose Alibaba as the name because he liked the story of Alibaba.,He set up Alibaba Group.,0.40872710943222046,"Ma Yun was born on the 15th of October, 1964.",0.39938366413116455
783,in every room of the hotel,in the hotel dining room,0.6243161559104919,at the hotel bar,0.5626976490020752
784,dial 0 for Reception and ask to be connected,dial 0 and ask a staff to come,0.5811588764190674,make a call to public phones,0.3562389314174652
785,the hotel offers at least six kinds of services,it's not comfortable to stay in the hotel,0.47812098264694214,you can shop at any time inside the hotel,0.45794737339019775
786,drinking some water; medicine,drinking some hot soup; medicine,0.5287852213815266,Drinking some soft drinks; medicine,0.5228544752087623
787,Drinking some water after getting up in the morning,Drinking some water before going to bed,0.5148741954022682,Drinking some soft drinks after getting up,0.5003661925429818
788,wastes,oil,0.4165462581438865,fat,0.3575888122764852
789,about eight o'clock in the evening,about eight o'clock in the morning,0.5918691530832753,at night,0.3991469322777387
790,Scientific water drinking,The use of water,0.5094996740130205,Don't drink the boiled water,0.502579028143983
791,His legs got hurt badly in a car accident.,His legs got hurt badly in a skating accident.,0.6812187433242798,His arms were broken.,0.3908489942550659
792,It is a wheelchair basketball team.,It is a normal basketball team.,0.6674174070358276,It is a football team.,0.58125239610672
793,was much better than before,felt sorry for himself,0.3263687193393707,became sad and angry,0.30992844700813293
794,wanted to sell the trousers,wanted to buy the trousers,0.578472912311554,was trying to steal the trousers,0.42024222016334534
795,would give Tom two dollars,would give Tom six dollars and a half,0.5871943235397339,would pay three dollars,0.5107909440994263
796,he wanted to buy them cheaply,he wanted to sell them cheaply,0.6017512083053589,he didn't like the trousers,0.27754607796669006
797,had been the shop owner's,were stolen by Tom from the shop,0.4636429860142441,were hanging inside the shop,0.4305083155632019
798,Tom bought the trousers four dollars and a half,Tom sold the trousers one dollar and a half,0.5297847986221313,the owner bought the trousers three dollars,0.5179691314697266
799,it seemed a good way to start a stamp collection,she thought they were cheap,0.4050702452659607,she wanted to give them to her father,0.3477897644042969
800,a postal order,the credit card,0.32054853439331055,a check,0.3057558238506317
801,a month,4 months,0.33118802309036255,a week,0.3307929039001465
802,poor the company's service was,slow the postal service was,0.4685903888082139,expensive the stamps were,0.31015597006439044
803,two days,two months,0.620820164680481,a month,0.28758469223976135
804,she was late for class again,she was absent form science class,0.4712731984014009,she didn't clean up the classroom,0.3655591390842494
805,her friends would not be late,her friends would get points,0.563533198777232,she would not be punished,0.5077512047172487
806,she was able to attend the field trip.,she was not allowed to go to school.,0.3602000307771432,she was not understood by teachers.,0.34410122174779817
807,we should be responsible for breaking the rules,parents are always on our side,0.3788278363047254,we can be late for class if it is for a good reason,0.33713904364305247
808,when she was 50 years old,50 years ago,0.6525992177806705,in a city of Germany,0.30964266552641484
809,There were no evening classes near her home.,She had no free time during the day.,0.3969357092327546,She lived far away from school.,0.3560667080967398
810,grammar,listening,0.3479339799017557,pronunciation,0.34353156593242895
811,For 4 years.,For 2 years.,0.6461359717032749,For 6 years.,0.6268423381564997
812,You are never too old to learn something new.,Englishtown is a good place to visit.,0.3153679841884473,Studying English is not boring at all.,0.3139243176011418
813,5,4,0.4507787823677063,7,0.4440508484840393
814,it has long dark winters and long light summers,they know very little about the sun,0.29946085026558367,the sun there never goes down in winter,0.2988331035608368
815,Science,Sports,0.29669368267059326,News,0.27972304821014404
816,Different Ways to Tell Time,A Useful Machine to Tell Time,0.5392546653747559,How the Clock Was Invented,0.3496502637863159
817,he thought he was ill,something was wrong with his foot,0.3604609966278076,there was something wrong with his mouth,0.32645153999328613
818,He thought he knew the man's problem.,The man was slow in speaking.,0.38329559564590454,He really wanted to help the postman.,0.3202245235443115
819,did not have enough exercise,spent much time watching TV,0.3817983865737915,did not eat healthy food,0.3776918053627014
820,The postman sent letters on foot.,The postman went to see the doctor on foot.,0.4797358512878418,The postman lived near a train station.,0.47570350766181946
821,in the doctor's room,near the playground,0.3794631063938141,near the post office,0.3677067160606384
822,Keep some animals to protect them.,"Use the Internet, but keep away from bad thing",0.42475324869155884,Take care of yourself when you are out.,0.36667776107788086
823,be top students,do more at school,0.35180771350860596,use the Internet,0.35050898790359497
824,Playing basketball.,Playing football.,0.5933325290679932,Drawing.,0.36899858713150024
825,Andy and Kate.,Lucy.,0.36681145429611206,Peter.,0.3576894700527191
826,For more than 3 hours.,For seven hours.,0.5784845352172852,For half an hour.,0.3672909140586853
827,TV.,Sports.,0.34474384784698486,Art.,0.3023054301738739
828,A spaceship,A plane,0.35950222611427307,A bird,0.3370645344257355
829,Half man and half bird,Birds,0.3402974009513855,Men,0.2975118160247803
830,Answer some questions about the earth,Speak to them in English,0.40316030383110046,Find a new home,0.2961762249469757
831,To find a new home,To speak to Joe,0.29037410020828247,To take Joe away,0.2711338996887207
832,A lot of people on Venus are dying,It is getting very cold on Venus,0.44180208444595337,Not all the people believed Joe,0.4287974238395691
833,an artist,a driver,0.4041639566421509,a doctor,0.3574606776237488
834,4,2,0.5081274509429932,3,0.4567652642726898
835,240,180,0.4,480,0.2714354395866394
836,swimming,art,0.29623526334762573,the drums,0.27693212032318115
837,420,180,0.4,240,0.4
838,they have hands like people's hands,they like to watch how people live,0.48603670291132167,"they are small, cute and naughty",0.3213741799567803
839,How capuchin monkeys can help people do things.,Where scientists train capuchin monkeys to help people.,0.6148939632241602,When people found capuchin monkeys were helpful.,0.5872131093829376
840,he had a hard time choosing gifts,he spent too much money buying gifts,0.4422515034675598,he didn't enjoy receiving gifts,0.4247327744960785
841,couldn't afford a helmet,were well dressed,0.33431614892558625,paid no attention to safety,0.3329696691193005
842,Upset,Shameful,0.365362286567688,Hopeless,0.35907548666000366
843,To give Justin a surprise,To play a joke on Justin,0.43741098046302795,To avoid being thanked,0.33229392766952515
844,The White Envelope,A Special Note,0.380980908870697,The Church Gift,0.3390808701515198
845,Five.,Eight.,0.47453516721725464,Seven.,0.44626426696777344
846,Scary movies.,Action movies.,0.5024200081825256,Documentaries.,0.34160420298576355
847,Documentaries.,Soap operas.,0.32892975211143494,Comedies.,0.30276137590408325
848,Because they are exciting.,Because they are interesting.,0.3868676424026489,Because they are romantic.,0.28408703207969666
849,"Comedies, action movies and scary movies.",Action movies and scary movies.,0.5689123868942261,Documentaries and action movies.,0.48905009031295776
850,8: 50,8: 30,0.6032437086105347,8: 00,0.5777704119682312
851,English and maths.,English and history.,0.6313002109527588,English and Chinese.,0.6177939176559448
852,Because it's hard.,Because it's very long.,0.3962399661540985,Because it's too easy.,0.35227176547050476
853,"Lisa, Peter and Alan are studying in the same class.",Alan usually spends six days at school.,0.44199782609939575,"Alan likes art best, but he doesn't like history.",0.4373750686645508
854,a lake,a river,0.40752971172332764,a country,0.3562700152397156
855,"The Loch Ness monster weighs less than 1,000 kilos.",People are not sure whether there is a monster in Loch Ness.,0.5231691598892212,Many visitors are interested in the story of the Loch Ness monster.,0.5039820671081543
856,The winter break in the   UK is not long.,The winter break in the   UK is a time for sleep.,0.5548143982887268,Students work hard in the winter break.,0.4960078001022339
857,what the students in the UK usually do in the winter break,why some students like the winter break,0.5836540460586548,the differences between the winter break in China and the UK,0.5496684312820435
858,Four,Five,0.4164030849933624,Three,0.40558987855911255
859,Anna's mother,Anna's father,0.47964972257614136,Anna,0.46867603063583374
860,We don't know,Mike,0.2297932207584381,Danny,0.19989323616027832
861,Because the chickenpox party makes her very happy.,Because they want to have chickenpox.,0.3949444591999054,Because they don't need to go to school.,0.3196941912174225
862,14,16,0.4334146965644836,18,0.41159015266200427
863,believe in each other,have everything in common,0.3622428878636039,look like each other,0.3613041911596141
864,Mai and the writer are in the same class.,The writer often helps Mai with her studies.,0.5037462092890925,Mai is tall and heavy.,0.4970434571268758
865,cold,warm,0.4713824600779718,hot,0.4661327630029722
866,They tried to stay ahead of them.,they tried to stop them moving.,0.49843547492026474,They tried to move behind them.,0.4862747234306184
867,"seas, lakes and rivers",mountains and valleys,0.38452819177319786,"the sun, the moon and the earth",0.35224795702131206
868,have good living habits,eat more healthy food,0.3853221535682678,do enough exercises,0.3283751606941223
869,it's part of her health class,her teacher set up a competition,0.33339083194732666,she wants to know bad food,0.30496156215667725
870,are interested in the website,are eating little bad food,0.31040358543395996,are clear about unhealthy food,0.30945321917533875
871,Nine hours.,Eight hours.,0.616854190826416,Seven hours.,0.6113240122795105
872,The student card.,Sandwiches.,0.3069499433040619,Orange juice.,0.2970491051673889
873,One,Two,0.39912891387939453,Four,0.3856182396411896
874,You can read in the reading room at 4:00 p.m. on Wednesday.,You can drink in the reading room.,0.5686963796615601,You can take all your favorite books to your seat.,0.40178826451301575
875,looks after sick people,helps the people and catches the thieves,0.48649734258651733,makes machines in a factory,0.3882904052734375
876,he has little time,he has not any money,0.3285740315914154,he doesn't like them,0.30388686060905457
877,stays at home instead of traveling abroad,goes traveling abroad without her parents,0.5276436805725098,talks about the cities in England,0.3587953746318817
878,happy,tired,0.3602982759475708,busy,0.33121442794799805
879,Iceland can soon melt,Iceland is an English city,0.42596960067749023,they are going to see a building,0.3674526810646057
880,his friend,his teacher.,0.34195804595947266,his father,0.33209747076034546
881,keep a secret about party.,invite his friends to the party.,0.5268300175666809,plan a surprise party,0.5074824094772339
882,Sometimes a mistake can be a good thing.,A mistake is a terrible thing.,0.5104243159294128,Mistakes are not welcome.,0.3535303771495819
883,British Study Tours,Holiday Programs in Germany,0.3480192235502586,Summer School in France,0.3263253699196246
884,British Study Tours and Summer in Australia.,Summer in Australia and Summer School in France.,0.5426526746195827,Holiday Programs in Germany and British Study Tours.,0.5094181720175849
885,stay with a local family,go at any time of the year,0.3340699008490806,do sports,0.3322423674817292
886,visit his friend,study English,0.42056119441986084,spend his holiday,0.38899242877960205
887,doing some reading,playing cards,0.3604734539985657,singing and dancing,0.3604346811771393
888,Differences in British and American culture,Information abroad.,0.40788161754608154,Hiding the feeling,0.3311936543312154
889,they are very big,they are very strong,0.28549525141716003,they are quiet,0.26405414938926697
890,in the jungle,in the cities,0.3513350486755371,in the zoo,0.2911226749420166
891,lift it up and help it to walk,run away as soon as possible,0.33521321415901184,carry it to a safe place,0.329645037651062
892,"It may kick you,or do something to hurt you.",It may let you take photos with it.,0.4402064143960214,It may eat the food you give it.,0.42791603168346204
893,there is a leader,not all the elephants follow their leader,0.39980316162109375,None of the above.,0.33050310611724854
894,Call an ambulance for her baby.,Take care of her baby al home.,0.38397703690339796,Help her to find her cell phone.,0.3587695485344955
895,They read the posters about it on the walls of their school.,They usually watched the medical care programmers on TV,0.34691090882896425,They used to go to the hospital to learn from the doctors.,0.3229931321827877
896,Rocky taught Susanna to do CPR correctly.,Rocky's mother did CPR for Susanna's baby.,0.6084991912506763,Susanna didn't know anything about CPR at all.,0.5258613897840252
897,reporters write different kinds of news,readers can't read different news in newspapers,0.4813072484214528,readers can read newspapers in better ways,0.3484992647177596
898,The pet duck.,A pet dog.,0.4976268708705902,A rabbit.,0.3355106711387634
899,she wanted Jackie to do something for her,she loved her brother very much,0.32285428047180176,she was afraid Grandma would be very sad,0.3048914968967438
900,he wanted Susan to keep his secret,Grandma asked him to,0.3105011582374573,he didn't like going fishing,0.2876647710800171
901,It makes you feel better to tell than to hide.,It's dangerous to let others see what you've done.,0.3424975275993347,It's impossible to let girls keep secrets for you. .,0.31923919916152954
902,expensively,happily,0.22017411887645721,hardly,0.2033747434616089
903,About 174 million.,About 203 million.,0.6756630143872283,About 180 million.,0.6756630143872283
904,It is very hard to buy tickets in the railway station during the Spring Festival.,People go home much more easily during the Spring Festival.,0.4474340081214905,President Hu Jintao cares about the railway building problem.,0.39187559485435486
905,They encouraged people to spend some of their work time thinking and improving new ideas.,They asked people to spend all their work time developing new ideas.,0.5684624910354614,They encouraged people to work a longer time.,0.5007615685462952
906,They pay too much attention to examination marks and language skills.,They think it more important to remember some information.,0.3417726159095764,They don't want their students to make mistakes.,0.32105374336242676
907,"Help them if their decision is wrong, but not too much",Try to help them as much as possible,0.5627509355545044,Leave them as they are,0.3678407073020935
908,The importance of creativity,The history of creativity,0.5369710922241211,What is creativity?,0.5293578505516052
909,a village,a large village,0.5617468953132629,China,0.3412742018699646
910,talk,1isten to music,0.37816214012353955,sing,0.31798994541168213
911,thinks Mr. Green is deafer,goes to Mr. Green's house,0.4718514382839203,asks a question,0.3635982871055603
912,all kinds of things,some interesting things,0.5666940808296204,happy things,0.5465545654296875
913,They are worried about their money.,One of them thinks the other is deafer.,0.33994361758232117,Mr. Brown is deafer.,0.3093978762626648
914,get the reader to think about AI,tell the reader AI has over the human brain,0.4122510254383087,draw the reader's attention to AlphaGo,0.3704714775085449
915,Lee Sedol was beaten.,Lee Sedol won AlphaGo 4-1.,0.540873110294342,Neither side won the match.,0.3398246467113495
916,It's hard for AI to beat the human at everything.,AI does better than humans in every situation.,0.40764251351356506,AI should be used to help us make difficult decisions.,0.38149189949035645
917,3 billion dollars,3 billion yuan,0.652865940882461,20 billion dollars,0.6400180910727737
918,children from kindergarten to the 12th grade,only kids in kindergarten,0.46264833211898804,primary school students,0.374815434217453
919,Provide opportunities for others to reach their dreams.,Give money to poor children.,0.31741976737976074,Cure some of the diseases in the world.,0.31073254346847534
920,Chan's dream,Chan's work,0.5784019827842712,Chan's family,0.5255881547927856
921,By bus.,By taxi.,0.41771602630615234,On foot.,0.37474149465560913
922,Lions.,Deer.,0.3167760372161865,Monkeys.,0.31376752257347107
923,Because they are dangerous.,Because they can run very fast.,0.3347478210926056,Because they are friendly.,0.29637616872787476
924,"they are interesting, clever and friendly",I fall into the river,0.3515383005142212,they catch and eat small animals,0.3062906265258789
925,The author thinks tigers should stay in cages.,Tigers usually live in forests.,0.4355919361114502,Some animals are friendly.,0.4106513261795044
926,You can keep warm.,You can be careless.,0.28061583638191223,You can shout loudly.,0.2470424473285675
927,20,10,0.5005377531051636,40,0.4695214033126831
928,Do some chores that you really hate.,Shout in a loud voice.,0.33874547481536865,Walk to the place that makes you angry.,0.33278506994247437
929,More than ten years.,Over thirty-eight years.,0.6741681932140059,Twenty years.,0.6615686813804778
930,Scientists are producing more hydrogen-powered cars.,Some people drive fuel-cell cars in Washington.,0.5490835344064526,Fossil fuels come from plants and animals.,0.3676943777974535
931,After being burned to get energy.,When people get them from the underground.,0.5161367724724685,After getting them from a hydrogen pump.,0.37233591809326766
932,it will be used up,it can be used for creating energy,0.4651475325879845,it will be cleaner,0.25260424092104716
933,her uncle had no children,her uncle didn't get along well with his children,0.47656136751174927,she treated her uncle very well,0.39967095851898193
934,Worried.,Impatient.,0.4,Happy.,0.29933086037635803
935,June was poor when she was young,June's parents didn't have any brothers at all,0.5025497674942017,the writer told June to give the money to the poor,0.47013145685195923
936,June's Decision,June's Life,0.5564882159233093,June's Friend,0.5401051640510559
937,She is very nice to her parents.,She doesn't love her father.,0.3405768871307373,She is a lazy girl.,0.3142629861831665
938,It is about what Alice does for her mother for Mother's Day.,It is about what Alice buys for her mother on Mother's Day.,0.668400764465332,It is about what Alice does at home each week for her mother.,0.5650137066841125
939,twenty-four,thirty-one,0.4,five,0.26213085651397705
940,dumplings,noodles,0.4175071716308594,mooncakes,0.4
941,December,September,0.4107780456542969,October,0.3618778586387634
942,the longest,the shortest,0.3241906762123108,darkest,0.312456339597702
943,Summer solstice,The beginning of autumn,0.36268752813339233,The beginning of spring,0.3415316939353943
944,draw people's special attention to eye hygiene .,ask the high school graduates to pay attention to their eyesight.,0.3904466067585759,criticize  children who are shortsighted.,0.3186302912313269
945,55 percent,45 percent,0.557178795337677,less than half,0.3949436545372009
946,poorer,better,0.37069857120513916,good,0.3624475598335266
947,couldn't choose to study what they liked best,couldn't graduate from high school,0.41115128993988037,lost their limited time,0.31794506311416626
948,make their eyes too tired,see things far away,0.33101344108581543,watch TV,0.2994205951690674
949,talking with people,using the Internet,0.382333836440815,watching TV.,0.3242940698427279
950,often,never,0.3397182685191135,hardly ever,0.31267818011662674
951,bank,shop,0.38495263977162786,post office,0.3688605050753888
952,ten,nine,0.41236897264019956,eight,0.359496152679272
953,he scolded her in his sleep the night before,he didn't talk to the night before,0.5352557698126329,he didn't go to work,0.36092925078999494
954,Because she was seriously ill,Because she had no friend.,0.3796500563621521,Because she had a cold,0.35807204246520996
955,A flower shop owner.,A doctor.,0.3433927297592163,Her mother.,0.31812378764152527
956,She became hopeful about life.,She was still unhappy.,0.3081217110157013,She wanted to work with Alice.,0.28467729687690735
957,Little things make a big difference,Be kind to yourself,0.3802197575569153,Try something different,0.3694366216659546
958,four,three,0.44174847870329564,five,0.4239269092909883
959,the population growth,the aging population,0.60627364247114,labor shortages,0.403650128934229
960,The one-child policy is out of date now,Laura is against the two-child policy,0.47845133327483325,Liu Fang has a 17-year-old sister,0.2700783278226728
961,The two-child policy helps a lot.,A new policy was made.,0.47784308581192636,The family planning policy is bad.,0.45010058946210274
962,Blue,Yellow,0.38242867588996887,Red,0.381181538105011
963,England,Canada,0.4209177494049072,The USA,0.41381531953811646
964,Green,Red,0.33051109313964844,Blue,0.2911394238471985
965,Sally and I are in the same class.,Sally is an English girl.,0.5024445056915283,Sally's hair is blond.,0.4743995666503906
966,fifteen,nine,0.4103488326072693,three,0.4022589921951294
967,he thought Becky was sure to treat his child well.,his child was also hurt badly.,0.4195827841758728,his child had to be cared for at once.,0.40570634603500366
968,Becky's good friend,A kind animal,0.3564758896827698,A kind child,0.3468690514564514
969,bike,car,0.39701715111732483,bus,0.36111730337142944
970,busy,happy,0.32058316469192505,lucky,0.3077925741672516
971,his family,his friends,0.3126494288444519,the sick people,0.2437029480934143
972,"Every weekend, the writer is at home with his family",The writer can see only a few people on the street on his way home from work.,0.45910757780075073,The writer goes to work at night and comes back home in the early morning.,0.4561716914176941
973,three,two,0.43176841735839844,four,0.3847575783729553
974,two,three,0.40090665221214294,four,0.38317614793777466
975,beef and potato; chicken and cabbage,chicken and cabbage; mutton and carrot,0.5035826563835144,tomato and egg; beef and potato,0.4835264980792999
976,five,three,0.4292210899051577,four,0.42349292624571555
977,none of the above,Becky,0.3254779659465944,Becky Sharp,0.3164045547547364
978,the north of England,the west of England,0.5860421474486723,a cinema,0.32092098913530587
979,"Yes,she does.","No,she doesn't.",0.4,We don't know.,0.36319952773592606
980,a dog or a cat,the tortoise or the dog,0.6044783291446102,the goldfish or the cat,0.5552443003963216
981,it is fast,it is expensive,0.3290141820907593,it is cheap,0.3082956075668335
982,a car,a bus,0.3947727680206299,a boat,0.30725014209747314
983,trains,planes,0.4053541421890259,cars,0.3998183012008667
984,Usually you need to spend hours getting out of an airport and getting into a city.,There are always too many cars on the road.,0.37231719493865967,A car never stops at a train station.,0.3586173355579376
985,terrible,friendly,0.39849188923835754,impossible,0.39232999086380005
986,worried about their baby's safety,had some important things to do,0.38239920139312744,thought the food there was bad,0.33653056621551514
987,showed kindness to the old man,had seen the old man before,0.6266899108886719,was hurt by the old man,0.6244120597839355
988,Because staying with the baby made him feel happy,Because the writer asked him to play with her baby,0.4109513461589813,Because the writer bought food for him,0.3342059254646301
989,Soul and clothes,A lovely baby,0.34285181760787964,Parents' influence on babies,0.33663541078567505
990,A few,Few,0.4,About 1500,0.4
991,We must do a lot of practice.,We must live in England or America.,0.40173253417015076,We should study it without any help.,0.3378075361251831
992,It never happened quite like what the ads said.,He thinks the ads very expensive.,0.40604686737060547,He thinks the ads are true.,0.40460285544395447
993,The mother language,Chinese,0.38404783606529236,English,0.34301456809043884
994,England the America,China and France,0.42659908533096313,Germany and France,0.3566540479660034
995,kites are good examples to those who want to get freedom,we don't need any freedom at all,0.45241039737059585,without restrictions and rules we can make endless progress,0.33613641972028335
996,winter,summer,0.41153866052627563,spring,0.3957071900367737
997,More People began to ride bikes.,People began to use less coal.,0.45010143518447876,New factories were built outside cities.,0.30701369047164917
998,New Laws to Stop Air Pollution.,Air Pollution in Britain in the Past.,0.5246858596801758,How to Make the Air Cleaner.,0.4897879958152771
999,find the morning news,learn the latest news,0.40329137444496155,meet their own different needs,0.3106100261211395
1000,they have no time to read them,they just read the headlines,0.5214973092079163,they read them very carefully,0.5093879699707031
1001,e-mails,internet,0.2107718288898468,advertisements,0.19551382958889008
1002,Because the writer couldn't read books quickly.,Because the writer was too shy to talk with others.,0.356084406375885,Because the writer found science easy and fun.,0.3328516185283661
1003,chose any book he was interested in,had to read textbooks rather than magazines,0.3534408211708069,was asked to read one chapter after another,0.35255271196365356
1004,Recycling should be done in the first place.,Supermarkets should recycle first.,0.504968680714463,Needless things are mostly recycled.,0.32578884086752236
1005,there is something wrong with their mind,they must go to the hospital,0.3702099323272705,famous people can pay them a lot of money,0.3025004267692566
1006,About one third,About a quarter,0.3749732971191406,Just two or three,0.37468329071998596
1007,The first one is better,The second one is better,0.6173903942108154,Both of them are good,0.3558785915374756
1008,they are afraid the famous person may not like them,they think the famous person may be in trouble,0.5375721454620361,they cannot get anything in return from the famous person,0.4284366965293884
1009,anything overdone may bring some trouble,we mustn't worship anybody or anything,0.43485056451081716,worshipping of famous people is a good thing,0.2730698060121578
1010,England,America,0.42938894033432007,Canada,0.38446682691574097
1011,her accident video on YouTube was viewed almost 2 million times,she posted the accident video on YouTube,0.4619379937648773,her accident video was on TV,0.39789921045303345
1012,many people,a few people,0.6245681047439575,millions of people,0.6092700362205505
1013,An Unforgettable Lesson,Texting on the Phone While Walking,0.323242723941803,A Horrible Accident,0.3190598487854004
1014,breaking the school rules,bad etiquettes,0.35075562193468574,refusing to do homework,0.3499326705932617
1015,students should be against the unfair rules of their schools freedom,freedom should be free time that students like,0.5008400678634644,freedom means to fight against too much homework,0.38272878527641296
1016,a day that they can enjoy freedom,a day of great importance for them,0.44980549812316895,a dawn of a new day,0.4470065236091614
1017,Arihant Jain is a girl who doesn't want to go to school,Arihant Jain doesn't want to go shopping at all,0.5806885361671448,Arihant Jain wants to learn to cook at home,0.42690908908843994
1018,What Freedom Means to Me,Freedom Is Not Important to Me,0.5366761684417725,My Own Decisions,0.3621821999549866
1019,Bird flu is widely known to people.,Bird flu could make people sick.,0.5491769313812256,Bird flu is a very dangerous disease.,0.5273692607879639
1020,By eating checked birds.,By eating boiled eggs.,0.4881676435470581,By forgetting to open windows.,0.33930545338432616
1021,To go to the market to buy live chicken to eat.,"If you feel sick, see a doctor right away.",0.28304028511047363,To do some exercises regularly and keep healthy.,0.26140815019607544
1022,Children under 12 years old,Grownups,0.4,Everyone,0.32293006777763367
1023,Cover your mouth and nose,Always close the windows.,0.32250118255615234,Have enough sleep,0.2907092273235321
1024,She was just a little girl.,She was from Germany.,0.3053327798843384,She remembered more words.,0.2928083837032318
1025,He used stories to help remember words.,He found pi easy to remember.,0.44655320048332214,He only made one mistake while saying pi.,0.35901737213134766
1026,Mr. Goto.,Lara.,0.3843999207019806,Mr. Tomoyori.,0.3788536787033081
1027,succeeded in opening their school for the deaf in America,succeeded in opening their school for the deaf all over the world,0.6248515248298645,wanted to build a school for the deaf in the USA,0.4943133294582367
1028,The passage doesn't tell us.,The American School for the Deaf.,0.20940397679805756,The Connecticut School for the Deaf.,0.20212584733963013
1029,Five,Four,0.48258376121520996,Three,0.4546387195587158
1030,brother and sister,sister,0.5538055300712585,brothers,0.37114202976226807
1031,Liu Jie,Liu Hui,0.5020106434822083,Liu Bin,0.5013247728347778
1032,Liu Hong,Liu Hui,0.5679940581321716,Liu Bin,0.5627156496047974
1033,Liu Bin,Liu Hui,0.5732941627502441,Liu Hong,0.5729427337646484
1034,20%,80%,0.4429791588436757,40%,0.4322122524544658
1035,cotton and papaya,cotton and corn,0.50112094449992,soybeans and papaya,0.48739902594393064
1036,"In China, about a quarter of cooking oil is soybean oil.",People use the GM plants to make other products.,0.3497179334440693,Some people say that the GM food causes tumors.,0.323003218578386
1037,It's about some facts about GM food around us.,It's about studies about the safety of GM food.,0.48603065665574274,It's about cooking oil made from GM soybeans.,0.4328303181649375
1038,physics,music,0.37773650884628296,math,0.3667639195919037
1039,music,English,0.22205214202404022,math,0.18049684166908264
1040,He had a strong accent.,He was a little bit lazy.,0.3462064266204834,He didn't play the piano well.,0.3111041188240051
1041,James studies hard in physics.,James is good at singing.,0.43287354707717896,James doesn't like math.,0.42034661769866943
1042,effort can make one get good grades,James is a bad student,0.3508681058883667,all the teachers are happy with James,0.33831989765167236
1043,a musician,a teacher,0.257575287691918,a doctor,0.2564644470314744
1044,easy,hard,0.3521538442136872,exciting,0.3032928199751785
1045,wonderful,ugly,0.3022056228554251,relaxing,0.27773455179489154
1046,the U.S.,Australia,0.2762298285961151,Japan,0.2573212683200836
1047,a museum,the park,0.3904721736907959,a Beijing Hutong,0.32421040534973145
1048,boring,fun,0.3773433566093445,interesting,0.300960898399353
1049,in a restaurant,at school,0.3324944078922272,in the museum,0.330005943775177
1050,went to swim,went home,0.5640147924423218,went to a hotel,0.5531777143478394
1051,Black,Green,0.3100244104862213,Red,0.29416778683662415
1052,June 16th,June 17th,0.6843851758458362,"June 15
th",0.577434593590064
1053,a wallet,a toy,0.3709254264831543,a watch,0.3455880284309387
1054,honesty,happiness,0.4142039716243744,food,0.3930243253707886
1055,money and his lottery ticket,a lottery ticket,0.6231694221496582,money,0.5741032958030701
1056,animals' homes,some animals and birds,0.5839267373085022,different animals,0.5461007952690125
1057,Some animals,All the animals,0.7277956008911133,Some birds,0.3335387110710144
1058,Two,Three,0.43007004261016846,One,0.33291393518447876
1059,in all kinds of places,in the field,0.3408515453338623,at the same place,0.3401535451412201
1060,snail.,The squirrel.,0.4,The hare .,0.4
1061,A teacher,A student,0.40414488315582275,A doctor,0.3345830738544464
1062,In the middle of the white paper,On the right of the white paper.,0.5531712770462036,In the middle of the black paper.,0.5266939997673035
1063,Two,Four,0.40428605675697327,Three,0.3844453692436218
1064,Miss Green wants the kids to be positive  in their life,Miss Green likes black,0.5028153657913208,Miss Green likes white.,0.4931764602661133
1065,Life is always beautiful although sometimes it's terrible.,We are like the clouds.,0.3544754385948181,We should see the white dot in the black paper.,0.2906188368797302
1066,record sounds for films,arrange fight scenes,0.3614083528518677,copy actors' voices,0.35064801573753357
1067,He enjoys it even more now than at the beginning.,He feels happy because he often works with his children.,0.31313544511795044,He's angry because computers will make him lose his job.,0.3011801838874817
1068,use computers for everyday sounds,use a lot of common sound in films,0.487369179725647,spend a lot money on computers,0.4763338565826416
1069,learn more about the life there,teach in a school,0.359144389629364,join a writing club,0.340282142162323
1070,he didn't think Yu cared about others a lot,he didn't think Yu could make the room clean,0.4286489188671112,Yu didn't know how to throw away trash,0.363998144865036
1071,Think More of Others,Safe or Dangerous,0.35333701968193054,The life in Germany,0.3176884055137634
1072,To improve the Chinese tourists' behavior abroad.,To guide the Chinese tourists how to travel farther.,0.5204100119613714,To give suggestions to Chinese tourists when traveling at home.,0.48379848750974785
1073,About 70 million.,About 98 million.,0.5687390892015411,About 18 million.,0.5587009944796233
1074,"Taking photos in areas marked ""No photos"".",Fighting with others when taking pictures.,0.47327033421855996,Taking life vests away from airplanes.,0.4233092731987641
1075,Respect local customs wherever they travel.,Ask questions when they meet with difficulty.,0.386336931022528,Try to be polite both at home and abroad.,0.34379065366065764
1076,China has a very short history of overseas travel.,They can't speak foreign languages.,0.32120569686290457,They don't get trained before traveling abroad.,0.30416682109553733
1077,in the newspaper,on TV,0.396458096664715,on the Internet,0.3572029855919403
1078,All of the above.,Sing.,0.22671104466727635,Talk in French.,0.2169050984800519
1079,a birthday card,a birthday cake,0.5487602595383656,some flowers,0.34084674951972704
1080,the mother cooked the bird,the mother kept the bird as a pet,0.5852923882567311,the mother sent the bird to Frank,0.5623784164141874
1081,a birthday gift,a lucky mother,0.3582260758941912,a talented bird,0.33846489589419115
1082,At 6:40.,At 5:45.,0.4,At 6:10.,0.4
1083,By bike.,By bus.,0.35391584038734436,By train.,0.3426216244697571
1084,To practice English.,To talk with each other.,0.36835601925849915,To listen to the stories.,0.36035090684890747
1085,Nick thinks the English club is good.,Nick's English is good.,0.6525591611862183,The students in club can't tell English stories.,0.5182478427886963
1086,the traffic drives on the left.,the traffic drives on the right.,0.5797198414802551,there are not any traffic lights.,0.48731502890586853
1087,the left; the right,the right; the left,0.7229627966880798,the front; the back,0.34033283591270447
1088,you may go the wrong way,there are too many buses there,0.3110371530056,the traffic lights are different from ours,0.275135338306427
1089,sit on the second floor of a big bus and see the beautiful city,look at the busy streets in the morning,0.3639153242111206,cross the streets,0.34090176224708557
1090,Traffic in England,Traffic lights in England,0.6606554388999939,Buses in England,0.6126211285591125
1091,the roles in Peking Opera,the positions of dramas,0.3702745670480515,the forms of dramas,0.36362251055335904
1092,Wusheng and Wudan,Wawasheng and wenchou,0.3686899923303631,Wuchou and Caidan,0.36116203829947013
1093,The Monkey King has a special position among Peking Opera fans.,Zhao Kuangyin and Guan Gong are two roles know as Xiaosheng.,0.3700416740975535,Mei Lanfang created a type of Qingyi--Hongsheng.,0.36489474643893904
1094,"About 2,000,000.","About 1,000,000.",0.4,"About 1,500,000.",0.4
1095,For 17 days.,For one month.,0.32574158906936646,For half a month.,0.3222876191139221
1096,Recycling companies.,Mooncake box companies.,0.4575275778770447,Mooncake factories.,0.33385372161865234
1097,Save Our Earth (Beijing).,Save Our Earth (Chengdu).,0.6269868612289429,Save Ourselves (Beijing).,0.6256688237190247
1098,A little plant.,People.,0.32849931716918945,Birds.,0.3135206699371338
1099,All of the above.,Because it was tall and thick.,0.1688351035118103,Because a lot of people came to have a rest under it.,0.14511780440807343
1100,Because the big tree,Because the big tree was tired.,0.5820298194885254,Because the little plant knew less than the big tree.,0.3980518877506256
1101,They saw the big tree lying on the ground.,They saw the big tree was still mighty.,0.567935049533844,They saw some birds singing on the little plant.,0.3967428207397461
1102,A Mighty Tree.,Trees in the Forest.,0.41327565908432007,Trees and Plants.,0.3580893576145172
1103,In 2003,In 2001.,0.3747069537639618,In 2006,0.36769571900367737
1104,At 10:30 am on Wednesday.,At 8:30 am on Friday.,0.4618903398513794,At 5:30 pm on Sunday.,0.41634899377822876
1105,Three are four exhibition areas and eight science cinemas in the Guangdong Science Centre.,Visitors have to pay 60 yuan for the ticket to the Guangdong Science Centre.,0.49507439136505127,The Guangdong Science Museum Centre has a larger floor area than Tian'anmen Square.,0.4665386974811554
1106,He is 12.,He is 13.,0.35685269502540773,He is 14.,0.3486183533746219
1107,Football and basketball.,Basketball and swimming.,0.5669064866530208,Football and swimming.,0.5377475151057078
1108,Twice a month.,Twice week.,0.6021609936150485,Every a week.,0.38001298779089276
1109,France,China,0.39015485819485923,America,0.3863595280426221
1110,A teacher,A doctor,0.3286455521031536,A football player,0.30220508108716954
1111,To develop winter tourism in Menton.,To help people enjoy the winter months.,0.4451952874660492,To cerebrate the success of orange planting.,0.4006363895225058
1112,a concert,a town parade,0.33755290508270264,lemon and orange shows,0.3119257688522339
1113,Travel,Family,0.2877676784992218,Advertisement,0.24508069455623627
1114,tell that laptops can help improve students' school performance,prove that a school without high enrollment can do well,0.34993162751197815,show the problems schools are faced with today,0.30032995343208313
1115,enjoy e-mail service in the near future,make money by selling ads on websites,0.33960846066474915,all have their own laptops within nine years,0.30048424005508423
1116,the laptop program also has a good influence on parents,the laptop program in public school is mainly for the eighth-graders,0.4527493417263031,a school Internet portal is the key to a laptop program,0.43778619170188904
1117,student,teacher,0.33906635642051697,engineer,0.2528667747974396
1118,because it is very creative and modern,because he wants to design a web page,0.33626753091812134,because it is the best one on the Internet,0.32736700773239136
1119,the writer thinks people shouldn't change our languages.,the writer can design a creative webpage,0.4023121914380712,the writer is a teacher in a college,0.39639341831207275
1120,they don't want or need to learn too much,they have a chance to go abroad,0.3268784284591675,they have to spend a lot of time on it,0.32230186462402344
1121,get tired of learning it,reach your learning goal,0.4172159433364868,forget your own goals,0.32917872071266174
1122,Easy Language Learning,A way of Language Learning,0.6222589612007141,Hard Language Learning,0.6179158687591553
1123,She read a text message from her friend while asleep.,She sleepwalked to a friend's house.,0.43056176628355114,She dreamed of making plans with a friend.,0.40416768193244934
1124,motor skills,memory,0.36697494983673096,language,0.3253646790981293
1125,Keep their phones out of their bedrooms while they sleep.,Wear socks on their hands to stop themselves from texting.,0.35752588510513306,Stop text during the daytime.,0.3379989564418793
1126,Sleep texting can reduce the quality of one's sleep.,Sleep texting does more harm to one's health than sleepwalking.,0.5691380500793457,One in three teenagers has a sleep texting habit.,0.5511902570724487
1127,eat more food and spend more money,have a nice meal,0.3864164352416992,have a great time in the restaurant,0.36425310373306274
1128,food pollution,water pollution,0.5802570581436157,air pollution,0.571942150592804
1129,you are made to hear someone else's choice in music,it's played at the airport,0.3442589044570923,it's played when you are taking the elevator,0.3314323425292969
1130,music that is too loud is bad for our health,people like loud music in their house,0.4636278748512268,people pay as much attention to noise pollution as they do to air pollution,0.3561738133430481
1131,4,2,0.48427101969718933,3,0.4682774841785431
1132,By listening and watching pictures.,By watching TV.,0.5827234387397766,By listening to music.,0.5334083437919617
1133,Long-term memory usually involves more important things.,Memory is the most important ability for human beings.,0.49321448802948,Imagination is better than association in memorizing things.,0.41788628697395325
1134,A science magazine,An advertisement,0.35619619488716125,A news report,0.3064700961112976
1135,on a crowded shopping street,in a restaurant,0.4003331001509391,at home,0.3785789864299735
1136,angry,happy,0.3709527570189489,sorry,0.3702772050682604
1137,"In mainland China, most of the people find the parents' behavior understandable.",All the Chinese feel very angry about the parents' behavior.,0.46521777780795737,It's OK for children under 12 to pee wherever they like in Hong Kong.,0.34830473330110123
1138,August 5,April 5,0.6039865016937256,August 21,0.5870801210403442
1139,Dickey's father,Dickey,0.49193862080574036,Xu Jiao's father,0.48004043102264404
1140,a toy,a place,0.3603878319263458,a cat,0.32866716384887695
1141,beating,studying with,0.3897814452648163,watching,0.3519269824028015
1142,She plays a boy in the movie.,She was born in Hong Kong.,0.31579554080963135,She lives a poor life.,0.31204089522361755
1143,a very good team,a big playground,0.34777015447616577,many soccer player,0.3141734004020691
1144,2006,2007,0.342227965593338,2005,0.33559367060661316
1145,pictures of some soccer stars,people playing soccer,0.47069868445396423,a sunny sky,0.3475862145423889
1146,to show their good wishes for the soccer teams.,to show their new ideas about football,0.47125545144081116,to show their love for their owe country.,0.4389859437942505
1147,"all of A,B and C",they think their favourite players are great,0.3013351857662201,they are soccer fans,0.2598181366920471
1148,The pigeon's leg.,The pigeon's head.,0.5430071814826903,The pigeon's back.,0.5340198695353482
1149,The people in orange life jackets at sea.,The people swimming in the ocean.,0.45914907159499635,The people in red jackets in the boats.,0.44437537767618185
1150,A pigeon carried the camera to take photos of the enemy land.,A pigeon was tied with a small camera around its leg.,0.5497416822830141,A pigeon could predict what the weather would be like.,0.4098775881276786
1151,"A mailman, a lifeguard and a spy.","A farmer, a weather reporter and a lifeguard.",0.4085581321367391,"A trainer, a spy and a police officer.",0.3834342660686868
1152,To tell readers about real jobs held by carrier pigeons.,To teach readers about the lives of wild pigeons.,0.4707763091552216,To make readers like pigeons more.,0.45692252803750855
1153,tell orange from yellow,tell different shapes,0.4936604540269513,see in a weak light,0.3638894650353737
1154,There are fewer colour-blind women.,Women are more careful.,0.4916539818598134,All of them see everything in shades of green.,0.33475197987752026
1155,colour blindness,danger caused by colour blindness,0.5597118151787802,colour and its surprising effects,0.48693352179616456
1156,two seasons--winter and summer,two seasons sometimes and four seasons sometimes,0.5077412128448486,two seasons - spring and autumn,0.48969370126724243
1157,Over two months,A month,0.3410194516181946,Over a week,0.3233022093772888
1158,both A and B,clothes,0.3081085681915283,trees,0.22558513283729553
1159,trees,animals,0.3463759422302246,days,0.2848035395145416
1160,storms,animals,0.3748530447483063,rain,0.3436499834060669
1161,Both A and C,spending all his time playing,0.31736159324645996,taking every possible note,0.31562313437461853
1162,practice really hard,sleep well,0.36098915338516235,relax yourself well,0.35331249237060547
1163,every minute of the last term is important,"if you want to have fun, do it now",0.325115442276001,you only need to work hard at school,0.3075820207595825
1164,Wang Zhaolin's foot got hurt after the PE exam,Wang Feixuan tries to remember English words while waiting in line to get her lunch,0.36565279960632324,The big exam is coming less than two months from now,0.35757601261138916
1165,The connection between color and business.,The secret of success in the business world.,0.4069535732269287,How to become the biggest U.S. company.,0.3231579065322876
1166,Google.,Coca-Cola.,0.4,Home Depot.,0.34957295656204224
1167,in a short time,in a long time,0.6259305477142334,based on their feelings,0.23813492059707642
1168,Its products are wrapped in blue.,Blue is its owner's favorite color.,0.4677541255950928,It only sells women's clothes.,0.37447166442871094
1169,the importance of color in the business world,the relation between color and a company's name,0.43320222972620154,the bad influence color has on small companies,0.40555018186569214
1170,Because they can't see or hear very well.,Because they forget to look and listen.,0.33042396527469864,Because they are not careful.,0.27134091189354903
1171,Run quickly.,Walk quickly.,0.5773615685667812,Make sure that the road is clear,0.2972684334890102
1172,help children to cross the road,run across the road quickly,0.4123688964464685,play in the street carefully,0.3559586828952708
1173,Most of old people and children get hurt or die when they are crossing the road.,Children often get hurt or die because they can't see or hear very well.,0.5149777188489452,It's safe for people to run across.,0.4602812481032854
1174,How to lessen traffic accidents,Meeting with traffic accidents,0.7082788141913944,Please obey the traffic rules,0.555226989693428
1175,She was 13 years old then.,After she and mother travelled around the world.,0.3126754735134156,Before she sold cookies.,0.2969965192298143
1176,An advertisement in the magazine,Her mother,0.3576616277570359,Her friends,0.31731140712572775
1177,"Andrews sold 42,000 cookies.",Andrews kept working even though it was raining heavily outside.,0.44143704876616974,"According to the ad, two people could tour the world.",0.3691463296436934
1178,Because she knew how to sell well and she worked really hard at it.,Because her mother helped her a lot.,0.3534061814258778,Because she wanted to travel around the world.,0.33029112346277667
1179,Anyone.,A teacher.,0.35577021345565124,A friend.,0.34689156274361155
1180,sometimes,always,0.3861957208091888,often,0.3639708684997806
1181,not to mind their words.,to do the same as they do,0.4,not to fight with them,0.3090977461097022
1182,How to cope with difficult people,Who are difficult people?,0.6548640958008637,How to get on well with people,0.5243832735169015
1183,The first solution to any problem is that we realize it.,It's wise to take things personally.,0.340985038661739,Difficult people are not easy to be very angry.,0.31771835522892045
1184,friends,classmates,0.3014334440231323,sisters,0.2684493362903595
1185,"on May 17 ,1991","in May 17, 1991",0.6914133429527283,"on May 17 , 1990",0.6794918775558472
1186,Chinese,music,0.28307443857192993,English,0.2744233012199402
1187,China,America,0.3705819249153137,Japan,0.33452537655830383
1188,five,three,0.42378491163253784,I don't know,0.31659623980522156
1189,An interesting life.,A short life.,0.5034728050231934,A lonely life,0.4995867908000946
1190,Kathmandu.,The Sahara Desert.,0.4094502329826355,Taj Mahal,0.3859442472457886
1191,Twice.,Once.,0.4,Three times.,0.38068723678588867
1192,In France,in Egypt.,0.38533076643943787,In Nepal.,0.3821772336959839
1193,He has a glass of wine.,He hunts lions.,0.35653845676032164,He goes swimming,0.32939475774765015
1194,He wants to know something about English people.,He wants to know something about America.,0.5339174619393721,He wants to know the girl.,0.4294951994869406
1195,He sees a girl.,He sees a woman.,0.549146525769612,He sees a boy.,0.5256590563592729
1196,"Yes,she does.","Yes,she do.",0.77969155788118,"No,she doesn't.",0.4
1197,Because Li Ping wants to know how old she is.,Because Li Ping wants to know her name.,0.6256357256139735,Because Li Ping wants to go to London.,0.5493414978072496
1198,"No,he doesn't.","No,he isn't.",0.4,"Yes,he is.",0.1798187899559176
1199,the road was strange,it was rainy,0.30963036892164586,the time was early,0.29355821964869677
1200,friendly,serious,0.35852654213729945,cool,0.33432324456167173
1201,he wanted to help Mr. Randolph,he wanted to keep Mr. Randolph,0.5901464801578535,he wanted more money,0.5247964095300754
1202,we shouldn't be rude to others,we shouldn't tell others we are rich,0.5348988971699271,we shouldn't stay in a roadside inn,0.3358433531933423
1203,14 hours,16 hours,0.6325446963310242,2 hours,0.6249788403511047
1204,It's very new and big.,It's very big.,0.6013691425323486,It's not big but nice.,0.545009195804596
1205,the first floor,the second floor,0.6339318156242371,the third floor,0.5910477638244629
1206,cheap,bad,0.36567217111587524,old,0.35083529353141785
1207,The workers in it are very friendly.,Often there is a sale in the supermarket.,0.38585180044174194,People don't like shopping here.,0.346544474363327
1208,at times hated it when her parents fixed old things,often helped her parents fix old things,0.5593712329864502,often threw things away without being noticed,0.4587472677230835
1209,Things may never return once they are gone.,She had wasted a lot of money.,0.3632133268603681,She had hurt her parents for many times.,0.3259924071099826
1210,To advise us to love what we have.,To help us know about life in the past.,0.42213985323905945,To encourage us to recycle old things.,0.4105871915817261
1211,Because the hotel melts during the summer.,Because more rooms are needed at the hotel.,0.455985963344574,Because the hotel is damaged by the sauna.,0.4436880946159363
1212,To give information about an uncommon hotel.,To describe the temperature inside a hotel.,0.43897947139394594,To compare different kinds of hotels.,0.3277810126032492
1213,It was bright blue.,It was six feet long.,0.3160102397400751,It had four legs.,0.30548386967761265
1214,The discovery of the coelacanth,A serious professor,0.4037287477515361,A missing link with the past,0.3894700925846011
1215,an egg and some chicken,an egg and some fruit,0.5317718386650085,chicken and French fries,0.46502944827079773
1216,salad,vegetables,0.4197988212108612,eggs,0.4049603343009949
1217,at school,in the club,0.3546225130558014,in the picture,0.3209956884384155
1218,lunch,ice-cream,0.4,dinner,0.36694833636283875
1219,At home.,At school.,0.34629565477371216,In the classroom,0.34116291999816895
1220,260 kilometers,130 kilometers,0.6457358375500759,65 kilometers,0.5908689617929956
1221,For more gas.,For more water.,0.3947979807853699,To have a rest.,0.33716320991516113
1222,These little cars will be useful for a long trip.,The little cars can make more space for other cars and people.,0.5256335735321045,Driving big cars can make the air dirtier.,0.4390721023082733
1223,Three days,Two days.,0.5995423197746277,Three hours,0.571279764175415
1224,A shoe,An old bag,0.35794517397880554,A small boat,0.33145201206207275
1225,The boat started to go under water.,There was a hole in the side of the boat.,0.43885600566864014,The fish was too small to keep,0.29990261793136597
1226,He had gotten some help from the quote.,He wanted to catch his neighbor's attention.,0.31469130516052246,He wanted to practice his handwriting.,0.30212849378585815
1227,He thought the old man would scold  him for what he had done.,He thought the old man would tell his parents about his action.,0.5573010444641113,He had thought that the old man was a mad person. www.szzx100.com,0.5312733054161072
1228,The old man. www.szzx100.com,The writer himself.,0.313497930765152,Someone else.,0.28747662901878357
1229,the old man has changed his opinion about young people.,the writer has written three quotes on the fence,0.35193586349487305,the good relationship between neighbors is very important.,0.3415413796901703
1230,A radio program.,A TV program.,0.603398859500885,A newspaper.,0.3851563036441803
1231,The passage doesn't tell us.,Robert Bums.,0.2499071743235159,The Washington Saxophone Quartet.,0.23852314922934587
1232,On New Year's Eve.,On Christmas Eve.,0.4402552545070648,On holidays.,0.35333383083343506
1233,In 1799.,In 1790.,0.4,In 1793.,0.4
1234,It's about an old Scottish poet.,It's about the need to remember old friends.,0.49985140562057495,It's about the history of Scotland.,0.3305712342262268
1235,One goat lay down on the rock so that the other could first leave.,One goat turned around and went back.,0.4171755909919739,One goat jumped over the other and walked away.,0.39464566111564636
1236,Being kind to someone is never a waste.,Actions speak louder than words.,0.37450796365737915,Don't put all your eggs in one basket.,0.3588098883628845
1237,no living thing can live alone,plants are very important,0.32640308141708374,every life needs food,0.2676681876182556
1238,is the beginning of food chains,forms a food chain,0.5549124479293823,is directly giving us different food,0.45870277285575867
1239,Plants.,Plant-eating animals.,0.3540584146976471,Meat-eating animals.,0.3540584146976471
1240,break the links of life,eat fish from polluted water,0.38943809270858765,kill animals,0.3197731077671051
1241,Almost everyone in big cities,Almost everyone in small villages,0.5784153938293457,Almost everyone in the world,0.5658847093582153
1242,her family was too poor,there was too much work for her to do,0.3062950372695923,she didn't like school,0.25300297141075134
1243,a child can go to school for a year,one child can go to school for nine years,0.6249253153800964,many children can go to school,0.6064378023147583
1244,Project Hope helped her,Project Hope heard from her,0.5970907211303711,she knew someone working in Project Hope,0.4988584816455841
1245,all the above,to repair school buildings,0.12713132798671722,children to go to school,0.12080737203359604
1246,It was struggling to get out of its cocoon.,It was trying to make a cocoon for it self.,0.37527566854151906,It was crawling around quietly on the ground.,0.32164667004091957
1247,help the butterfly come out easily,take the butterfly home,0.399368017911911,kill the butterfly,0.36210986971855164
1248,Kind but unwise,Brave and funny,0.33801677835931326,Careful and wise,0.32473884029997924
1249,The Lesson of the Cocoon.,The Love for the Cocoon.,0.4931553602218628,The Expectation   for the Butterfly.,0.34784913063049316
1250,Over five million.,Over five billion.,0.6991250514984131,Over five thousand.,0.6885883808135986
1251,different in different places,the same in different places,0.7889060378074646,different in the same place,0.5825607776641846
1252,hill,shop,0.42862462997436523,Person,0.3464324176311493
1253,EXPO Garden,The Golden Temple,0.41121846437454224,The Stone Forest,0.3674442768096924
1254,invite tourists to Kunming,visit Kunming,0.5058721899986267,know more about Kunming,0.46309083700180054
1255,Eric,Frank,0.495617538690567,Cindy,0.46552574634552
1256,blue and white,black and white,0.5400900840759277,green and red,0.3270374536514282
1257,black,white,0.31112706661224365,red,0.27405717968940735
1258,yellow,green,0.3427451252937317,purple,0.3244626820087433
1259,4,5,0.47793853282928467,2,0.45277222990989685
1260,bikes,trains,0.36217808723449707,cars,0.35140344500541687
1261,cheap and easy,all over the country,0.3507971465587616,popular and heavy,0.34586799144744873
1262,making boats is difficult,riding a bike taxi is cheap,0.32534825801849365,going shopping is easy,0.30169087648391724
1263,Bike Taxis,Bike Riders,0.6372079253196716,A Special Country,0.3722570538520813
1264,Televisions and laptops.,Cheap clothes.,0.3682195246219635,Delicious food.,0.3228348195552826
1265,experience the shopping season,study people's shopping habits,0.462904691696167,look for some clothes he wanted,0.29809263348579407
1266,Because there are fewer products than needed.,Because many people are waiting outside.,0.32677459716796875,Because the stores can be over-crowded.,0.3217710852622986
1267,It is a wonderful time to do shopping.,It is a good time to enjoy the experience.,0.4638974666595459,People are in great need of many things.,0.363932728767395
1268,18-month-old children who live in Germany,young chimpanzee that live on an island,0.41721218824386597,adult chimpanzees that live on the African mountain,0.40441322326660156
1269,"chimpanzees do good things for no real reason, too",people also share information for good reason,0.46033775806427,humans should develop their abilities 6 million years ago,0.34812137548672434
1270,Chimpanzee gave the person the stick in order to get a reward,The animals hadn't met the person before the experiments,0.45925450325012207,No chimpanzee saw what the other chimpanzees had done,0.43313246965408325
1271,both chimpanzees and children can find their way to help others,children is more generous than chimpanzees in some ways,0.5212473273277283,both chimpanzees and children can do the difficult experiments,0.5063927173614502
1272,read books,do farm work,0.2920758820168162,repair a basket,0.2538189898545281
1273,children who dislike reading,children who dislike farming,0.643586773002843,children who like playing with water,0.5001010922107213
1274,clean,dirty,0.37036712999226196,light,0.32440267651057025
1275,The old farmer might be changed by reading.,The old farmer played tricks on his grandson.,0.5404129725794179,The old farmer was angry when he saw the empty basket.,0.506563967880977
1276,In the police station,In the office,0.37875640392303467,in the hospital,0.35135000944137573
1277,a student,a doctor,0.3337593972682953,a worker,0.32671481370925903
1278,a teacher,a doctor,0.32267528772354126,a nurse,0.2893091142177582
1279,Because it's too dangerous.,Because it's too difficult.,0.32114943861961365,Because it's too busy.,0.3037077486515045
1280,Lily needs the editor's help.,Lily thinks it's terrible to be a policewoman.,0.4436448812484741,Lily's mother likes to talk with Lily about the job.,0.43273335695266724
1281,fisherman,driver,0.1941010057926178,worker,0.17961570620536804
1282,Jack's father could catch little fish in winter,Jack's father was often ill in winter,0.5006595253944397,Jack's father had to look after him in winter,0.49356168508529663
1283,died,went out,0.3266029953956604,left,0.32335489988327026
1284,marry a wife,build a house,0.3478519916534424,give his aunt nice presents,0.3279545307159424
1285,he had not enough to buy a new one,his aunt was not going to mind it,0.3117404580116272,his aunt could not know whose name was engraved,0.2985847592353821
1286,To do business.,To buy oil.,0.2895384425280061,To relax.,0.26002173826581326
1287,Dubai now gets money mainly from selling oil.,Many international visitors come to Dubai every year.,0.4152394654268621,There are many foreigners working in Dubai.,0.41401455764129624
1288,Dubai is growing very fast .,Dubai was a big city before 1966.,0.40856452435785906,Many tourists come to relax on Dubai's beaches.,0.3899739268477762
1289,A new-born giraffe's first lesson.,A mother giraffe's story.,0.4767585991014024,The way for a giraffe to stand up.,0.4237378523883637
1290,Because they were similar to giraffes in some ways.,Because they all worked hard.,0.36251418361953447,Because they all liked to read some special stories.,0.3585095080867234
1291,Irving Stone spent a lifetime studying and writing stories about great people.,The great people can't stand up after they're knocked down for years.,0.43829756352950155,Baby giraffes can't stand up until three months old.,0.3587641925881927
1292,Learning to Get Back Up.,Stories about the great people.,0.3358431607364126,How to Raise a Baby Giraffe.,0.26179234151087705
1293,Three,Two.,0.4270290732383728,Four.,0.41945284605026245
1294,Take a deep breath and smile before you begin.,Write down the words first.,0.2949395179748535,Watch English films.,0.21310964226722717
1295,He can't remember new words.,He's not able to count English words.,0.4482439458370209,He's too shy to talk with others.,0.3116834759712219
1296,How to learn English,Talking about English films,0.4847710132598877,Advice about English writing,0.47207218408584595
1297,Sitting in your bedroom to remember words,Saying the English names for everything you see,0.30611106753349304,Practicing English with a foreigner in the street,0.2777462303638458
1298,000,180042113,0.4,12455,0.34499263763427734
1299,At 9:30 on Monday.,At 9:30 on Sunday.,0.4404684603214264,At 8:30 on Tuesday.,0.4204668700695038
1300,Call 1300369359.,Send a letter to his son.,0.3286381959915161,Go to a hospital.,0.30866459012031555
1301,Public libraries.,Shops.,0.32848817110061646,Post offices.,0.32761913537979126
1302,Australians go to work on 26th January.,Australians don't go shopping on public holidays.,0.5130939483642578,It costs 50 cents to send a standard letter.,0.33741408586502075
1303,loved,didn't like,0.351011723279953,hit,0.32560425996780396
1304,Sky,Wind,0.39153289794921875,Cloud,0.29771697521209717
1305,Cat,Mouse,0.32051143050193787,Wall,0.3181025981903076
1306,a mouse was always afraid of a cat,a cat was always afraid of a mouse,0.6833989024162292,he liked this beautiful name,0.29716408252716064
1307,five,four,0.4195805788040161,six,0.3769225478172302
1308,four,two,0.41571716820920906,three,0.39595860968142305
1309,fish,eggs,0.35052813705482994,milk,0.3010932496135903
1310,at about 13:00,from 7:00 to 9:00,0.4,at 19:30,0.4
1311,"soup, chicken or fish with vegetables","soup, milk and vegetables",0.579225218575517,"soup, bananas or milk",0.44327462060212713
1312,"No, not all the English people eat in the same way.","Yes, all the English people eat in the same way.",0.5783391716877118,"Sorry, we don't know.",0.34259889759205575
1313,The computer cannot work if the robot changes,The computer has changed a lot.,0.44378483295440674,They cannot repair themselves.,0.3501873016357422
1314,keep working after being damaged,remember a lot of information,0.3526150584220886,do housework for humans,0.34224382042884827
1315,They help the computer learn the robot's condition.,They can replace the computer when it's broken.,0.4386371374130249,They can send signals to the person who uses the robot.,0.3837009072303772
1316,Talking Plants and Friendly Warnings,Growing Plants and Mysterious Chemicals,0.48943986037970977,Communicating Plants and Terrible Diseases,0.46569114923477173
1317,a book,a programme,0.2798663377761841,a kind of drink,0.19996939599514008
1318,is wonderful and great,was really unhappy,0.32450488209724426,showed his love only to his own country,0.30850309133529663
1319,In Grade 6,In Grade 3,0.5780348181724548,In high school,0.3824116587638855
1320,Making word cards,Making sentences,0.5045125484466553,Turning to a dictionary,0.35064417123794556
1321,talking with foreigners,listening to tapes,0.36228394508361816,watching English movies,0.30193206667900085
1322,My story of learning English,The importance of learning English,0.608728289604187,How to speak English well,0.5349825620651245
1323,five,four,0.3237917721271515,six,0.31750327348709106
1324,tennis rackets,volleyballs,0.35124534368515015,ping-pong bats,0.34428855776786804
1325,six,two,0.3788045048713684,four,0.29703110456466675
1326,In a green bag.,On a green bag.,0.7595195174217224,In a yellow bag.,0.5029258728027344
1327,ping-pong balls,ping-pong bats,0.30643871426582336,basketballs,0.30188649892807007
1328,Because he doesn't have a brother or a sister to talk or play with.,Because he doesn't have holidays.,0.35766881704330444,Because his parents don't love him.,0.3304552435874939
1329,food,energy,0.3687868118286133,money,0.36654460430145264
1330,It is not easy to make a decision to have a second child.,All parents feel confident  about having a second child.,0.47879719734191895,Less than 14% of women in the UK plan to have just one child.,0.3965563476085663
1331,have her favorite food,have hamburgers and potatoes,0.35117981605798587,meet some new friends,0.2833882968817012
1332,easy to prepare,good for health,0.3554164999888626,quite expensive,0.3343209404617121
1333,"""hotpot"" wasn't ""hot pot""",hotpot wasn't traditional in the UK,0.43051849632240535,hotpot took little time to cook,0.4053620745884444
1334,he was a football fan,his father was a football player,0.44256478548049927,his mother was worried about him,0.28746968507766724
1335,Excited.,Sad.,0.33126986026763916,Terrible.,0.32491815090179443
1336,he knew his mistake,he nearly hit his father,0.3172042965888977,his father cut the football in half,0.3133922517299652
1337,was thankful to his father,didn't like it,0.36468297243118286,forgot his mistake,0.30897393822669983
1338,We should love and forgive our parents.,We must play football with our parents.,0.44079677689062285,We shouldn't make mistakes.,0.3078297037842726
1339,their pretty faces,their beautiful songs,0.37888872623443604,their lovely voices,0.3497561812400818
1340,They are getting on well with each other.,They are hard-working and talented.,0.3105342388153076,They don't go to school because they should take part in many training classes.,0.26535195112228394
1341,Wang Yuan,Wang Junkai,0.6090084314346313,Yiyang Qianxi,0.3281393051147461
1342,great,high,0.3031999196040562,full,0.2848094244614372
1343,The TFboys have become popular not only because of their good looks but also their hardworking.,The TFboys always work hard.,0.4145832061767578,The TFboys always try their best to do everything.,0.3913089334964752
1344,In the computer room.,In the library.,0.41024211049079895,In the supermarket.,0.3660554587841034
1345,A T-shirt.,A book.,0.24379172921180725,A basketball.,0.22783160209655762
1346,He is reading a book on the computer.,He is playing computer games.,0.5175189971923828,He is watching a movie on the computer.,0.47046518325805664
1347,They are friendly.,They are smart.,0.37080591917037964,They are strict.,0.3426375091075897
1348,Jenny is in China now.,Jenny doesn't like Chinese food.,0.48522132635116577,Jenny can speak Chinese well.,0.4609455466270447
1349,The date of World Wetlands Day.,Any special day.,0.4624592959880829,Some frogs.,0.36621659994125366
1350,All over the world.,In their own way.,0.3349473476409912,At home.,0.32997405529022217
1351,People celebrate World Wetlands Day by talking about the weather.,People celebrate World Wetlands Day by listening to talks about the wetlands.,0.6223348379135132,People celebrate World Wetlands Day by taking hips to local wetlands.,0.5937638282775879
1352,They are part of the balance of nature and the food chain.,"Without them, there may be no water.",0.3845076560974121,Bigger animals are eaten by them,0.3540479838848114
1353,Wetlands Are Important,World Wetlands Day,0.49948906898498535,Small Animals Are Also Important,0.48554420471191406
1354,summer camp,school,0.3591301191951402,person,0.32598781011846895
1355,twenty-two days,two months,0.3599315471302186,half a month,0.29954039852488035
1356,62197830,56791830,0.4,62187038,0.4
1357,Chinese culture,Chinese movies,0.5842890747071751,some sports,0.3570790069169668
1358,all the above,making a call,0.20879657815538943,sending an email,0.19332650949853075
1359,Both A and B,Children,0.3457106053829193,Adults,0.3399066627025604
1360,Judy born in Zooptopia becomes a police officer when she grows up,Judy doesn't always get on well with Nick,0.37607521693693513,Nobody believes Judy can become a real great policewoman at first,0.3686208498847061
1361,in their car,on foot,0.37682676807518156,by bus,0.37346466180236976
1362,one hour,half an hour,0.618251557489522,eight hours,0.34495076516445844
1363,policeman,husband,0.3471757809801393,wife,0.3346548893596077
1364,someone had opened his car door,his car was not there,0.39909602892034934,the policeman standing by the car,0.38707624414089886
1365,number,color,0.40164399215476165,door,0.27860105643039856
1366,walk behind women,walk ahead of women,0.5645703673362732,drive a car to work,0.35475945472717285
1367,walk ahead of the lady,walk behind the lady,0.5994667198630024,ask the lady to choose the table,0.40625530793591336
1368,walk on the closer side of the ladies to the traffic.,walk on the right side of the ladies,0.5750370025634766,walk near the ladies,0.4890756607055664
1369,walk between them,run before them,0.3581084609031677,go away,0.33608514070510864
1370,sit at the front seat,sit at the back seat,0.6152186989784241,sit beside a guest,0.4977267384529114
1371,It can travel back in time.,It can walk and talk.,0.3681224044256307,It can send me message.,0.33412760854467316
1372,E-friends make life more convenient in 3044.,Life in 3044 is the same as life in the 21 century.,0.5465746907385678,People are able to travel back in time rocket in 3044.,0.3787869159513585
1373,get to know it,play with his classmates,0.30114607620465317,see if the school was far,0.2778413225975741
1374,Because kids were coming one by one.,Because no one answered it.,0.5120115811365953,Because there was something wrong with it.,0.37262458267956455
1375,The son was invited to play in a kid's house later that afternoon.,The family moved to the new house on Saturday afternoon.,0.47484954148218284,The kids visited the house before the family arrived.,0.44525693793989907
1376,it's kind of people to help a new comer,it's easy to move to a new place,0.4386833165777571,it's good to make new friends,0.42300636971308314
1377,different foods or nothing,little food for breakfast,0.35946167928624756,very rich breakfast,0.30849930877890486
1378,breakfast has great effect   on work and studies,breakfast has little to do with a person's work,0.5672458044861685,a person will work better if he only has fruit and milk,0.489467422521241
1379,lose weight,lose your way,0.5327739068357249,work better,0.3905980483801629
1380,"The more breakfast you have, the more quickly you'll learn in class",It is bad for your health to have no breakfast.,0.47214800191371875,Too little for breakfast and too much for lunch may make you fatter.,0.39837309093283196
1381,doctor,gatekeeper,0.4,teacher,0.33511805534362793
1382,his medical skill is good,they don't pay him for it,0.36295032501220703,he's very polite,0.3525089621543884
1383,angry,sad,0.3864402770996094,strange,0.37402814626693726
1384,The young man thought Mr Johnson came to say sorry to him.,The young man was afraid to meet Mr Johnson.,0.6095940470695496,Mr Johnson wanted to drink with the young man.,0.5966389775276184
1385,Red,Yellow,0.3895263075828552,Green,0.3538568317890167
1386,rainy,sunny,0.41936397552490234,windy,0.4
1387,red can make people more excited,red can make people happier,0.5888734459877014,the scattering of red is very long,0.38441669940948486
1388,why we use red traffic lights,how to stop in time at traffic lights,0.5488709807395935,how the red light travels,0.4514596164226532
1389,The burning of fossil fuels and deforestation.,The burning of fossil fuels and storms and floods.,0.5691852569580078,The rising of sea level and deforestation.,0.40463295578956604
1390,The global warming,How to stop global warming,0.6195559501647949,The reason for global warming,0.6028894782066345
1391,Blu was the last one of this kind of bird.,Blu came from the US.,0.4467313885688782,"Jewel was a parrot, too.",0.3670962452888489
1392,To ask people to watch the movie.,To ask people to buy a bird like Blu.,0.4899165630340576,To tell people how brave Blu was.,0.4252196252346039
1393,which is not well prepared for snow,for which snow is not a problem,0.4959583794955022,for which snow is a wonder,0.48193060804616883
1394,service quality,traffic,0.36161208109620757,communication,0.3516512706182592
1395,people buy as much as they can,people eat more vegetables in winter,0.38935047488617197,shops have closed down,0.34367076817407494
1396,snow ploughs are not used often,the hospital is more important,0.33729379373156054,spreading salt is good enough,0.3346218801354681
1397,two and a half hours,five and a half hours,0.6198740615162743,five hours,0.4906514535606447
1398,standing and squatting,standing,0.7021188953319788,squatting,0.5314954343756121
1399,It's meaningful,It's meaningless,0.4,A bit tiring,0.35059204712965836
1400,"It's a wonderful chance for the students to take part in such an important celebration.""",Their parents also took part in a national day celebration.,0.47969822722456007,Now it's my turn!,0.3958664769967604
1401,felt too shy to speak to him,wanted to practice English with him,0.37989241180458416,hoped to invite the foreigner to the bar,0.2996270808976254
1402,didn't like bars,was very excited,0.31165999224516566,didn't go to the bar,0.28788060108121283
1403,Tony made a lot of noise every night.,The grandmother thought Tony might cause some trouble.,0.41598778393365377,Tony was an English expert in environment.,0.40621880331653837
1404,A Foreigner in Beijing,A Bar in Tibet,0.3916861938764902,Foreigners Like Bars,0.3856330150609855
1405,Both A and B,There were many animals on it.,0.3180671738423343,It was full of grass.,0.286487924373071
1406,"Both A, B and C",The farmer rebuilt the house and feed many livestock.,0.24972735065633903,The farm became a completely different place.,0.24970363619755517
1407,"Yes, there is.","Yes, and some hens are swimming in it.",0.49657265506307713,"No, there isn't",0.4
1408,"Yes, he does","Yes, he is.",0.7839872299480001,"No, he doesn't.",0.4
1409,give his father kisses,have a talk with his father,0.4488503336906433,buy his father a gift,0.4379209280014038
1410,sad,sorry,0.34448835253715515,excited,0.3161074221134186
1411,was killed in an accident,was badly hurt in an accident,0.5270633697509766,had to go back to school,0.2846781313419342
1412,we should learn to give and receive love,love can make people happy and unhappy,0.425529031759327,it's important to love people around us,0.40808356881373625
1413,the father is busy with his work,the father doesn't like the boy,0.4691216051578522,the boy is hard -working,0.3634566068649292
1414,Go out.,Help his mother.,0.2836359268396526,Watch TV.,0.26828691912328195
1415,happy,scary,0.31875672429823887,dangerous,0.2948974963639276
1416,The color of Robbie's raincoat is red.,Robbie's mum doesn't wear a raincoat in the rain.,0.49787224013173415,The raincoat can stop the rain.,0.44237645646051316
1417,Fun in the rain,It's raining,0.3888746592459167,Robbie's raincoat,0.3808224080211172
1418,middle school student,teacher,0.4167104959487915,worker,0.3045455813407898
1419,Grade Three,Grade Two,0.5535712242126465,Grade One,0.5306071043014526
1420,he wants to know something about soccer game,his father wants him to read them,0.3743511438369751,he likes to read news,0.3056643307209015
1421,he wants to watch the soccer game,he doesn't like English or Chinese classes,0.31404298543930054,his father is ill in bed,0.2903526723384857
1422,Mrs. Black is going to take Peter to see a doctor .,Peter is a 13-year-old boy.,0.4202645421028137,Peter isn't an honest (  ) boy.,0.4115156829357147
1423,was dead,was poor,0.2902275621891022,was rich,0.2866151034832001
1424,she had no nice clothes,she hated dances,0.30525848269462585,She didn't like the prince,0.29805225133895874
1425,very old,a present from her stepmother,0.29798961988865785,a present from her sisters,0.27843064069747925
1426,hurried home,She stayed in the hall,0.2758289873600006,turned into an ugly girl,0.2544095814228058
1427,big feet,small feet,0.6053247451782227,animal feet,0.6017776727676392
1428,things to do for the weekend,prices to pay for the sports events,0.2999502122402191,famous players,0.2880210280418396
1429,You can watch it without paying.,You don't have to be a sportsman to take part in.,0.36345122091811555,Many foreign teams take part in it.,0.32167733391397646
1430,5012372,7144850,0.3735993504524231,4675027,0.36971035599708557
1431,after summer,in the winter,0.3659265253146835,in spring,0.3133495421185753
1432,were well trained,lost their parents,0.3264566183884957,liked Bill,0.24000760648015604
1433,it's warmer there,it's a beautiful place in the United States,0.32190223724241696,it's 600 miles away from his home,0.3213672742837491
1434,by themselves,in the winter,0.2307192246766678,in Bill's plane,0.09623161935473318
1435,likes the birds very much,taught the birds to fly,0.42593884142969535,stayed in Virginia with the birds,0.39773277069455704
1436,Grade Two.,Grade Three.,0.5241464376449585,Grade Four.,0.5153970718383789
1437,Eggs and apples.,Eggs and carrots.,0.5607055425643921,Chicken and apples.,0.5437781810760498
1438,a test,a trip,0.31998416781425476,a party,0.26205042004585266
1439,They play.,They draw pictures.,0.3788783848285675,They swim.,0.3758157789707184
1440,Cindy is a good student.,Cindy's mother is a teacher of history.,0.45419174432754517,Cindy likes the blue shirt.,0.41833093762397766
1441,playing basketball,drinking,0.36952529672922374,dancing,0.3376691898695629
1442,Some girls.,Some boys.,0.45119439217848073,Some women.,0.38487490496778226
1443,blue,red,0.46034553779309717,yellow,0.4364002493702285
1444,a teacher,a doctor,0.38630053800576714,a woman,0.3606219636529732
1445,the park,the zoo,0.39305243070920104,my home,0.37374666910544774
1446,How A Fish Protect Its Young,A Cat That Swims,0.394853413105011,Laying Eggs,0.3750520348548889
1447,rivers,lakes,0.4459308385848999,North America,0.3736649751663208
1448,tiny,large,0.4239862859249115,very brave,0.40043601393699646
1449,in greater danger,safer,0.3825167033163062,happier,0.3481362112866818
1450,strange,dangerous,0.36184550989873,easy,0.3343064613422401
1451,eleven,twelve,0.4102543592453003,thirteen,0.3531288504600525
1452,a toy,apples,0.33507606387138367,a big cake,0.315771222114563
1453,singing,dancing,0.4560422897338867,playing cards,0.38791289925575256
1454,She takes a bus,She takes a car,0.6086238622665405,She rides a bike,0.4138581156730652
1455,"apples , oranges, bread and a birthday cake with candles on it","some apples , oranges and a birthday cake with candles on it",0.688605546951294,"some apples , bread and a birthday cake with candles on it",0.6799847483634949
1456,She starts a new job.,She lives an easy life.,0.3392390310764313,She has more grandchildren.,0.2696272134780884
1457,at the age of 70,in the year 1940,0.3139556050300598,when she gets married,0.30983930826187134
1458,a man from New York,her daughter,0.3021947145462036,the owner of a store in town,0.2864307165145874
1459,it is never too late to start a new job,people like her paintings but do not like her,0.3113057017326355,Grandma Moses is too old to paint at age 100,0.29892534017562866
1460,Grandma Moses and Painting,Grandma Moses' Day,0.6404013633728027,Grandma Moses' family,0.639540433883667
1461,Australian,American,0.50477534532547,Japanese,0.37589746713638306
1462,doing housework,Chinese food,0.385904461145401,cooking,0.35063961148262024
1463,China,Chinese food,0.3914835751056671,School,0.3274763822555542
1464,in their drama classes,in a theatre,0.35439449548721313,in a radio station,0.30742955207824707
1465,by car,on foot,0.3800079822540283,by bike,0.3701264262199402
1466,Because it is fun and there is much to do in the school.,Because they will be actors in the school.,0.40783512592315674,Because they can make TV programmes and films in their drama classes.,0.3266344666481018
1467,"In California, children can learn to drive three months before their fifteenth birthday",Lots of students have to spend much money parking their cars in the school parking area.,0.37102799015550936,The biggest activity of the school year is the school dance.,0.36094891298331977
1468,To go through something unhappy.,To go to a concert.,0.5361523032188416,To join the army.,0.2888035774230957
1469,"The music in ""to face the music"" is a kind of terrible music.","Here are two explanations about the expression ""to face the music"".",0.5396103659604314,"When you face the music, it means that you must go through it.",0.5097711086273193
1470,religion,himself,0.4,his teacher,0.34099963307380676
1471,early 1980s,1620,0.4,late 1990s,0.3695032000541687
1472,20,10,0.425980806350708,50,0.4016454219818115
1473,all kinds of,three kinds of,0.6101200580596924,four kinds of,0.6002790331840515
1474,a lot of fruit and green vegetables,little sugar and green vegetables,0.5569972395896912,a lot of fruit and sugar,0.5428761839866638
1475,because Chinese food has many dishes,because we don't eat Chinese food.,0.5087960958480835,because Chinese food has fruit,0.49558693170547485
1476,they are too busy to have lunch slowly and the western food meets their need,the western food is very bad,0.3967721462249756,the western food is very delicious,0.3835127651691437
1477,don't take enough exercise,take enough sleep,0.6452654600143433,don't take swimming lessons,0.530729353427887
1478,think about one thing,talk with someone,0.3557530975395923,watch TV,0.35567950871381837
1479,study well,play music,0.36087467516268307,do sports,0.3505130547063589
1480,England,Canada,0.42348742485046387,the USA,0.4073067903518677
1481,student,Chinese,0.3738724887371063,boy,0.3703640401363373
1482,round,long,0.3751518726348877,wide,0.37120962142944336
1483,small,wide,0.36874425411224365,long,0.3379492163658142
1484,Chinese,teacher,0.2742464542388916,boy,0.2514559328556061
1485,staying at home without their parents,studying by themselves,0.31988799571990967,getting along with others,0.3158276081085205
1486,Scary but fun.,Funny.,0.4028833508491516,Great.,0.38122180104255676
1487,He does what he likes to do.,He eats a lot of food.,0.30555057525634766,He fights with his brother.,0.2999271750450134
1488,She turns on the radio.,She waits outside the door.,0.3372352719306946,She finds another person to talk to.,0.32551103830337524
1489,have the phone numbers of their parents,watch TV or listen to the radio,0.29056546092033386,make sure that the house is clean,0.2633586525917053
1490,Tommy,Tina,0.3519289493560791,Mimi,0.34283044934272766
1491,It is on the bed.,It is in the schoolbag.,0.3127456307411194,It is under the chair.,0.3105023503303528
1492,Mimi,Mike,0.37948423624038696,Tommy,0.3357507884502411
1493,Tommy's cat,Tina's cat,0.5322181582450867,Tommy'sschoolbag,0.4
1494,Mimi,Jim,0.361147940158844,Tina,0.32855087518692017
1495,To play jokes on others.,To put others into trouble.,0.4871424436569214,To play with his brother.,0.4836093485355377
1496,worried.,excited.,0.3337383270263672,interested.,0.26142317056655884
1497,came to help him,didn't care about him,0.33166682720184326,stopped to look at him,0.3307439088821411
1498,The writer hasn't joked on others since he was saved by his friends.,The writer used to have few friends because he hardly told the truth.,0.4934082627296448,The writer used to go swimming alone in the deep sea.,0.4091944098472595
1499,doll,ball,0.37506192922592163,dog,0.35629069805145264
1500,treated her doll so carefully,didn't like to play games with them,0.36137163639068604,looked so thin and ugly,0.33575302362442017
1501,it was as well looked after as before,it looked old and terrible,0.3951663374900818,she threw it away,0.3146549463272095
1502,feel very excited and joyful,think of her old friends,0.3103761741251543,wish to go back to her hometown again,0.28516642238704404
1503,7:00 pm,9:00 pm,0.6933722496032715,8:00 pm,0.6933722496032715
1504,more,some,0.4,many,0.2647253592001421
1505,$23.90.,$14.95.,0.4,$17.90.,0.4
1506,can experience how a record was set,may set a world record of their own,0.5237760543823242,will surely meet one who set a record,0.5175870656967163
1507,his,my,0.4,her,0.4
1508,behind the door,behind a door,0.7520772814750671,near the door,0.5695361495018005
1509,some books and a clock,some books and clocks,0.5784309506416321,a book and a clock,0.5434028506278992
1510,near the bookcase,on the bed,0.33178919553756714,behind the door,0.32180240750312805
1511,in the schoolbag,on the floor,0.38173767924308777,on the desk,0.36715489625930786
1512,They didn't get their tickets.,They didn't join the QQ group.,0.33083495481415237,They didn't find the order number.,0.3200333060014049
1513,In half an hour.,In an hour.,0.6090591773257319,In 30 hours.,0.30742473793557396
1514,People can easily book train tickets online without any problems.,The people who didn't get tickets can get their money back.,0.46255684383734463,The online booking system didn't get the payment information.,0.4131386424735911
1515,They want to get back their refunds.,They want to get the payment information.,0.5365964219230399,They wanted to chat with each other.,0.33351836108305233
1516,England,America,0.38926498721899583,German,0.365843848775077
1517,To have a better look at his painting.,To pour some paint on his painting.,0.44229022634685144,To paint a bow in his painting.,0.4403728582575001
1518,He shouted to the artist and painted his painting.,He painted a famous painting himself.,0.5128425129237606,He stopped mixing the paints.,0.31389863491371417
1519,He would be thankful to be the assistant for having saved his life.,He wouldn't allow the assistant to work with him any more.,0.49185895172256444,He would be angry with what the assistant had done.,0.49128695489703045
1520,see some places for the last time,reach the destination on time,0.4186025972678828,show she was familiar with the city,0.311607437119256
1521,wanted to give her a hand,was in a hurry to take other passengers,0.3078484783088248,shut off the meter by mistake,0.29479401434238917
1522,An act of kindness can bring people great joy.,People should respect  each other.,0.47231524243916084,"No pains, no gains.",0.4
1523,an interview,a conference,0.4,education,0.3676657629564909
1524,Paul broke the rules before arriving in New York.,Now Paul runs companies both in New York and Texas.,0.5712354664509954,Paul had worked in Texas for three years.,0.43348031428369327
1525,The older man's advice influenced Paul greatly.,Paul had a talk with a clever man during the trip.,0.500736737678267,The older man lived in New York.,0.47308453339421275
1526,Time to be quiet,Studying in the Journey,0.3577181235018779,You're not alone,0.35351556938064554
1527,all of above.,remember things easily,0.15760363638401031,learn things quickly,0.14375542104244232
1528,noisy,clean,0.38107457756996155,big,0.3805771470069885
1529,bad,well,0.34378689527511597,good,0.30783316493034363
1530,clean the desk,tidy the room,0.44300535321235657,turn off the light,0.37603840231895447
1531,Good Study Habits,How to Study,0.512032151222229,How to clean the desk.,0.35490667819976807
1532,on the top of the right corner,at the left corner,0.493549108505249,At the beginning of the letter,0.26640671491622925
1533,all of the above,The number of the house,0.22492237389087677,the name of the city and country,0.22026817500591278
1534,A and B,Dear Mr/Miss/Mrs,0.3356028199195862,Dear sir,0.3062863051891327
1535,You can write your name and address on the top of the left corner.,We can begin the letter at the right corner.,0.40705394744873047,The English letter is the same as the Chinese letter.,0.31952965259552
1536,How to write English letters,How to write Chinese letters,0.5982693433761597,The advantage of writing letters,0.46421536803245544
1537,an English boy,an English girl,0.5695186853408813,a girl,0.3953741192817688
1538,brothers,sisters,0.40174442529678345,a sister,0.34844809770584106
1539,Beijing,England,0.35220861434936523,Jinan,0.34467262029647827
1540,next to the TV,on the bed,0.35401755571365356,behind the ball,0.3328096270561218
1541,playing football,playing tennis,0.5566591024398804,taking photos,0.3478989899158478
1542,3463,3634,0.4,3464,0.4
1543,the cinema,the visit,0.34503767535948915,the shop,0.3306862793875951
1544,Because the man didn't say to her but said something else.,Because the man said sorry to her,0.5269978569695756,Because the man's voice was very low,0.48066020801575016
1545,Three women,An old man,0.3016476035118103,Her mother,0.2756859064102173
1546,the writer became rich.,the writer hoped to help more orphans.,0.40238499641418457,the writer didn't like Christmas gifts at all.,0.3912178575992584
1547,happy,bored,0.31423673033714294,tired,0.31419652700424194
1548,The writer wanted to do something special for the old people at Christmas.,The writer and her friends invited 125 orphans to come to the Christmas party.,0.45277076959609985,The three women taught the writer how to help others.,0.4103187918663025
1549,A special Christmas,My first Christmas.,0.5891284942626953,How to choose Christmas gifts.,0.5056782960891724
1550,New cell phone rules in China.,New cell phone services.,0.5894266963005066,How to use a cell phone.,0.511081874370575
1551,ID card.,Student ID card.,0.5911282896995544,Driving license.,0.2963534891605377
1552,the police will find the people behind messages,you will receive more junk messages,0.3392339050769806,the cell phone service company may stop your service,0.25536876916885376
1553,12,31.3,0.4,43.3,0.4
1554,Netherlands,Japan,0.383281946182251,Australia,0.3636060357093811
1555,needed a lot of practice,cost a lot of money,0.5504195509928648,would make Susie have no time to study,0.28266150996761297
1556,She helped her mom with chores around the house.,She told her mom she was ready.,0.3733976045054978,She asked Emma to tell her mom that she was ready.,0.3496010294639177
1557,She did not play the piano.,Her piano flashcards were interesting.,0.4014176818022801,She had the same teacher as Emma.,0.311997063279695
1558,Surprised.,Bored.,0.27441381253710817,Tired.,0.24908150408582158
1559,play volleyball,play the piano with Emma,0.4418637809663468,read her book,0.3067281816099595
1560,suffers a lot from the drought,will import wheat from other countries,0.3462848570475827,has a good wheat harvest this summer,0.33543216815872046
1561,make sure of getting its future food,help the poor people there,0.3384962145880728,build up a good relationship with Ukraine,0.31700005038080437
1562,Because they hardly express their love.,Because they hardly meet each other.,0.46739537414452426,Because they hardly speak to each other.,0.46027603379772547
1563,"love means sending flowers on Valentine's Day and saying
""I love you.""",her parents love to make money.,0.37444374308503336,her mother enjoys doing chores at home.,0.36608919053604877
1564,the love between her parents,the relationship between her parents,0.5786868733168238,the daily life,0.3561051023346321
1565,impossible,comfortable,0.45513226003774115,enjoyable,0.4304026357668814
1566,Love in mind.,My parents' love.,0.5623164410027494,Life without love.,0.51431770407664
1567,black,white,0.4199816584587097,blue,0.3452211618423462
1568,the desk,the bookcase,0.46509161591529846,the chair,0.4365788698196411
1569,an English dictionary,an English book,0.5782651305198669,a Chinese dictionary,0.546258807182312
1570,in his desk,on his desk,0.6999783515930176,on his bed,0.3367885947227478
1571,Jack has a photo of Emma's room.,Sam is Jack's brother.,0.590856671333313,Jack's brother doesn't have a baseball.,0.5837533473968506
1572,Walking,Dancing,0.4090367555618286,Playing,0.3585728108882904
1573,Helen left the door of the cage open. The larger bird flew from the cage,the larger bird was moving back and forth in the cage,0.5090460777282715,the smaller bird was dead in Helen's hand,0.44696682691574097
1574,Because Helen realized the bird wanted freedom very much.,Because Helen hated the bird.,0.433228075504303,Because Helen could call the bird back again.,0.4291233420372009
1575,How to keep love.,How to feed birds.,0.30007416009902954,Helen's favorite birds.,0.293506920337677
1576,castles,museums,0.3831154406070709,some places,0.3628491163253784
1577,Days are very long in winter in Britain.,Many museums are not closed in winter.,0.4663237929344177,There are many visitors in July in Britain.,0.4053058922290802
1578,spend more money.,save a lot of money.,0.5256410837173462,get a little money.,0.5228034853935242
1579,How to have a cheaper trip in Britain.,How to travel to Britain.,0.5272789001464844,When to travel to Britain.,0.5272789001464844
1580,in your high school years,at the beginning of your high school years,0.6641812324523926,before your high school begins,0.6083168387413025
1581,get lazy,get a job,0.6313267946243286,find your interest.,0.3632808029651642
1582,Ideas of successful high school life .,Have a happy school life.,0.5600293278694153,Make your school life easy .,0.53580242395401
1583,he wanted to play a joke  on him,he wanted to save some money,0.4498153328895569,he didn't have enough money,0.3117443323135376
1584,lying under the seat,lying on the seat,0.7643868923187256,sitting on the seat,0.5916481614112854
1585,he wanted all the people here to know there was a man under the seat,he enjoyed doing so,0.35599857568740845,the conductor was standing far away,0.3556440770626068
1586,make rules for Internet use with parents.,believe everything they read on the Internet,0.40706777572631836,send their own photos to him.,0.38603445887565613
1587,get useful knowledge and information,give out a credit card number,0.38956260681152344,go into a chat room as they'd like to,0.360016405582428
1588,Using bad language.,Sending messages and e-mails.,0.33918023109436035,Leaving the site if you feel uncomfortable.,0.3100687861442566
1589,have a face-to-face meeting with anyone you met online.,read anything on the Internet.,0.3358190953731537,treat other people as you'd like to be treated.,0.3348715901374817
1590,Internet safety rules,Surfing on the Internet,0.5367196798324585,Information on the Internet,0.5143747329711914
1591,is important in ancient Chinese culture,is unimportant in foreign culture,0.3945350646972656,is something about God,0.3445636034011841
1592,could suggest lucky and unlucky things,couldn't be interpreted,0.5723147863133615,were always different from the facts,0.3761047422885895
1593,nervous,bored,0.4256090521812439,excited,0.3843348026275635
1594,There are no secrets in the book Duke of Zhou Interprets Dreams,Duke of Zhou Interprets Dreams is a book about dream interpreting.,0.6078612804412842,Dreams sometimes are the opposite of the facts.,0.4075363874435425
1595,had different holes,had different sizes,0.6649649064169835,had different shapes,0.6603956496995788
1596,came out of the other ear,came out from the same ear,0.7529123673165958,came out from its mouth,0.5710039206551931
1597,the second toy,the third toy,0.607531088371277,the fourth toy,0.5931861548235338
1598,to help students know different people,to do an experiment,0.3289821684280314,to teach toys how to make a friend,0.31105405575134903
1599,The third toy represents the people who you can believe.,The first two toys represent the people who don't really listen to you.,0.44158625428106024,All the toys had two holes and had no differences.,0.4006924121626937
1600,a science book,a detective storybook,0.4,a sports newspaper,0.3674354234145568
1601,Lots of animals lost their living areas.,Many buildings were ruined.,0.39129893583858566,Roads and bridges were damaged.,0.38430234182383294
1602,A break in the earth's crust in California is called the San Andreas Fault.,A large earthquake in Southern California would destroy food supplies.,0.4703575073576117,Lots of people would be without power or water for days after the earthquake.,0.3816136506876251
1603,the earthquake is so terrible that we need to be prepared,there will be a terrible earthquake in weeks,0.5834278225288779,the coming earthquake will destroy a lot of supplies,0.4466191362229105
1604,Their father.,Their mother.,0.3699515759944916,Their sister.,0.34589654207229614
1605,They walk.,They take the subway.,0.33316031098365784,They ride a bike.,0.32760244607925415
1606,have dinner,watch TV,0.3187725841999054,take a walk,0.26341554522514343
1607,Harry will start walking because he wants to be healthy.,Jane and Harry aren't in the same school.,0.4564853310585022,It takes Jane's father 30 minutes to wash his car.,0.4036276340484619
1608,Six.,Eight.,0.45007964968681335,Seven.,0.44987785816192627
1609,After you sneeze or cough.,After you shake hands with others.,0.3314952254295349,Before you go to bed.,0.3240249454975128
1610,"If you drink sodas and coffee,you will not need to drink water.",The people who eat breakfast are healthier.,0.39229440689086914,Smoking is bad for your health.,0.3543291687965393
1611,England,America,0.37875866889953613,Australia,0.3628008961677551
1612,He is Tony's Chinese teacher.,He is Tony's English teacher.,0.5614564418792725,He is Tony's father.,0.43314480781555176
1613,50.,20.,0.414512574672699,30.,0.39852648973464966
1614,Mary.,Alice.,0.35512638092041016,Tom.,0.3349665403366089
1615,Tony.,Mary.,0.3280743360519409,Tom.,0.29199445247650146
1616,Making sure if what she reads is true.,Refusing to read.,0.3361712694168091,Reading more poems.,0.3156323399132823
1617,In their Chinese textbook.,In their Chinese class.,0.5404722094535828,In a Tang poem.,0.33566516637802124
1618,Gu Zhenbiao.,Zhang Jiayi.,0.3934839069843292,Liu Yan.,0.3798617720603943
1619,Liu helped the students find out if the picture was wrong.,The students were upset when their teacher read the letter to them.,0.4205282926559448,The teacher knew the expert would reply.,0.38866227865219116
1620,It's important to have the spirit of questioning.,It's important to find mistakes.,0.48752522468566895,It's important to share your own ideas with others.,0.47385936975479126
1621,violin,guitar,0.3597835302352905,singing,0.33510029315948486
1622,every Friday evening,every evening,0.6252748966217041,every Friday morning,0.6182901263237
1623,have classes for singing skills,have dancing lessons,0.33478114008903503,have piano lessons,0.31661635637283325
1624,students can make some new friends in the club,students must   pay to join this club,0.481303870677948,students must sing very well to join this club,0.4630556106567383
1625,more,no,0.4,less,0.17660622372030918
1626,one third of,two thirds of,0.3818782981116545,as small as,0.3758437078243721
1627,everyday life,journeys,0.4,sport,0.3652532292601179
1628,more useful than,as useful as,0.8166519132747964,not so useful as,0.8166519132747964
1629,rice,chips,0.3601016402244568,bread,0.33498436212539673
1630,A and B,China,0.33289530873298645,Australia and America,0.32996129989624023
1631,surprised,nice,0.34098178148269653,lovely,0.31723737716674805
1632,food,vegetables,0.38287797570228577,fruit,0.360683798789978
1633,Fish is very popular in Japan and England.,People in China and America eat the same food.,0.32905465364456177,People in different places eat same things,0.3224756717681885
1634,why he had more questions than the students,his knowledge had something to do with the circles,0.30544379314672665,how he could get more knowledge,0.28457131911845657
1635,the students had fewer questions than the teacher,the students had more questions than 0the teacher,0.7250927664993811,the teacher had so many questions,0.5979421853861088
1636,knowledge,kindness,0.4027801006007001,patience,0.35514088577031766
1637,it's never too old to learn,every one of us should try to be a learned man,0.34380215522961777,"the more questions we have, the more knowledge we may get",0.32001664485990666
1638,four,five,0.43175596213984424,three,0.42392124427548616
1639,a sister,sisters,0.3798576479064604,a brother,0.3703191370890702
1640,It is next to the books.,It's is on the bed.,0.39616708289441155,It is on the wall.,0.3692347243176315
1641,Some pictures of pop singers,His friends' picture.,0.4009368473597253,David's photo.,0.32288751293013906
1642,big,small,0.3985404026790912,bright,0.34700659656909694
1643,danced,cried,0.4260498285293579,laughed,0.4219566583633423
1644,29,28.,0.46140992641448975,27,0.45891818404197693
1645,She is a north Korean singer.,She has two younger brothers.,0.39961737394332886,She likes spicy and salty food.,0.35151636600494385
1646,Bai Seul-Ki doesn't have a good family life.,Bai Seul-Ki can't cook,0.4187746047973633,Bai Seul-Ki became interested in dancing after she left school.,0.40026170015335083
1647,Soccer,Ping-pong,0.4,Basketball,0.3610385060310364
1648,Smith,Tom Smith,0.5102935433387756,Tom.,0.27805376052856445
1649,Tom's father,Tom,0.6036312580108643,Tom's mother,0.5484151840209961
1650,4,3,0.4592238962650299,5,0.44286108016967773
1651,"No, they don't.","No, we don't.",0.4,We don't know.,0.2668822109699249
1652,It means a lot for a whole country.,It helps the country out of natural disasters.,0.42015501856803894,It brings the winners satisfaction and money.,0.34293549959820446
1653,People around the world play soccer just for fun.,The most famous games are the Olympic Games.,0.39114904403686523,The game called bones can be helpful to the Arabian children.,0.36350834369659424
1654,Games and real life.,The popular games.,0.49624085426330566,Children's games and the future.,0.473331093788147
1655,they have very good memories,they often eat good food,0.43728846311569214,they read a lot of books,0.30665865540504456
1656,when he is a small child,at the age of six,0.3299647569656372,after he goes to school,0.3009084463119507
1657,hear and remember the sounds,make sentences,0.38192570209503174,think hard,0.3636412024497986
1658,they have too much time for it,they have no recorders,0.4,they are busy with other subjects,0.3039045035839081
1659,if you do more and more exercises,if you do morning exercises every day,0.46690481901168823,if you get up early,0.3657281994819641
1660,Some people.,Everyone.,0.28712597489356995,The writer.,0.25345343351364136
1661,A school connected to the Internet.,A school with many new computers.,0.38389766216278076,A school with many new students.,0.3789482116699219
1662,schools are still necessary,there should be fewer schools,0.4984793961048126,more schools should be built,0.4965326189994812
1663,Because whole city is connected to the Internet.,Because everyone can go on the Internet.,0.4224631190299988,Because Scientists could give talks through the Internet.,0.39668703079223633
1664,"If you are a student, you can set up websites to show new technology.",Technology will change our way of learning.,0.3589121401309967,The schools provide computer labs for those who have no personal computers.,0.32232335209846497
1665,Because she doesn't clean the house.,Because she doesn't finish her homework.,0.32969555258750916,Because she isn't good at English.,0.28655681014060974
1666,She feels frustrated about her.,She thinks Sally studies very hard.,0.3766099512577057,She thinks Sally is a bad girl.,0.35892435908317566
1667,Good grades and praise,Enough good food.,0.5288729667663574,Enough money,0.36416369676589966
1668,Because she can have more energy to do some cleanig in her house.,Because she has many important things to do.,0.308814086324126,Because she will have enough time to watch TV.,0.2821245637072868
1669,Sally's teacher feels frustrated about her.,Sally feels very tired after she finishes her homework.,0.5236578583717346,Sally love her mother deeply.,0.44384926557540894
1670,to suggest we should keep up with the times,to prove that the athletes have done better,0.35495761334093473,to introduce high-tech sports equipment,0.35107780504387887
1671,miss a shot,keep his habit,0.32032889127731323,develop his skills,0.29212337732315063
1672,success is a strong habit,success is a habit that is not difficult to break,0.5292530059814453,he had worked very hard to be successful,0.3389245867729187
1673,working hard,collecting things,0.32672393321990967,smoking,0.2972460389137268
1674,make success a habit,make an advertisement,0.5451812744140625,keep throwing,0.3477066159248352
1675,all the above,on TV,0.22443552315235138,in newspapers,0.17702451348304749
1676,they are famous,they all like white coats,0.2496904730796814,they are all experts,0.2448817640542984
1677,a kind of soap,a kind of flower,0.5808430314064026,a kind of car,0.5651042461395264
1678,sometimes fool us,tell us a story,0.5140934586524963,always make us strong,0.4570079445838928
1679,On children's clothes.,At a cinema.,0.41017946600914,In the park.,0.3622983694076538
1680,Kitty is shy.,Kitty is cute.,0.5603649616241455,Kitty is an idol.,0.5373051762580872
1681,Chinese,Australians,0.27276045083999634,Englishmen,0.2649097442626953
1682,The introduction of Hello Kitty,Kitty products,0.5219352841377258,A white kitten with no mouth,0.4033721387386322
1683,In a park.,In the zoo.,0.4393690824508667,In a school.,0.3474915027618408
1684,pushing her swing to go higher,offering some food to her,0.3793959617614746,sending her home,0.3485066592693329
1685,was waiting for her daughter,was waiting for the bus,0.5821533203125,was talking with her daughter,0.5007098317146301
1686,Kindness Brings Happiness,Smile and Love,0.40828824043273926,A Warm Hug,0.39644020795822144
1687,at school .,at home,0.3936169147491455,on the farm.,0.3509557247161865
1688,crowded,dirty,0.3527444303035736,clean,0.34858328104019165
1689,under,on,0.4,near,0.24625515937805176
1690,"Many people die in a fire, not because of the fire but smoke.","When there's a fire, don't leave the classroom quickly",0.483290433883667,"When you want to get out of it, you shouldn't make yourself close to the floor",0.3925471305847168
1691,Safety Education,Health Education,0.547002375125885,Habits Education,0.5375681519508362
1692,60,29,0.3614925146102905,18,0.318988561630249
1693,during the May Day holiday,on May 18,0.5191627144813538,on April 16,0.3458814024925232
1694,Chengdu,Huainan,0.33650463819503784,Taishan,0.3242858648300171
1695,help grow better tomatoes,help the people in Ya'an,0.5514470934867859,forget the terrible time,0.3687756359577179
1696,water,river,0.40592968463897705,earth,0.39311453700065613
1697,black,white,0.45819535851478577,clean,0.29058659076690674
1698,dirtier and dirtier,more and more,0.4,cleaner and cleaner,0.3879389762878418
1699,four,three,0.46978026376985405,five,0.44165686966216183
1700,Jim's father,Jim,0.5175896790906326,Jim's mother,0.5027526262860198
1701,brother and sister.,two boys,0.34620414324041937,Two girls,0.3422709095552151
1702,aren't,isn't,0.4,don't,0.4
1703,She's playing games.,She's doing her homework.,0.33190623640020245,She's looking for a pen.,0.2861174362844203
1704,take children to play games at the City Theater,"go to concert at Rose Hall, City College",0.4199676513671875,go to watch a ball game,0.37709930539131165
1705,is outside,is at the gate,0.3660467267036438,might be warm,0.30254054069519043
1706,go to the Central Park,go to the City Theater,0.5331598520278931,go to see a movie,0.5150591135025024
1707,a music group,a U.S. concert,0.34360814094543457,going to give their last concert,0.3258852958679199
1708,Having a picnic and watching a movie.,Watching a movie and listening to a concert.,0.5547753399338187,Watching a ball game and having a picnic.,0.5482208695331207
1709,The names of the persons they didn't like and the date.,The names of the persons they liked and the date,0.6234893202781677,Their own names and the date.,0.5365587472915649
1710,Threw them away.,Give them away,0.605709969997406,Ate them up.,0.30396369099617004
1711,in their friends' houses,on the seats in a car or on a bus,0.2936231195926666,inside their quilts,0.25505003333091736
1712,"Less hatred, happier life.",Keeping sadness and hatred.,0.4727391302585602,Carrying potatoes.,0.3270748257637024
1713,7,8,0.4962247312068939,6,0.47715944051742554
1714,Language.,Money.,0.2761760354042053,Appliances.,0.22270290553569794
1715,To give you some advice on what you should pack when you're in Eastern Europe.,To tell you something about the life in Eastern Europe.,0.47869032621383667,To tell you it's not easy to stay in Eastern Europe.,0.4670677185058594
1716,important,interesting,0.30990123748779297,beautiful,0.30492013692855835
1717,he or she enjoys,is very big,0.3863503932952881,you like,0.29489827156066895
1718,teddy bear,water gun,0.4475831389427185,basketball,0.40017518401145935
1719,How to choose a gift,Where to buy expensive gifts,0.4308233857154846,The meanings of gifts,0.37299638986587524
1720,to see lovely places,to work,0.3506090330139479,to his home,0.3354075038647135
1721,when Jim is with her,when she is at school,0.35412840933527967,when she is at home,0.34837686660046185
1722,by car,by bikes,0.414995260975054,by bus,0.3728847700268185
1723,Helen wants to look more lovely.,Helen doesn't like Jim.,0.46904902804408055,Helen's mother knows Helen very much.,0.45997344272987656
1724,when she doesn't see things clearly.,when he doesn't see things clearly.,0.817547331931858,when he sees everything clearly.,0.48052434085911444
1725,some fungi are useful to humans and the environment,fungi can move everywhere by themselves,0.4970575645047045,some fungi can make food from the energy in sunlight.,0.4630874605753512
1726,In a biology book.,In a farming book.,0.6373996195263614,In a geography magazine.,0.41099690587837445
1727,he had nothing to eat for a long time,he was poor.,0.3293531835079193,he was ill.,0.32459405064582825
1728,play a joke on,help,0.3823303282260895,save,0.3347840905189514
1729,ten,two,0.40075260400772095,seven,0.391229510307312
1730,the student fooled the man.,the man fooled the student.,0.8083385825157166,the man wanted to sell some steamed bread to the student.,0.5538914799690247
1731,wanted some tea.,didn't like tea.,0.6723032593727112,didn't want any tea.,0.6496161818504333
1732,calling on people to protect the environment,teaching people how to give a speech,0.42303548311669986,criticizing the US government,0.33347508730878894
1733,The writer went to America and protect the environment.,Tailor Swift is an American famous singer.,0.3384888915827332,Americans show humour in a different way from China.,0.3342153990867962
1734,A Chinese girl's culture shock experience in the US.,Differences between the Chinese and the US people.,0.5031957168206849,In what way the US people speak in public.,0.39325573304310363
1735,They bring people together.,They bring people happiness all the time.,0.5533424717718974,They make people rich.,0.49067856868440496
1736,Because sports can make money for a country.,Because sports can make people happy.,0.492550261821193,Because sports can make players rich every year.,0.4191854644408237
1737,People have different opinions about sports.,Sports divide people from different countries.,0.6042518771540455,Sports are popular all over the world.,0.44608610162775475
1738,Saturday and Sunday,Saturday,0.6835638880729675,Sunday,0.6405670642852783
1739,will go with the team and support them,will train with them,0.3744279444217682,will have a meal or a drink with them,0.34277844429016113
1740,everyone of the school will feel proud,the teachers of the school will be happy,0.4419020414352417,their parents will be famous,0.33245930075645447
1741,the school will be famous,their parents will be famous,0.5236404538154602,the players of the school team will be famous,0.49002552032470703
1742,something about a school team,something about school,0.669078528881073,something about sports,0.5000361204147339
1743,He doesn't think it proper for a sign.,He doesn't think it means water closet.,0.45497821101715386,He doesn't think it old-fashioned English.,0.43438200840200714
1744,thinks Chinese people are sometimes using incorrect English,is a Chinese living in America,0.4146320438337606,sometimes uses Chinglish,0.41334102682800844
1745,It's worse than it used to be,It's the same as it used to be.,0.6289764203877616,It's as good as it used to be.,0.5891949553026412
1746,he often plays computer games and failed another test,he didn't take his homework back,0.3545129077918635,he didn't help him with the housework,0.3209172922100918
1747,Mr. Black's friend,Mr. Black,0.6217172991899181,Mr. Black's grandson.,0.5575946401769112
1748,The grandfather only complains and pays no attention to the better life now.,It is not a problem to park cars in cities.,0.37375955821581897,People have more time to talk with each other now.,0.36978759695538654
1749,64,80,0.43126723170280457,40,0.3892339766025543
1750,soap companies paid for the shows,the TV station was near soap companies,0.437096506357193,they only told stories about soaps,0.3658245801925659
1751,Once a week.,Twice a week.,0.6316745281219482,Three times a week.,0.540693461894989
1752,Because the story in them never comes to an end.,Because they are having a difficult time in the market.,0.3443826735019684,Because their fans come from around the world.,0.32318395376205444
1753,help poor children to learn to read and write,help 10 million children to go to college,0.47091543674468994,ask parents to read together with their children,0.46357205510139465
1754,met a man who changed his life,sent many books to local children,0.30234992504119873,started the Room to Read campaign,0.2941170334815979
1755,helpful and generous,strict but friendly,0.4123869836330414,careless but active,0.34326398372650146
1756,Africa.,Asia.,0.42858409881591797,America.,0.38599514961242676
1757,"About 5,000 years ago.","About 4,000 years ago.",0.8131324052810669,"About 6,000 years ago.",0.8131324052810669
1758,Cats were accepted and brought to Europe by Romans.,Cats have a little in common with their wild cats.,0.4923867881298065,Cats started to move around the world from China.,0.46770405769348145
1759,The development of house cats.,The differences between house cats and wild cats.,0.5851308107376099,The relationship between cats and people.,0.4855837821960449
1760,what to do while visiting your friends,how to make friends,0.5664612650871277,when to visit your friend,0.3071724772453308
1761,buy a bunch of fowlers,bring him some beautiful clothes,0.3074436414651437,bring delicious food,0.29931873235305173
1762,when the class is going to be over,after he finishes the exercises,0.33161819157923533,when he can't answer the questions,0.29590643876292344
1763,his teachers aren't angry with him,his teachers let him leave the classroom,0.3927884492460151,he can make faces in class,0.32521300802745995
1764,Mabel was afraid of the earthworm,Mabel wanted Allan to help her,0.4118007975119804,Mabel wanted Allan to be punished,0.4078619300435231
1765,his mother was naughty when she was young,his mother was friendly,0.5303038152511774,his mother was right,0.5040772051974053
1766,Jane,Mary and Jane,0.5895015597343445,Mary,0.3802748918533325
1767,She has no friends at the new school.,She has no friends at the old school.,0.5955643057823181,She doesn't like her school.,0.4612106382846832
1768,She writes to her friend.,She calls a lot.,0.31055617332458496,She works hard at her lessons.,0.3046645224094391
1769,Bad.,Good.,0.3385539948940277,She has improved a lot.,0.32280269265174866
1770,She hides her unhappiness.,She feels hurt.,0.35857468843460083,She fights with them.,0.3251262903213501
1771,students are not allowed to bring mobile phones,students bring mobile phones to school and they often ring during the class,0.5170980575668184,students spend too much time in listening to music on the mobile phones,0.4703234322852004
1772,Many,Some.,0.4,Few,0.4
1773,bring a mobile phone to school,go to school without a mobile phone,0.5882920142493928,chat with her friends on the mobile phone on the way to school,0.537615278599648
1774,problem,importance,0.3432495660472291,happiness,0.2780470779697815
1775,Carter,Cook,0.34687912665542675,Smith,0.34496597907947535
1776,Miller,Smith's wife,0.3632410081754771,Smith,0.36322008333610534
1777,Smith,Cook,0.3816992720240028,Miller,0.37101347122259204
1778,Cook,the doctor's wife,0.31252935120738834,Carter,0.3042163737940509
1779,Cook,Smith,0.35097283683227537,Miller,0.34630536708898607
1780,He let out a frightening shout.,He was bitten by a snake.,0.3698498595790619,He fell and cut himself.,0.36009560820317
1781,They didn't believe that Fred was really in trouble.,They thought Fred was a good swimmer.,0.4243004081277376,They were too tired and needed to rest.,0.3468787814851456
1782,Twice.,Once.,0.4,Three times.,0.36429204384100633
1783,It's important for a person to tell the truth.,Picnics can often be dangerous for children.,0.37305264625522483,You must watch out for snakes in the countryside.,0.3493092301686347
1784,five,ten,0.3914642632007599,twenty,0.3691656291484833
1785,to keep warm for sports in winter,to have a good rest before playing sports,0.4555845260620117,to eat a lot before playing sports,0.4403228163719177
1786,Skiing and running.,Swimming and running.,0.5630444288253784,Running and skating.,0.5617661476135254
1787,"If you get hurt, you should never play sports again.",You should use suntan oil even if you play winter sports.,0.450498104095459,You should wear waterproof trousers when skiing.,0.34535276889801025
1788,Keeping safe when playing sports in winter.,What we should wear when playing sports.,0.5412124991416931,Playing sports in summer.,0.5407941937446594
1789,burn dry leaves,fire any leaves,0.45408641706209096,burn anything,0.41489938150465255
1790,doing all the above together,turning the stick hard for a while,0.27946767864352856,making a hole on a big piece of wood,0.2620683944255847
1791,for about two hundred years,for about two thousand years,0.6817864146768964,since people began to use fire for cooking,0.2545228571763424
1792,some forest fires happen from lightning,today there are only two ways to make fires,0.414881159393799,using matches is the easiest and most useful way to make fires,0.396440302739654
1793,to buy something,to play a joke on someone,0.3266543745994568,to look for someone,0.30275487899780273
1794,woman,man,0.3474513292312622,robot,0.32467007637023926
1795,she was not a good assistant,she was a robot,0.380918025970459,she had bad hearing,0.370259165763855
1796,Seven.,Eight,0.5029131770133972,Six.,0.4568145275115967
1797,Because you need to rest your eyes.,Because it is bad for your mind.,0.37020689249038696,Because it will make you eat less.,0.34727776050567627
1798,All work and a play.,Healthy food.,0.28922268748283386,Repeating the things you need to memorize.,0.277462363243103
1799,students,teachers,0.3429054021835327,parents,0.3343171179294586
1800,Chinese,Japanese,0.3075848343283656,English,0.29779856475970495
1801,Shameful.,Interested.,0.36222015513283523,Proud.,0.3593428957592187
1802,advise the overseas Chinese tourists to change their behavior,ask Chinese people not to spend too much money traveling abroad,0.4432345105680363,order the Korean universityto clean up signs with Chinese words,0.37885876868937574
1803,Signs Shame Overseas Chinese Tourists,Foreign Countries Attract Chinese Tourists,0.5641422130722924,Chinese Tourists Like Foreign Culture,0.5606526970269746
1804,to introduce a new robot that can be used to stabilize mountainsides,to show people how to use a new robot,0.5273685514803812,to tell people that sending workers to stabilize mountainsides is a dangerous job,0.42489234750435856
1805,spider,human being,0.3404607821291544,a drill,0.3286435081183826
1806,both A and C,$2 billion,0.19095564320330966,more than 2000 people died,0.17116135220958123
1807,it can do the stabilizing job without human beings near,it is like a spider,0.3739472644434285,it will be faster and cheaper than manual labor,0.3373363589066769
1808,Beijing,Qinhuangdao,0.3105725646018982,Taiyuan,0.29813700914382935
1809,go to the zoo,go to the park,0.5208773612976074,visit the Summer Palace,0.28583770990371704
1810,800-820-8199,800-802-8099,0.4,56478445,0.14466606080532074
1811,"1,800 yuan","1,950 yuan",0.7994966506958008,"1,650 yuan",0.7994966506958008
1812,climb mountains,go boating,0.3273044228553772,visit the Great Wall,0.325783908367157
1813,Because they are role models for other women in the US.,Because they are more important than other women in the US.,0.4983551800251007,Because they are unpaid.,0.33014655113220215
1814,Peng Liyuan wrote military songs from the age of 18.,"Peng Liyuan is famous not only for her voice and great achievements, but also for her charity work.",0.4509996473789215,The writer thinks Peng Liyuan is the most suitable first first lady.,0.4497799873352051
1815,"Peng Liyuan, the perfect first lady to begin with.",First Ladies in China,0.47568637132644653,First ladies in the US.,0.465853214263916
1816,four,three,0.44668325781822205,five,0.40012097358703613
1817,younger,older,0.34716808795928955,youngest,0.3295321762561798
1818,faster,faster,0.7414210438728333,slow,0.40991243720054626
1819,good,best,0.35440659523010254,better,0.3389880657196045
1820,work hard,study in the same school,0.42609697580337524,good runners,0.38500484824180603
1821,For two years,For two months,0.6356861223217931,For two weeks.,0.6253341336499618
1822,A manager,A driver,0.4259124144759091,A volunteer,0.31365600179334163
1823,Ding Luo could speak Chinese well when he was in Chengdu.,Few Chinese people know foreigners well.,0.48595885947769557,Many foreign visitors seldom speak Chinese in China.,0.454082492395639
1824,Paintings in tree holes.,Some colourful trees.,0.33780518300677526,Many posters on destroyed trees.,0.311574583344172
1825,make the ugly tree holes beautiful,clean the tree holes,0.478735615522931,make ads for her paintings,0.39258020429889784
1826,Something harmful in her pigments.,The thoughts from people about the environment.,0.41870314527619895,The cost she will spend.,0.4007998069040302
1827,It's a hard job.,It's a boring job.,0.6429518992825314,It's an expensive job.,0.6018727141687634
1828,Tree Hole Paintings,Trees in Shijiazhuang,0.3972675880996615,Making Our Roads Beautiful,0.3595472975605176
1829,In the 1770s.,In the 1670s.,0.4,In the 1760s.,0.4
1830,Three.,Two.,0.4594837286730801,Four.,0.42890492498759675
1831,Antarctica is much bigger than Australia in size.,There is no plant growing in Antarctica.,0.4519024602980912,"In winter, it's dark for about 70 days in Antarctica.",0.4250114103724386
1832,Because the ozone layer is being destroyed.,Because there are more and more people living there.,0.3493530025565665,Because the sun shines a long time every day there.,0.30366015340081914
1833,Thirty-six.,Twenty-one.,0.4,Twenty-nine.,0.4
1834,He was inside the house.,He was outside the house.,0.5481840372085571,He was in the park.,0.2984587550163269
1835,she felt the house was moving and went out with her children,they were all outside the house when the storm came,0.4210451543331146,her husband knew there would be a storm,0.3323354125022888
1836,to save people from the flooded area,"to bring people food, clothes, etc",0.4840906858444214,to help people move into new houses,0.45196419954299927
1837,The Westpark Inn,She complained her father.,0.3573936486611863,The Affinia Hotel,0.2591022493278634
1838,it's a family-owned hotel,it offers comfortable rooms,0.3048827278900175,its rooms are stylish and modern,0.28897562896975737
1839,it is below the usual standard,it has a bad position,0.3359433357010971,it's close to business centers,0.30724805315345405
1840,80.,90.,0.40245229284374395,16.,0.37082531996710233
1841,Clement loves art and enjoys delicious food and wine.,Mark is a worker and wants to save money.,0.3986370934474625,Simon wants to enjoy family-cooked meals with his family.,0.38130331675492396
1842,Because she wanted to take photos but was afraid of the animals.,Because she wanted to sleep.,0.4351387023925781,Because it's easy to see the elephants.,0.3388494849205017
1843,By making good preparation.,By going into the forest at night.,0.3118182420730591,By walking around the holes.,0.2931831479072571
1844,It's hard to take good wildlife photos.,To take good wildlife photos is not difficult.,0.6969608068466187,Photographers who take wildlife photos need more practice.,0.5848476886749268
1845,what kind of people the man and his wife are,the man doesn't enjoy working at home,0.44523749149825664,never to call a man Mr. Mom,0.4251101167594876
1846,35,33,0.4,41,0.4
1847,English and Spanish,English and Russian,0.6248319149017334,Spanish and Chinese,0.5693563222885132
1848,kind,shy,0.32406896352767944,serious,0.31596118211746216
1849,Emily lives in America now.,Emily has few friends in her city.,0.4457257091999054,Emily used to meet her Russian friend twice a week.,0.40120530128479004
1850,To make a Russian friend.,To find a Russian teacher.,0.44374823570251465,To find a job in Russia.,0.34185802936553955
1851,get angry easily,do the heavy work,0.3980986475944519,care about others' feeling,0.3058476448059082
1852,"He will say""You'll do better next time"".","He will say""Don't be so careless next time"".",0.6533557772636414,He will get happy.,0.3257909119129181
1853,Because she is pretty and kind.,Because she likes expressing  herself,0.3073335886001587,Because she is quiet.,0.29849347472190857
1854,A magazine.,A science book.,0.4153265655040741,A picture book.,0.4015812575817108
1855,he could do some exercise on the way,he couldn't pay for the buses,0.48431915044784546,he wanted to lose weight,0.3703899085521698
1856,help him on the way to success,make him rich,0.34061199426651,give himself a start in life,0.32386916875839233
1857,It talks about a white American understanding the African American experience.,It talks about how a black slave runs away from his violent owner.,0.365802628764887,It describes an everlasting friendship between people of different races.,0.32895346277645293
1858,"Without the special coins, he'll probably be forgotten.",Jim escapes from his slave owner for freedom.,0.36400147982306297,Huck gets away from his father for survival.,0.35687750577926636
1859,To explore why the US still remembers and honors Mark Twain.,To draw readers' attention to the many race issues in the US today.,0.40354058015323085,To tell readers about the special coins created to honor Mark Twain.,0.40103453397750854
1860,3,2,0.5306998491287231,8,0.4441602826118469
1861,sports,skiing,0.384108304977417,telling jokes,0.29280292987823486
1862,.,.,0.4,.,0.4
1863,learn skating,eat an ice-cream,0.3359755873680115,play basketball,0.3284984827041626
1864,Wang Bing is not very happy.,Wang Bing is very happy.,0.7676777243614197,Wang Bing likes the fly on the ice-cream.,0.5709056854248047
1865,fox,cat,0.37388945582516103,dog,0.3558736705274206
1866,in front of,behind,0.37416202885258454,in the middle of,0.3721121727389059
1867,tiger,elephant,0.37004819882751583,dog,0.355265895375691
1868,ran off,were happy,0.34954486321723766,were sad,0.3216129090530747
1869,"No, he didn't","No, he did",0.4,"Yes, he didn't",0.1967732883855595
1870,The Browns.,A family of three.,0.3853902816772461,Jack and Nancy.,0.3819991946220398
1871,8,9,0.43977996706962585,10,0.4144445061683655
1872,sing and dance,listen to music,0.3846839666366577,play computer games,0.350680947303772
1873,At their houses.,In a forest.,0.4022817015647888,At a restaurant.,0.3398994207382202
1874,great,difficul,0.4,safe,0.34460940957069397
1875,UNICEF,Oxfam,0.4,ORBIS,0.4
1876,To help children's parents get more jobs.,To improve the lives of children in poor countries.,0.3471141393802796,To protect children's rights.,0.34144071981204205
1877,31,30,0.4468715488910675,121,0.4
1878,Four.,Two.,0.45733657479286194,Three.,0.43571218848228455
1879,It's Sunday.,It's Saturday.,0.4152332544326782,It's Monday.,0.41108161211013794
1880,play tennis,listen to music,0.3912240266799927,read books,0.3429088592529297
1881,Go boating.,Plant some trees.,0.3988964259624481,Play sport.,0.3327578902244568
1882,cover your mouth,point out to the kids,0.2824625062399796,touch everything,0.2782467257644019
1883,hold the door,close the door,0.5585745149108372,stand to the side,0.3351840640345808
1884,teacher,doctor,0.3460458998231267,traveler,0.2638407753018502
1885,the rules of behavior in public,the ways of communication,0.35821216326187266,the knowledge of social life,0.3378492876724558
1886,Nine,Seven,0.45080845763413624,Six,0.44605613314487963
1887,grandfather,father,0.366817110080066,brother,0.3118218966826706
1888,Nick and Sonia,Alan and Gina,0.3798019563160838,Dave and Mona,0.37304661550755663
1889,cousin,son,0.3218414298274968,brother,0.3014121958121566
1890,parents,children,0.3451099132462536,students,0.32089339642631537
1891,Chatting with strangers.,listening to music.,0.3549569037657821,Playing video games.,0.34326921408763694
1892,At the corner.,Beside a window.,0.40640681839214754,Near the door.,0.32800413071847845
1893,Safety.,Difficulty.,0.4,Attention,0.3395673417157403
1894,Many things decide the place of family computers.,A child should not be allowed to use a computer.,0.3563493260804287,A computer takes up a lot of desk space.,0.3357513308378214
1895,at the 2nd largest supermarket in Britain,from the shops all over the world,0.3575285835650138,on the Internet,0.34833904077140265
1896,to reduce the environmental pollution,to make money,0.36639571219617095,to help famous people,0.3452522126542007
1897,student,boy,0.3291131854057312,mother,0.3262028098106384
1898,red,white,0.3197909866571585,yellow,0.31771251128712813
1899,yellow pen,red ruler,0.3330974876880646,red pencil,0.3170977234840393
1900,Friday,Tuesday,0.45959627628326416,Saturday,0.45741498470306396
1901,swimming,basketball,0.3641915023326874,football,0.3224687874317169
1902,he found the four blacks were very angry,it was wrong for him not to serve blacks,0.4261944591999054,he was kind,0.405150830745697
1903,they were against segregation,they hated the manager,0.40156078338623047,it was warmer there than outside,0.36045825481414795
1904,to catch the black people,to advise people there to stop quarrelling,0.4827075397952365,to catch the manager,0.4756479859352112
1905,fight for their freedom and rights,make speeches,0.38264216370433213,force the restaurant to close down,0.24648556417806888
1906,people in other cities supported them,black people are strong,0.4347715675830841,a meeting is necessary,0.37998753786087036
1907,Basketball.,Soccer.,0.33603256940841675,Volleyball.,0.32050982117652893
1908,English.,Chinese.,0.31797438859939575,American.,0.3110285997390747
1909,art,sport,0.36785823106765747,history,0.35501420497894287
1910,Oliver's birthday,their School Day,0.3443202078342438,the game,0.3429112732410431
1911,have fun,eat ice-cream,0.3246569037437439,do sports,0.3015214502811432
1912,one-fifth,one-third,0.4,two-fifths,0.4
1913,made the roads and the airports,have lived there for about ten thousand years,0.3349912464618683,use plants for food and medicine,0.31214624643325806
1914,carry away the gold conveniently,develop the tourism  there,0.300078462467722,stop spreading the new diseases,0.2820667946948395
1915,the rainforest people have done something to protect their home,"we need wood to build houses, so we have to cut down trees",0.3663845360279083,we mustn't cut down any trees or kill any animals,0.34807270765304565
1916,they were old classmates,they lived in different villages,0.33414119482040405,Peter was a rich man,0.3091776669025421
1917,he did not want to pay back the money,he had paid Peter all the money,0.41139882802963257,he was always very busy,0.3460763096809387
1918,he was afraid his wife would give the money to Peter,he was afraid Peter would take his wife to the police,0.5960321426391602,he was afraid Peter would beat his wife,0.585564136505127
1919,Peter was clever enough to make Robert come out.,Robert thought Peter was a good friend.,0.5027908086776733,Robert had no money to pay Peter.,0.4834252595901489
1920,colors,checks,0.4068085253238678,rules,0.3789709806442261
1921,all of the above,At big dinners,0.20247793197631836,In parades,0.08743583410978317
1922,things about Scotsmen's traditional kilts,how to wear kilts,0.3998403549194336,when to wear kilts,0.3998403549194336
1923,stones,dinner plates,0.36348390579223633,salt,0.31888628005981445
1924,Come.,Grow.,0.32702431082725525,Begin,0.3203171491622925
1925,for everyday shopping,for shopping of everyting,0.6174301929109216,only by rich people,0.29738229513168335
1926,money used on Yap Island,the history of Yap Island,0.5917845964431763,money used around the world,0.5698824524879456
1927,The Yap stones have a hole in the middle.,The Yap stones originate from the island of Yap.,0.6345600485801697,The Yap stones are all twelve feet high.,0.6268974542617798
1928,friends,brother,0.3330136239528656,sisters,0.32396912574768066
1929,To make friends,To stop meeting friends,0.48052483797073364,To phone parents,0.3349089026451111
1930,talk to their friends,go to their brothers and sisters for help,0.3280245065689087,stay alone at home,0.3127262592315674
1931,Parents should understand their children better.,Parents should choose everything they like.,0.44813573360443115,Children should choose everything they like.,0.4434140920639038
1932,Friends are important to teenagers.,The communication is Important in children's growing up.,0.4453487992286682,How to make friends.,0.44318681955337524
1933,driving down a mountain,checking her car,0.34044116735458374,looking at a frog,0.2463206648826599
1934,it answered her in the voice of a frog,it loved to travel,0.3635641932487488,it was making a strange noise,0.30102917551994324
1935,she had a special ability to talk to frogs,she paid attention to living things,0.32353293895721436,she wanted to get to know nature,0.31598904728889465
1936,To build a friendly relationship with nature.,To protect small animals.,0.42520570755004883,About her special ability to talk with flogs.,0.36317673942507467
1937,Because they don't share water with each other.,Because they like to play a trick on each other.,0.3258492041222817,Because the tree is too tall.,0.24462616443634033
1938,On a very hot day.,On a very windy day.,0.6512554698765554,On a very cold day.,0.6019936800003052
1939,He starts to build another new garden.,He hates the big tree very much.,0.28076496720314026,He doesn't like these vegetables.,0.23914045095443726
1940,The big tree thinks he is wrong at last.,The big tree always shares its shadow with vegetables.,0.501582682132721,The big tree doesn't want to drink any water.,0.48236697912216187
1941,less serious,less relaxed,0.5626576542854309,more nervous,0.3471006155014038
1942,learns English,chats with her teachers,0.3037686590060792,records her schoolwork,0.26268863677978516
1943,giving out others' privacy,sharing your feelings,0.2992079555988312,telling the truth,0.29546114802360535
1944,About 29 million.,About 25 million.,0.6045110116826162,About 24 million.,0.5928939390280166
1945,English,Japanese,0.33844164983985847,Chinese,0.3138495706690992
1946,20%,15%,0.48351945838443433,50%,0.45115039075671814
1947,They way of Inuit life may disappear in the future.,Dogs could help them pull their baggage when they had to travel years ago.,0.36031610721899415,They can teach their own young children according to the new school project.,0.3551417154979061
1948,Canada has many different kinds of natural resources.,the weather in Canada is so cold the whole year as some people think,0.4153322049560163,Canada lies in the south of America,0.40842237119421254
1949,She has her breakfast at home.,She has her breakfast at school.,0.4572483043365764,She has her breakfast on the bus.,0.4458460420108835
1950,She is at school for nine and a half hours.,She is at school for seven and a half hours.,0.5856530828052504,She is at school for eight hours.,0.5160148563186143
1951,She helps her friends with their lessons.,She goes home with her friends.,0.46099275985251187,She does some shopping for her mother.,0.31271920983367785
1952,"Fighting, climbing or running fast",Sending food or opening doors by himself,0.3727492094039917,"Smiling at people, saying ""hello"".",0.3180272579193115
1953,Her face and rich expressions,Her rich knowledge,0.5053125023841858,Her clothes and shoes,0.3495260179042816
1954,"If anyone or anything is in the way, mini-robots will stop.",Robots have come a long way since 1986.,0.4025768041610718,Saya looks like a small astronaut.,0.3457264006137848
1955,autumn,spring,0.43767099095792794,winter,0.40236231961228697
1956,33.,62.,0.4,87.,0.4
1957,Sad.,Pleasant.,0.3368659869898453,Wonderful.,0.3152544126753586
1958,Four Seasons in My Life,Four Seasons,0.6692901032635705,Four Seasons in a Year,0.6376075393525744
1959,A pupil,A student,0.3942241966724396,A write,0.366074800491333
1960,It's the classroom.,It's a school.,0.42394378781318665,It's a bedroom.,0.32641929388046265
1961,Because the window was too high.,Because he was short.,0.34292417764663696,Because he was short seeing.,0.2931702733039856
1962,He was quiet.,He was shy.,0.3510480523109436,He was happy.,0.30935436487197876
1963,The teacher,The students,0.42321696877479553,The mother,0.36569666862487793
1964,She doesn't know him.,He is cool.,0.2750404477119446,She likes him.,0.26933997869491577
1965,Cool things.,Pop singers.,0.3166472017765045,Classical music.,0.2970103323459625
1966,Ann's like is different from  her friends'.,Ann talks with her father about her friends.,0.5394623875617981,Ann knows why her friend looks at her surprisingly.,0.3957483172416687
1967,Ali.,Tom and Ali.,0.46690553426742554,The baby.,0.3464658856391907
1968,Twice.,Once.,0.4,Some times.,0.3634261190891266
1969,Because he wanted to get more.,Because he likes to help others.,0.3316691517829895,Because he was a good neighbour.,0.3028690814971924
1970,The neighbour took it back.,It was lost. .,0.32677316665649414,It died.,0.32098132371902466
1971,The owner of a hotel.,His father.,0.3234178125858307,His friend.,0.2989252805709839
1972,On May 15th.,A week ago.,0.33359721302986145,Last year.,0.3261973261833191
1973,He felt disappointed because the swimming pool was closed for the whole time of their stay.,He felt disappointed because the swimming poop was too small.,0.4915613226234745,He felt excited about it because he had a good time there.,0.45147448778152466
1974,A complaint letter.,A thank-you letter.,0.5611209869384766,A sorry letter.,0.5385040044784546
1975,She begins talking,She watches TV,0.35696786642074585,She goes to bed early,0.30028843879699707
1976,Because he has to go to work.,Because he doesn't want to sleep.,0.3056688904762268,Because he can't fall asleep.,0.2713029384613037
1977,Because he felt ill,Because his wife didn't let him go,0.31523871421813965,Because he didn't want to work,0.2969196140766144
1978,Mrs Smith has to stop talking too much at night.,Mrs Smith was ill,0.5180959701538086,Mr Smith has to take the pills,0.45574241876602173
1979,Mary Green's birthday party,Mr. Green's birthday party,0.5767759084701538,Mrs. Green's birthday party,0.5767759084701538
1980,Mrs. White,Mr. White,0.8524913191795349,Mr. Green,0.2697904706001282
1981,More than twenty,The twenty girls,0.5600014925003052,Twenty girls and Mrs. White,0.48562371730804443
1982,The party,Mary,0.34053274989128113,The twenty girls,0.3349689841270447
1983,At half past five in the afternoon,At five o'clock in the afternoon,0.5844398140907288,At six o'clock,0.4350648820400238
1984,newspaper,magazine,0.4438801109790802,textbook,0.37448620796203613
1985,It's reported that 90 percent of historical structures in Nepal were destroyed in the earthquake.,"Nepal's military forecasts the death toll may climb to as high as 5,000.",0.4049003007532683,The tremor was felt by over 4.6 million people across South and East Asia.,0.37456828355789185
1986,4,3,0.4486069679260254,2,0.4299679398536682
1987,from late winter to middle summer,from late summer to middle summer,0.7188977909145464,from late autumn to middle winter,0.6759251023815116
1988,more than one thousand people were killed by tornadoes in the USA last year,tornadoes are one of the worst weather events in the world,0.44009448981532023,people should stay in big rooms with windows when tornadoes come,0.4376870549946402
1989,Computerized books won't be very expensive.,We won't need any paper.,0.4337852082892496,We won't have lots of pages.,0.4052851223683958
1990,Will Computers Replace Shops And Books,Computers Will Do Everything For Man,0.47665513911558455,Computers Are The Future,0.4445363222844361
1991,We should thank them gratefully in return,We just go away at once,0.3769242763519287,We should give them money,0.3739519715309143
1992,"A,B and C",they work hard for us all the time,0.3474070131778717,they give us everything they can,0.3107227087020874
1993,Our parents work hard to give us a better life.,Our parents don't cook for us.,0.5050158500671387,We don't have to care about those who care about us,0.40845537185668945
1994,mild,hot,0.37010300159454346,cold,0.35481274127960205
1995,people,bikes,0.31536048650741577,many buildings,0.2978126108646393
1996,on foot,by bus,0.34628182649612427,by bike,0.3417099118232727
1997,help,talk,0.3250580430030823,work,0.3227103650569916
1998,talk to,listen to,0.3732694983482361,ask,0.36565715074539185
1999,knew nothing about tea,knew everything about tea,0.6147567629814148,drank tea every day,0.44015225768089294
2000,India or China,countries in the west,0.39965054392814636,countries in the south,0.37165501713752747
2001,nobody knew what to do with the tea,all the woman's friends spoke highly of  the tea.,0.40842047333717346,the woman gave her friends each a glass of tea water,0.40584489703178406
2002,threw away the water,didn't throw away the tea-leaves,0.5535848140716553,did as the sailor said,0.3290340304374695
2003,A doctor.,A teacher.,0.3240138445675006,A nurse.,0.29324359908507186
2004,Mrs Smith.,Mr Smith.,0.47852562003725413,Both of them.,0.4
2005,she doesn't want to see the dirty rooms,the rooms are clean,0.4656019053382744,she's sitting on the chair,0.3321654761172683
2006,Mr Smith is always busy after work.,Sometimes Mr Smith helps Mrs Smith.,0.5156876033772888,Mrs Smith is always lazy.,0.5142815502351041
2007,students,teachers,0.2998458829950884,nurses,0.25648255161123124
2008,Go to the park.,Go shopping.,0.5356728867265268,Go for a picnic.,0.5352731848761315
2009,They are drinking some water.,They are fishing.,0.36962364232146067,They are flying a kite.,0.3533491827720259
2010,In the forest where he was working,When he was working,0.5842756032943726,"On his farm fields, where he was farming",0.3718833327293396
2011,In the forest.,In the sea.,0.3770127296447754,In the river.,0.34193018078804016
2012,she could not stop herself from talking about anything,she was very happy,0.3322708308696747,she was very surprised.,0.32639849185943604
2013,American girls,an American girl,0.5121732950210571,American girl,0.5121732950210571
2014,She's eleven.,She's twelve.,0.3749144375324249,She's fourteen,0.37309530377388
2015,an English teacher,English,0.600837767124176,young,0.3487321436405182
2016,at four thirty,at four,0.6664872169494629,at three thirty,0.5654680132865906
2017,are,is,0.4,am,0.4
2018,can connect heart to heart,is a good means to find a job,0.3309747914858888,can make children calm down,0.2882410551627319
2019,surprised,frightened,0.33113845060180624,happy,0.2718228903710187
2020,Move the bottle quickly up and down,Heat it on the fire.,0.4121209979057312,Add some hot water to it,0.35205215215682983
2021,A 6 - to-10 - year- old child,A 3 - to- 6 - year- old child,0.6443533301353455,A 10 - to-14 - year- old child,0.6430056095123291
2022,Eight doses,Two doses,0.5208964943885803,Four doses,0.50319904088974
2023,See a doctor,Stop taking it,0.34873703122138977,Take more,0.3474428951740265
2024,decision,choose,0.3598867654800415,not eating,0.35450994968414307
2025,he was younger,he was hungrier,0.4,he made it by himself,0.2947972966760519
2026,to do school research,for afterschool activities,0.32905542348361994,for sending exams,0.3112637996673584
2027,Full price of the book,Half the price of the book,0.6064037073066485,Twice the price of the book,0.5865772591576298
2028,parents of the Wildwood School students,visitors to Wildwood School,0.48002713918685913,workers in Wildwood School Library,0.44132551550865173
2029,Students can go to the library during opening hours as they like.,Students' parents can go to the school library on weekends.,0.5604073405265808,The library is open for two and a half hours every day.,0.5149839520454407
2030,Clothes.,Train tickets.,0.28063352525970886,Coke.,0.20376039898300335
2031,"In some places, you can't get beer from a vending machine.",There are vending machines only in busy areas.,0.3820689688934559,All the vending machines in the world are the same .,0.38119797875140987
2032,people don't want their children to get cigarettes,children don't like cigarettes now,0.49745997337088177,cigarettes are too expensive,0.3647608767657438
2033,Vending machines are popular,Vending machines in China,0.6125000975447313,How to buy Coke,0.3676015358931556
2034,Three times a week.,Every time.,0.34351024257309803,Always,0.3394853949095301
2035,Because he often goes there.,Because he often gets a toy car.,0.41703805357709783,Because he often makes people laugh.,0.40556473233754436
2036,good and bad things,good or bad things,0.8106240280181288,good things,0.7018983476169904
2037,6,4,0.4327255086020954,4-6,0.4
2038,Watching TV is the only interesting thing in life.,"Visiting friends is interesting, too",0.4655005567518482,Reading a book is also interesting,0.4585739072393423
2039,9796788,3338651,0.12868629377936963,7026449,0.12124794281844241
2040,A 29-year-old single lady.,A 50-year-old single man.,0.5608959699934782,A 28-year-old married woman,0.39334434789619427
2041,$ 60,$ 70,0.4166447470716684,$ 80,0.38988033752473894
2042,how poor people were on the farm,how people on the farm worked,0.5973551869392395,how far it was from the city to the farm,0.45477551221847534
2043,The writer doesn't tell us.,Every year.,0.36004602909088135,Once a week.,0.32542216777801514
2044,great,boring,0.30747222900390625,terrible,0.27963390946388245
2045,stars above their heads,a lot of cars,0.35574012994766235,expensive lanterns,0.3300243020057678
2046,The boy thought that people on the farm lived a happy life.,People on the farm have high walls around their houses.,0.49948006868362427,The father and the son spent several weeks on a farm.,0.45249420404434204
2047,fly high out to sea,fly to the trees,0.5079317981933147,sit in trees,0.3283833502484336
2048,run here and there,keep quiet,0.33353490471974057,jump out of water,0.32722554060406606
2049,not jump out of water,sit in trees,0.3299937902642265,eat a lot,0.32597998496677827
2050,we can know the weather from some animals,only animals can tell the weather,0.5831756863756938,all animals can tell the weather,0.5831756863756938
2051,an argument about the research on the pill,a new research on memories,0.4811857342720032,a new medical invention,0.3663582503795624
2052,prevent body producing certain chemicals,cause the brain to fix memories,0.35925716161727905,erase the emotional effects of memories,0.3508662283420563
2053,Experiencing bad events makes us different from others.,People want to get away from bad memories.,0.34124916791915894,The pill will reduce people's sufferings from bad memories.,0.34077196697919643
2054,Much,Little,0.4077308177947998,Few,0.4
2055,They wan to give the leftovers to the servers.,The leftovers can be harm to the environment.,0.422306392929835,Some people only take away leftovers when they eat out with family,0.41241755635519706
2056,order proper food for our meal and finish all on our plates,pack our favorite food,0.4202325940132141,invite our friend for dinner,0.3466107249259949
2057,Saving Food,Saving Money,0.5218811631202698,Washing Money,0.35515737533569336
2058,she didn't know it was Mother's Day,she was far away from her mother,0.40889686346054077,she didn't have a present,0.32564568519592285
2059,she wanted the old granny to be happy too,the old granny was her mother,0.476165771484375,she didn't like those flowers,0.3314422369003296
2060,understanding,kind,0.4212768077850342,friendly,0.37727993726730347
2061,Because he didn't have a warm family.,Because he didn't go to school.,0.3143983781337738,Because he didn't have any money.,0.2917558252811432
2062,Some markets.,Some schools.,0.4175090193748474,Some parks.,0.40475818514823914
2063,Mr. White wanted to teach Bob a lesson.,Mr. White wanted to play a joke on Bob.,0.551504373550415,Bob wanted a higher price.,0.4817875027656555
2064,Three times.,Four times.,0.563568115234375,Only once.,0.4
2065,A valuable lesson,An expensive stone,0.38725870847702026,A house for children,0.3194097578525543
2066,"For seven years , Earth Hour calls for action on climate change.",The first Earth Hour started in 2007 in Australia.,0.4840763251376196,"7,000 towns and cities in over 154 countries took part in Earth Hour 2013.",0.4570229746171055
2067,Taking a bath instead of a shower,Going to work on foot instead of by car,0.48003129076726236,Choosing higher-welfare meat,0.39909024539664373
2068,Earth Hour: small steps big difference.,WWF: a global charity,0.3580358228115228,Climate Change: the greatest threat,0.35768475062492244
2069,Jean and Jack.,Jack and Lucy.,0.5295419692993164,Tom and Jean.,0.4561842978000641
2070,60 yuan.,30 yuan.,0.6298888921737671,100 yuan.,0.6254220008850098
2071,It's far from his home.,The screens are big.,0.32813167572021484,The seats are hard.,0.30292272567749023
2072,6,3,0.4294421970844269,10,0.3904452919960022
2073,Jean and Jack like Movie Palace better than Moon Cinema.,Lucy likes Movie Palace because she can go shopping.,0.4837694764137268,Movie Palace is in the middle of the city.,0.4694989323616028
2074,By plane.,By boat.,0.3815714120864868,By train.,0.34001895785331726
2075,At about 11 a.m.,At about 10 a.m.,0.4697036147117615,At about 9 a.m.,0.40008676052093506
2076,Because the flight was too long and a baby cried and screamed during the whole trip.,Because a baby sang songs all the way during the whole trip.,0.49584928154945374,Because he didn't sleep well the night before.,0.3106424808502197
2077,Two mice.,Two cats.,0.6528730988502502,A cat.,0.37708210945129395
2078,"The writer couldn't sleep well in the hotel room, either.",The writer had a good rest in the hotel room.,0.5766202211380005,The writer would never travel by plane again,0.39510655403137207
2079,In the morning.,In the evening,0.3571140766143799,In the afternoon.,0.35667726397514343
2080,Because they felt happy there.,Because the food was cheap there.,0.31335878372192383,Because the drinks were delicious there.,0.30284348130226135
2081,She was lively.,She was serious.,0.3804379403591156,She was nervous.,0.36047935485839844
2082,Would you like pencils with the cake?,Would you like batteries with the toys?,0.5746253728866577,Would you like some bread with the milk?,0.5560009479522705
2083,more money,more work,0.3805697231879789,less time,0.32088514523921097
2084,with his father and mother,with me,0.4,with his friends,0.35366708092294186
2085,a middle school student,a middle school teacher,0.6356480416757605,a Japanese student,0.523297962043431
2086,did a great job to our environment,only helps him make his dream come true,0.36641292812594806,is hardworking,0.33024218375420206
2087,since she was 6 years old,since she was only 6 months old,0.6762921810150146,ever since she was 12 years old,0.6506110429763794
2088,Getting a new Guinness world record.,Getting many gifts from children all over the world.,0.5218541622161865,Getting a chance to talk to a famous reporter.,0.40682363510131836
2089,40%,70%,0.3961268333049739,90%,0.3536406764794108
2090,they can do what they like,they don't like their parents,0.5415706728475671,they have much homework,0.2741167365203049
2091,hardly do anything,ofren eat dinner,0.35258963635140855,usually watch TV,0.32166978056170553
2092,America,China,0.40839026863413397,England,0.3719162126032184
2093,summer,winter,0.4487147006848213,spring,0.3571019139681074
2094,Nobody saw him either,He was taken to the best table,0.33986729793380244,He was given the best food,0.333411053226532
2095,Don't judge  men by clothes.,He made a mistake.,0.3471640240572784,He liked the coat very much,0.2903023336768705
2096,"You gave the food to my coat, not me.",My coat is hungry,0.5260217457921871,I love my coat,0.5038128075452954
2097,storybook,science book,0.2652024030685425,math book,0.21083977818489075
2098,you think back of your childhood,you talk with your parents,0.3551534414291382,you often do some writing,0.3285793662071228
2099,how to feel like a kid again,how to get on well with others,0.366056889295578,how to do well in our work,0.3629154562950134
2100,He thinks the life now is worse than it used to be.,He thinks the life is the same as it used to be.,0.6024301311584874,He thinks the life now is better than it used to be.,0.5942348744081111
2101,All of above.,Students use calculators in math class.,0.1973513671993146,Children don't have to think any more in school.,0.18442692151988335
2102,The writer's grandfather only complains and pays no attention to better life now.,Life now is much simpler.,0.48229023082566225,People have too much time to talk with each other now.,0.38783877784930487
2103,a dinner party,a birthday party,0.6033338308334351,an English party,0.5689594745635986
2104,Because Mr. Smith wore old clothes.,Because Mr. Smith didn't say hello to them first.,0.40893685817718506,"Because it was night, they didn't see him.",0.3298138380050659
2105,Because he went home for his best clothes.,Because he didn't like the food there.,0.35551565885543823,Because he didn't want to stay here.,0.32350027561187744
2106,We can't judge a man by his clothes.,A person in good clothes should eat good food.,0.4076211452484131,Mr. Smith is stupid .,0.35054594622567037
2107,eating,drinking,0.3568915128707886,looking,0.3300893008708954
2108,policeman,friend,0.375748872756958,man,0.3665786385536194
2109,He gets up and runs.,He doesn't go away.,0.364361971616745,"He says ""hello"" to him.",0.3498397469520569
2110,he thinks he is a bad man,the young man is a criminal,0.38301536440849304,he knows him,0.37525659799575806
2111,Because other animals may eat their babies.,Because they want to eat their babies.,0.5044289231300354,Because they want to have fewer babies.,0.413008451461792
2112,They don't look after their babies.,Turtle babies can't take care of themselves.,0.35685601830482483,Baby turtles hate their mother.,0.33937740325927734
2113,protect the young animals,let the young animals dry,0.5303257703781128,make eggs more beautiful,0.27462702989578247
2114,a science book,a story book,0.5853025913238525,a newspaper,0.3910183310508728
2115,Watching TV.,Reading newspapers.,0.3729781455118944,Playing games.,0.3598031804066175
2116,get the money,play outside,0.32824330295286025,read newspapers,0.30143617374600123
2117,"During the whole year, Robert watched TV for just one evening.","After Robert got the money, he went on watching TV again.",0.4998063576169441,Robert's mother showed him the story in the newspaper.,0.44251518730147127
2118,bored,sad,0.34419638370555666,angry,0.33615151827624634
2119,A year without TV,Don't watch TV,0.4973225246948936,A way to make money,0.34824951948366706
2120,in front of a house,in front of a shop,0.5199602246284485,in the street,0.35492759943008423
2121,Henry's mother,Henry himself,0.5427979826927185,Henry's father,0.5412079095840454
2122,ring the bell of the house,knock at the door of the house,0.49737006425857544,give a call to his mother,0.32002848386764526
2123,angry,afraid,0.39234769344329834,pleased,0.3576624393463135
2124,she goes to the wrong house,Henry is not at home.,0.30133727192878723,she doesn't know Henry's mother,0.27129852771759033
2125,the university basketball team,the NBA,0.3738371041465056,his high school at first,0.36207831697874915
2126,Air Jordan,Most Valuable Player,0.36270092520948216,the NBA,0.35201052248957276
2127,he joined the Chicago Bulls,he joined the university basketball team,0.42627867915067547,he joined the basketball team in his high school,0.4196832069367582
2128,Because they thought no meals would be served late in the evening.,Because they didn't want to eat anything.,0.36098334193229675,Because they were very tired after the trip.,0.31114956736564636
2129,3 hours .,4 hours.,0.5906120538711548,2 hours.,0.5901458263397217
2130,She thought they would have to spend too much time on meals instead of travelling.,She thought they would have enough time to have meals.,0.529059648513794,She thought they would have enough time to see the city.,0.47302308678627014
2131,houses,apartments,0.3381726145744324,gardens,0.3294581174850464
2132,nine,ten,0.4369203448295593,eight,0.41764122247695923
2133,at home,in the garden,0.3516369163990021,in the shop,0.33210647106170654
2134,twelve or thirteen years,four years,0.5733087658882141,four or five years,0.557112455368042
2135,Yes. They don't close for lunch.,No. They close for lunch.,0.6066246628761292,Yes. But there is no people in the shop.,0.4837337136268616
2136,shout as loudly as possible,use the lift,0.3453042507171631,try to put out the fire ourselves,0.3360128700733185
2137,there is less smoke down there,people can find you easily',0.3196219205856323,you should look after your things carefully,0.3037494421005249
2138,find another way out,stop to pick up things,0.34522825479507446,go back for something,0.32659536600112915
2139,both B and C,it is too small,0.3284341096878052,it may go wrong,0.3179684281349182
2140,meaningful,complex,0.4,simple,0.39355551323123145
2141,something white,something strange,0.5650484561920166,a thief,0.24693632125854492
2142,dared not go out of the house,dared not stay in his house,0.5826901291636322,cried out for help,0.28821906399948427
2143,a bullet-hole through the white shirt,the clothes-line,0.4,his wife in the garden,0.31110817193984985
2144,foolish,clever,0.45613110065460205,cheerful,0.39442625641822815
2145,thank God,thank them,0.6362113952636719,tell the story,0.3754764199256897
2146,eat fewer snacks,put on more weight,0.34666667373075255,relax themselves,0.33207792712328543
2147,health magazine,instruction book,0.3499928804016442,movie poster,0.33155158730232315
2148,12,13,0.3970351815223694,14,0.39091992378234863
2149,Some kids begin to smoke when they are 11 years old.,Doctors do not smoke.,0.4304964542388916,Students can smoke,0.40626680850982666
2150,"May 31
st","May 21
st",0.7328023910522461,"June 31
st",0.62651526927948
2151,with friends,on the Internet,0.3158186078071594,with their family,0.29323020577430725
2152,hard or not interesting,fun or hard,0.5689244270324707,happy or hard,0.557689368724823
2153,Because she doesn't buy the first thing that she sees.,Because she is very free.,0.335013747215271,Because she wants to find the best price.,0.3289673626422882
2154,it is fun for Tom to go shopping with his friends.,people don't like shopping at weekends.,0.40188127756118774,many people like shopping at weekends.,0.4009466767311096
2155,in the supermarket,on the Internet,0.3747113347053528,in small shops,0.36248135566711426
2156,a pain in your throat,a cough,0.36334699392318726,headache,0.3351781964302063
2157,"We should rest well, drink much water and have some medicine.",We only take some medicine.,0.4695315957069397,We only need a good rest.,0.4255325496196747
2158,Something inside lemons.,A lot of water.,0.32716554403305054,The root of a plant.,0.3071448802947998
2159,There is almost no medicine that can cure the cold.,There is some medicine that can cure the cold.,0.6605193614959717,The cold is a serious disease.,0.47291049361228943
2160,People have found a cure for old age.,"Even if you don't take any medicine, you will feel well after seven days.",0.3634796738624573,We can get some medicine to get rid of our headache.,0.33203989267349243
2161,book,newspaper,0.38562706112861633,story,0.2909041941165924
2162,To be a brave new girl.,To be brave.,0.5181540250778198,A good book.,0.3084496557712555
2163,train the new soldiers,stop the soldiers meeting their friends,0.41600656509399414,stop the soldiers going to towns,0.38774508237838745
2164,they all had drunk much in the town,it took them much time to run back,0.4264070987701416,something was wrong with their buses,0.30993300676345825
2165,the air,other plants,0.2992105600005583,the roots,0.2970641751388734
2166,soil,teacups,0.31667542838373713,wood,0.3164608540539934
2167,produce young plants faster,turn into different colors,0.38067727093609516,become drier,0.3708409246102648
2168,needs little water and sunlight,makes the garden beautiful,0.33280084332108956,grows on other plants and objects,0.31293493704682657
2169,outdoor,indoor,0.3650200883843452,ball,0.35820275445802
2170,ask your parents to dance with,have a radio or a CD player,0.33222348345017094,invite some friends,0.32933157956421205
2171,You must be careful with your arms while moving.,Move your arms quickly while turning your body.,0.46226148330426164,"When you street dance, you need music.",0.31901976126451015
2172,How to street dance,Street dancing in America,0.5154217425890822,Young people and street dancing,0.45485549700446326
2173,students at school,old people,0.3058917820453644,poor families,0.3046998977661133
2174,pick apples,make friends with plants,0.3501449525356293,taste some honey,0.3482876420021057
2175,$100,$80,0.4155053198337555,$50,0.3736978769302368
2176,Every week.,Every day.,0.637052595615387,Every three weeks.,0.5600208044052124
2177,Cathy,She doesn't have one.,0.35919132828712463,Tommy,0.32777655124664307
2178,Long and brown.,Long and green.,0.5794883966445923,Short and brown.,0.550213634967804
2179,After school.,Before school.,0.8425952792167664,At school.,0.8425952792167664
2180,Play the piano.,Sing.,0.4251638650894165,Use the computer.,0.38342833518981934
2181,an online encyclopedia,a computer game,0.3599727749824524,a free university,0.3502797484397888
2182,know much about a certain subject,likes writing different stories,0.36478051924938415,should be university professors,0.36173830112986477
2183,the articles are in about 253 language,there are over 10 million articles,0.4237298885899516,everything is written in English,0.39977373165924124
2184,read about the latest news,play exciting games,0.35831117630004883,watch interesting movies,0.34923064708709717
2185,the ocean,the forest,0.3460602576876637,the river,0.32730524742067085
2186,was confident about herself,didn't meet much difficulty,0.3772671020031797,was worried about herself,0.3567276826671907
2187,she wouldn't give up what she was,she failed many times,0.3048765455571686,she wasn't able to fly,0.3042198474022307
2188,evaporating into the breeze,changing her nature,0.32408380119181496,forming a river,0.3115786217206874
2189,"To succeed, we should change the way we are if necessary.","Whatever others say, we should always be ourselves.",0.3571082401581829,The road to success is not always easy and smooth.,0.3565397433100438
2190,Thomas Sullivan.,Chinese.,0.37559792399406433,Lipton.,0.3198842406272888
2191,the tea tasted good and the cup was easy to wash,the tea in bags was free and very good,0.3969380557537079,people didn't know any better way to enjoy the tea,0.38358938694000244
2192,paper,plastic,0.35176676511764526,gauze,0.294169157743454
2193,the history of tea bags,the invention of tea,0.5020647048950195,the way of drinking tea,0.47718679904937744
2194,had never said a word,had never seen a dog,0.4465762674808502,had never played with toys,0.4249992370605469
2195,is too sad to continue learning to talk,does not want to play with other children any more,0.36142784357070923,keeps asking his mother to get him another pug,0.30951443314552307
2196,children don't have stress when talking to dogs,children would rather talk to dogs than to humans,0.4784870147705078,dogs are very clever and helpful,0.4251161515712738
2197,25%,50%,0.38931843962591356,38%,0.3218211976111232
2198,studying,playing computer games,0.30228196970447097,doing housework,0.2858524529881685
2199,both B and C,goes shopping,0.3443869496397637,watches TV,0.3196324564617251
2200,she doesn't need to have extra classes,she doesn't need to go shopping,0.5189908365403686,she can join the art club.,0.32644694450785905
2201,two,three,0.41523856087011324,Four,0.4134435173076404
2202,She lived a hard life when she was young.,She had no friends at school.,0.372540096425156,She seldom saw beautiful green trees.,0.34409641072204333
2203,Excited,Worried,0.34042492040025285,Bored,0.30376321493348757
2204,A father's love for his children,A picture of large families,0.36178034234563683,An act of kindness,0.335129608824821
2205,New Amsterdam,New York,0.5290709733963013,Manhattan,0.2999773621559143
2206,to look for a better life,because it was beautiful,0.36773282289505005,to travel,0.255918025970459
2207,one hundred and eighty years ago,one hundred years ago,0.7015184164047241,about three hundred years ago,0.6364482641220093
2208,Brooklyn,Queens,0.3887936472892761,the Bronx,0.3866686522960663
2209,New York has five smaller towns now.,New York is a big and exciting city.,0.47000280022621155,"The city got the name ""New York"" in 1664.",0.4304125905036926
2210,Once a month.,Once a week.,0.4361162781715393,Once a year.,0.3724122643470764
2211,78 million.,108 million.,0.6343538783093673,40 million.,0.6035599619306489
2212,something about the timely news,some special personal experiences,0.31869423389434814,some information from all over the world,0.2847443222999573
2213,a middle school student,a middle school teacher,0.6880558133125305,a primary school student,0.6763666868209839
2214,Because he was not sure whether what he had heard was true.,Because the ice cream man said in a low voice and he couldn't hear.,0.2530900239944458,Because the ice cream truck had never been here before.,0.2279612123966217
2215,the man's dream came true,the man could travel,0.500713050365448,the man became rich,0.4929070472717285
2216,Small acts of big love.,A great man.,0.38243329524993896,My dream.,0.35453128814697266
2217,She wanted to ask her boss for a raise in salary.,She knew her boss would refuse.,0.4307195246219635,She knew her boss would agree.,0.425698459148407
2218,happy,angry,0.2877352833747864,sad,0.28747865557670593
2219,in the kitchen,in the living room,0.387337863445282,doing shopping,0.32075583934783936
2220,The husband loved his wife no matter what happened.,The husband didn't believe his wife.,0.5357532501220703,The husband believed his wife could get the raise.,0.48259493708610535
2221,Love without measure.,Love your family.,0.5224944353103638,A big surprise.,0.37159019708633423
2222,April 1st,December 28th,0.38945671916007996,March 25th,0.37342482805252075
2223,Play jokes on friends.,Give presents to friends.,0.4634771943092346,Do nothing special.,0.322196900844574
2224,"Yes, it is.","Yes, it isn't.",0.8460862636566162,"No, it isn't.",0.4
2225,"No, they don't.","No, they do.",0.4,"Yes, they do.",0.23159046471118927
2226,The sight of a father with a child in his arms.,The sight of the street lights.,0.4373006858649362,The sight of the empty street.,0.42652768937681845
2227,Perhaps the father has got used to doing that.,Perhaps the father is getting older and older.,0.4888820971384467,Perhaps they never agree with each other.,0.40888255562247683
2228,The father is actually kind to his son.,The father is neither kind nor cruel to his son.,0.6228487223060035,The father treats his son in an unfair way.,0.5435289969055204
2229,Growing up.,Doing their homework.,0.1995050609111786,Going to school.,0.17851480841636658
2230,Utah.,Washington.,0.4238959848880768,California .,0.40020886063575745
2231,learn how much it costs to live,earn a lot of money,0.3823869228363037,make more friends with others,0.36378228664398193
2232,Because she is the first Chinese woman to win the Nobel prize.,Because she shares the Nobel prize with Japan's Satoshi Omura.,0.37904492020606995,Because she improves the future of traditional Chinese medicine.,0.35308706760406494
2233,cure patients suffering from the malaria,control death number of patients in hospital,0.4574681520462036,reach out to the different parts of world,0.3880650997161865
2234,In a newspaper.,From an advertisement.,0.46348434686660767,In a magazine.,0.4002850651741028
2235,85.,81.,0.3922334313392639,45.,0.3811497092247009
2236,The breaking news makes at least tens of thousands of people excited.,The discovery of Artemisinin is a very successful example of research.,0.35146048582076783,"William Campbell, Satoshi Omura and Youyou Tu win Nobel prize",0.2735403654940657
2237,he met his wife there,it has many water ways,0.29154232144355774,it has lots of cafes,0.2706812620162964
2238,The history of the Ling Canal is three times as long as that of the Longsheng Rice Terraces.,Guilin is really a good place to retire and live in.,0.36506330966949463,It's convenient for the amateur climbers to climb up some waterfalls with the help of chains.,0.3641453981399536
2239,Rather hot.,Very hot.,0.6158372759819031,A little cool,0.35030388832092285
2240,They volunteered for a campaign.,They opened a restaurant together.,0.3956014825923976,The helped each other with homework.,0.36633893192361966
2241,cut down on food waste,wash your plates after dinner,0.308698722846149,work part time in restaurants,0.2853433864656072
2242,It encouraged customers to take leftovers home.,It gave stickers to the guests who ordered small dishes.,0.3317427929749457,The owner would have dinner with those who had eaten up their food.,0.3234862957286217
2243,Six,Seven,0.4731077443079014,Four,0.41387626344390216
2244,$3.00,$4.00,0.4,$ 2.00,0.4
2245,"3:00 pm, Sunday","5:00 pm, Tuesday",0.658673866628943,"8:00 am, Monday",0.46619486113776487
2246,tall,long,0.3602030026965002,fat,0.329237638550117
2247,take a few nice photos,throw things everywhere,0.3585140618796692,give some food to the fish,0.3371162497557969
2248,19 years old,16 years old,0.6284637451171875,17 years old,0.6186696887016296
2249,act in movies,go to school,0.31459689140319824,go to France,0.28705886006355286
2250,4,3,0.46838048100471497,6,0.405843585729599
2251,school,chair,0.29989832639694214,clothes,0.26155510544776917
2252,She acted in a music video,She sang a song in a movie,0.33350297808647156,She made special clothes for herself,0.3068724572658539
2253,Maine.,New York.,0.4020911455154419,Florida.,0.33775025606155396
2254,Go swimming.,See her parents.,0.3268199563026428,Taking photos.,0.3201830983161926
2255,Mr. Green's mother.,Mr. Green's father.,0.5699793696403503,Mr. Green's wife.,0.5501912832260132
2256,In Boston.,At home.,0.3881443738937378,In Florida.,0.2841014266014099
2257,Boston.,To their home.,0.38191258907318115,Florida.,0.2936341166496277
2258,a house but not big,a small country,0.35915660858154297,a small town,0.336661159992218
2259,after his family go to bed.,before his family go to bed,0.7331476211547852,at about 10.p.m.,0.4
2260,Because he can't find the key to the door.,Because his wife is not at home.,0.30566319823265076,Because he comes home late.,0.2956383526325226
2261,he wants to wake up his wife,he wants to wake up his children,0.5463657975196838,he wants to go to WC,0.46421748399734497
2262,At last Mrs Black opens the door.,Mrs Balck often waits for Mr Black at night.,0.4972168212086722,Mr Black often can't come into the house.,0.43531954288482666
2263,Dutch,French,0.3770937590085315,Greek,0.3188646972786946
2264,By studying in a Russian city.,By getting a Russian tutor.,0.44332218170166016,By reading Russian books.,0.41598668694496155
2265,he has spoken it since childhood,he thinks it's easy to learn,0.3494564890861511,he thinks it's interesting,0.3360401391983032
2266,Alex Rawlings showed great interest in learning languages from a young age.,Learning new languages becomes more and more difficult for Alex Rawlings.,0.5018529295921326,Alex Rawlings' father's family is in Japan.,0.4586949646472931
2267,a tennis bat,a tennis ball,0.5656828880310059,a TV,0.3397173285484314
2268,A tennis bat,A tennis abll,0.5516395058930106,A TV,0.32261767983436584
2269,Gina.,Gina' s brother.,0.5647359490394592,Mary.,0.42513588070869446
2270,Mary and her brother.,Gina and her brother.,0.5084001421928406,Gina's brother.,0.5084001421928406
2271,two tennis bats and tennis balls,a tennis ball and a bat,0.4536841781730582,a sofa and a bat,0.35365583125243244
2272,By high technology.,By using solar energy.,0.28437962187668475,By making a helping hand around the house.,0.2694338614310897
2273,robots will be used widely one day,the future can be controlled by humans,0.30799932086295145,more and more people are using mobile phones now,0.26396636346856095
2274,it's easy and useful,websites are designed quite well,0.33425820670754836,it's changing and growing,0.3310916400492967
2275,There're a few websites on the web.,"""WWW"" means ""World Wide Web"".",0.4723105132871699,The Internet has changed people's lives.,0.3273700952080064
2276,the web designers' work,the website manager's work,0.5137576291909747,the modem's help,0.32547589441743663
2277,the photos of elephant,an elephant expert from India,0.41648030281066895,a visit to a zoo,0.3402639925479889
2278,how to ride an elephant,when to buy an elephant,0.5257798433303833,where to sell his elephant,0.5149986743927002
2279,he would be able to sell Tara there easily,it would take only a short time to get there,0.4449993968009949,elephants cannot be sold anywhere else,0.3525209426879883
2280,he realized that he did not really want to sell Tara,he decided to take Tara home with him,0.37290680408477783,he sold Tara to a national park,0.3560028672218323
2281,news report,advertisement,0.3709689974784851,review,0.34394192695617676
2282,brave behaviour,patriotic behaviour,0.545480475385203,hard work,0.3816952705383301
2283,Cornwall is in the north of England.,Leech saved eight people in the shops.,0.3589639961719513,The fire was already out before firemen arrived.,0.31678736209869385
2284,byplane,bycar,0.4,bytrain,0.4
2285,makeourowntimetable,enjoythelongestjourney,0.4,travelonlyfiftymilesaday,0.4
2286,atrainoraplane,aboatoratrain,0.4,acaroratrain,0.4
2287,Moderntrains,Cars,0.23330068588256836,Buses,0.15783293545246124
2288,itisapleasantwaytospendaholiday,itisasfastastrainsandplanes,0.4,itisverycheap,0.4
2289,a photo,a school,0.4065113663673401,a friend,0.3974044620990753
2290,a beautiful girl,an English girl,0.45969152450561523,a good boy,0.2980142831802368
2291,Black,Orange,0.3261076807975769,Yellow,0.318289577960968
2292,Jim,Jim and Li Yan,0.4693661332130432,I,0.4
2293,"Jim, Li Yan and I",Jim and Li Yan,0.72977215051651,Li Yan and I,0.6165547370910645
2294,She was not willing to do so.,She was afraid of the man and his wife.,0.2873603105545044,She felt glad to do so.,0.25401613116264343
2295,She suffered from a car accident.,She lost her job.,0.32167423540771284,She disliked the air hostess.,0.28898745835332373
2296,Passing Your Love On,Flying With Strangers,0.32277727127075195,Learning To Forgive,0.2982299650142881
2297,They are better than foreign ones.,Most of them are the same,0.4,They have little interest.,0.3360458102897834
2298,it can lead children into a wonderful world,it's not written in children's language,0.46127579419685705,it's advertised more often on TV or posters,0.3330534063557955
2299,Chinese writers should write better books for children,the writer can't find any books for children,0.4703877858350717,Chinese presents should buy Harry Potter for their children,0.43454422461466957
2300,Our children need better books.,Ways to read books.,0.5039284138271972,Books and advertisements.,0.49098397549339795
2301,Kathy's birthday party.,Mike's birthday party.,0.6136019491633026,Uncle Tom's birthday party.,0.5401200891623756
2302,Uncle Tom's restaurant.,Zhonglian(GDH) International Hotel.,0.3849843815712368,At Kathy's home.,0.3760912833670462
2303,eat and talk,meet my friends and sisters,0.3636759208707019,go to a movie,0.3012158700140537
2304,6:00,6:30,0.4,7:45,0.4
2305,She wants to know if Mike will come to her birthday party.,She wants Mike to know what to do at her birthday party.,0.6664898429061059,She wants to tell Mike when her birthday is.,0.5398829950908933
2306,black and red,red and yellow,0.49641159176826477,purple and brown,0.33376815915107727
2307,"books ,pens and a ruler",pens and a ruler,0.5236526131629944,books,0.49270206689834595
2308,yellow and white,red and yellow,0.46254217624664307,purple and brown,0.33257460594177246
2309,two,one,0.39284712076187134,four,0.39222413301467896
2310,My pens,My books,0.3798433244228363,My schoolbag,0.3447381258010864
2311,At tha Bamboo Bike Studio in America.,On farms in Australia.,0.37859106071015913,In normal factories in China.,0.37277353307725747
2312,Because a bike is cheaper and people like to use bikes to carry things.,Because Ghanaian people have to use bikes to carry food and goods.,0.5130064487457275,Because Ghanaian people don't like cars.,0.45280691981315613
2313,Bamboo Bikes,Bamboo Bike Studio,0.5334911942481995,How to Make a Bamboo Bike,0.5128005743026733
2314,to make bigger nature reserves,to send more scientists,0.31734511256217957,to ask the WWF to work in China.,0.30414217710494995
2315,The panda,The whale,0.4,The tiger,0.27763059735298157
2316,Business,Culture,0.36195433139801025,News,0.313717782497406
2317,Make Money Every Moment,Play All Day Long,0.3671668767929077,Travel Around the World,0.36376574635505676
2318,People need a lot of money to start a stay - at - home business.,People can even use their blogs to make money.,0.49850499629974365,People can plan their own time when they work at home.,0.47238102555274963
2319,By showing a topic and giving solutions.,By giving reasons only.,0.5212157964706421,By telling old stories,0.3763863444328308
2320,new and beautiful,clean and new,0.5803524398927011,old and beautiful,0.5385927073158934
2321,"Yes, there is.","Yes, there isn't.",0.8625645255164478,"No, there isn't.",0.4
2322,boat,fish,0.37927705980461823,play,0.3470394813757409
2323,small,big,0.35221078373879244,good,0.3513737093600137
2324,"Yes, very much.","Yes, they don't.",0.6036607181147907,"No, they do.",0.4
2325,Because it gives people weather information in time,Because it has the weather of foreign countries,0.3918420970439911,Because it has the greatest advertisement,0.301677405834198
2326,TV stations play so many colourful advertisements during it,most TV stations play soft music pieces to relax their audience,0.4654204547405243,there are some warm reminds   for people to travel,0.31822240352630615
2327,afraid,fantastic,0.28145211935043335,fun,0.27826911211013794
2328,new changes,the soft music pieces,0.23412230610847473,advertisements,0.20711350440979004
2329,Life and Health,Sports and Health,0.5210019145217847,Chinese Culture,0.3075808458112411
2330,Green tea,Black tea,0.5103963760025357,Hot tea,0.4961942051971397
2331,heart disease,stomachache,0.4,headache,0.3339657870917361
2332,"At tables, we should drink tea as much as possible because it's good for our health.","If you have a stomachache, you should drink black tea.",0.500958814599639,"When we choose tea, we should know the characteristic and tastes of each kind of tea.",0.4249114778605177
2333,doesn't have a good rest,has time to have a good sleep,0.5271028876304626,is busy but he can have a good sleep,0.5041884779930115
2334,keeps talking late,watches TV late,0.45405393838882446,works late,0.42096278071403503
2335,he has to go to work,he doesn't want to sleep,0.31629669666290283,he can't fall asleep,0.2848674952983856
2336,he was ill,his wife was ill,0.49277815222740173,his wife didn't let him go,0.32056254148483276
2337,Mrs White takes the pills,Mr White takes the pills,0.5884259939193726,Mr White takes the bottle of medicine,0.48375168442726135
2338,like,leave,0.3414799013197517,ask about,0.330948946771634
2339,an old man,an old woman,0.6388589448819667,a young man,0.6287050552753359
2340,likes the country,doesn't like the country,0.6066622898537805,likes Mr and Mrs Green,0.43922247884356436
2341,nice,clever,0.4038829546644043,old,0.368577878147546
2342,hard,badly,0.34063125747573647,quickly,0.3286439617628844
2343,In the geography class,On the school bus,0.4010946452617645,We don't know.,0.3626650869846344
2344,Mrs. Smith.,Mr. White.,0.38381993770599365,Susan's classmates.,0.24535657465457916
2345,She is a careless girl.,She is a nice girl.,0.5893163084983826,She is an interesting girl.,0.5629266500473022
2346,he often helps them,he knows more than any other child,0.32538193464279175,he looks down upon them,0.28670573234558105
2347,he never talks with others,he comes from a village,0.3450827896595001,he's often late for class,0.28646814823150635
2348,the boy is thin,the boy is short,0.59614098072052,the boy isn't friendly to him,0.551316499710083
2349,John thinks he is cleverer than Fred,John is good at doing it,0.45156610012054443,John often guess riddles,0.4283272624015808
2350,he feels shy,he feels sorry,0.525957465171814,they don't think him clever,0.3517242670059204
2351,Mushrooms,Meat,0.37399642294943014,Nothing,0.34615891550553546
2352,because they wanted to know if the mushrooms were poisonous,because they loved the dog very much,0.304876991520022,because it was the officer's dog,0.2944929147515143
2353,after the gardener rushed in to announce that the dog was dead.,just before lunch,0.32144025797064124,two hours after breakfast,0.3019513103802052
2354,the dog died from an accident.,the dog died from the mushrooms it ate,0.5923467977556769,the gardener killed the dog,0.5607716410793779
2355,The officers' stomachs were washed in the hospital,The officers were sent to the hospital at once.,0.6510765366701727,The officers weren't satisfied with the mushrooms,0.46011375655867703
2356,chat tool,book,0.3827229646669032,TV programmer,0.3556240342533137
2357,We can get everything on QQ.,We can get lots of information on QQ.,0.5501745671661412,We can make friends on QQ,0.4527383638150285
2358,problems,fun,0.2810945276677519,benefits,0.2677905193461614
2359,we get some useful information we need.,we tell some strangers about our real address and ID number,0.3688014809297842,we tell some strangers about our real telephone number.,0.35895782852731106
2360,join a QQ group with many English lovers in it.,play games with our friends on QQ.,0.430671920562758,do shopping on QQ.,0.4270760857318695
2361,She hurt her neighbor deeply.,She was hurt deeply.,0.6184511082082476,She didn't know the story.,0.363304999354367
2362,All above.,Kill a chicken.,0.18676239705863582,Drop the feathers of a chicken.,0.18404500868971294
2363,The woman was given a lesson.,All the feathers had been blown away.,0.34998619211158877,The wise man was not kind enough.,0.32587662047389443
2364,Peter.,Peter and Barry.,0.4829769432544708,We don't know.,0.35195207595825195
2365,"No, he doesn't.","No, he isn't.",0.4,"Yes, he does.",0.1738479733467102
2366,Because it's boring.,Because it's fun.,0.3820796012878418,Because it's interesting.,0.3599594533443451
2367,In the school.,At home.,0.3505716919898987,In the park.,0.33247649669647217
2368,They will play basketball.,Barry doesn't have a volleyball.,0.3655301630496979,Peter has a soccer ball.,0.3633991479873657
2369,The passage doesn't tell us about it .,Dogs are easy to be taken care of.,0.262406587600708,Dogs come in all shapes and sizes.,0.22421610355377197
2370,a common book,a child's hand,0.36017128825187683,a car,0.33012300729751587
2371,Unbelievable.,Strange.,0.4097844362258911,Honest.,0.34603023529052734
2372,He was there for his first date.,He wanted to be more polite.,0.2821508577715357,He enjoyed watching people there.,0.2794794415026154
2373,He was worried about his date.,He lost a soccer match.,0.3478117528871585,Soccer is a difficult game.,0.31023234161230323
2374,She was very fashionable.,She was very popular.,0.48266964716122857,She was very young.,0.3665214047774654
2375,The man was good at expressing himself.,The man has two tickets in his pocket.,0.4609440660031925,The girl likes seeing films very much.,0.35728047434802346
2376,running for a ball,talking with his dog,0.29921552538871765,moving his arm,0.2902095317840576
2377,dog,friend,0.32882988452911377,classmate,0.3099534511566162
2378,Donny's dog,A doctor,0.3569828271865845,His father,0.34541594982147217
2379,Donny and Rusty,Donny is in Hospital,0.6161485910415649,A Story of Donny,0.5648747682571411
2380,Jim,Jim Green,0.5435163974761963,Green Jim,0.5435163974761963
2381,Green,Tom,0.292482852935791,Jim,0.2345876395702362
2382,760-9176,687-9716,0.4,281-5248,0.4
2383,Paul.,Mary.,0.33750200271606445,Jim.,0.2931845784187317
2384,My Chinese teacher,My cousin,0.31361380219459534,Liu Lei,0.29714542627334595
2385,23 yuan,16 yuan,0.6487186203586512,30 yuan,0.6382846933454032
2386,many photos and pictures about the Long March,books on the Long March,0.49785396456718445,many articles written by famous writers,0.4754369258880615
2387,Doing maths,Dancing.,0.4213978350162506,Blowing a harmonica.,0.3626035749912262
2388,"9:30am, 3:30pm , 8:00pm and 1:30 pm",only 1:30 pm,0.7715786099433899,"10:30am, 4:00pm , and 7:30 pm",0.7715786099433899
2389,not only dolphins but also seals and sea lions performing,seals and sea lions perform,0.6086621284484863,only dolphins perform,0.5314656496047974
2390,3,2,0.5219257824912782,4,0.4966063336254455
2391,he wanted to know if he did his job well enough and couldn't be replaced   by others.,he wanted her to let him continue his job,0.458849109490189,he thought that the lady was too poor,0.31744593382709924
2392,The boy was happy to know that the lady was satisfied with his performance.,The boy was angry with the lady.,0.5236913761664483,The lady wanted to find another person to do the boy's job.,0.46279384506732774
2393,Self-appraisal,Asking for a job,0.18553806057171993,The lady and the boy,0.16234725451734147
2394,a farmhouse,a building,0.418441131483461,a townhouse,0.4
2395,One,Two,0.3604657051289801,Three,0.33604817803160697
2396,often,don't like to,0.38150164483945476,sometimes,0.3391939891946306
2397,He had a good sleep under his favourite tree.,He stepped onto a hunter's net.,0.3189285791464427,He bowed before weaker animals.,0.2938005352814511
2398,He tripped over Lion's paws.,He shouted at Lion angrily.,0.4342751932970559,He prepared a delicious meal for Lion.,0.3964578377498945
2399,Because he doubted if Mouse could be of any help.,Because he believed Mouse could save him.,0.5068484191372539,Because he took Mouse as his good friend.,0.3874778374483027
2400,Clever and honest.,Humorous and stubborn,0.34787355507458945,Proud and selfish.,0.3300830088579415
2401,Even the small can show great strength.,Don't put all your eggs in one basket.,0.3435461872119123,"When the cat's away, the mice will play.",0.3142992448263949
2402,4.6 billion,46 billion,0.6683085476914572,4.6 million,0.4205839035310055
2403,Five.,Four.,0.4689853450769082,Three.,0.43391343472304694
2404,how to protect ourselves from mobile phone radiation,the reason why mobile phone radiation causes cancer,0.5743931421766606,the development and advantages of mobile phones,0.447859683485061
2405,a newspaper,a science book,0.3787130263687758,a story book.,0.3531476617517443
2406,$160,$200,0.42464498412719853,$120,0.40103244495873314
2407,Waiters,Baby-sitters,0.4,Cleaners,0.32628280241668206
2408,ad(2),ad(4),0.5514917663623647,ad(3),0.5413845963042775
2409,easy,possible,0.38493162057413477,simple,0.33922557214117166
2410,he had no money left,he liked to work in the south,0.28078610354211186,things were better in the south than in the northeast.,0.27693956588388163
2411,he had no money to buy,he forgot to buy,0.4813076930458613,He left his money home,0.4720671277172103
2412,the left side of the road,the right side of the road,0.6490110158920288,both sides of the road,0.5405325293540955
2413,about four hours,more than five hours,0.567868709564209,two hours,0.5578441619873047
2414,an English student to another English student,a Chinese student to an English student,0.7003488540649414,an English student to a Chinese student,0.7003487944602966
2415,before he got on the train,after he got on the train,0.769230433514266,when he found he had no ticket with him,0.3045201016466774
2416,to check  the tickets,to show the tickets,0.623959503116041,to buy the tickets,0.5947025104860845
2417,he believed the old man,the man was very old,0.6161932206591294,the old man showed him the ticket,0.5023037932290918
2418,he forgot where he was going,he couldn't get on the train.,0.3312900257280814,he thought his wife would get angry with him,0.313923526027812
2419,The old man didn't find his ticket,The old man had to buy another ticket,0.6224080421703969,The conductor was also an old man,0.5920328352347639
2420,lunch,dinner,0.36160969734191895,breakfast,0.31513452529907227
2421,energetic,friendly,0.3618278503417969,stressed,0.3167445957660675
2422,about twenty minutes,eight hours,0.36224186420440674,all day and night,0.3302919268608093
2423,An alarm clock.,Having a dream.,0.33251574635505676,A cup of coffee.,0.32796406745910645
2424,Why and how to take a nap.,When to take a nap.,0.789130449295044,Rules to improve your self-confidence.,0.324188768863678
2425,Robbi is the name of a robot.,Robbi is the name of the writer.,0.598017692565918,Robbi is a waiter.,0.36968961358070374
2426,Milk.,Water.,0.35946622490882874,Orange juice.,0.34152889251708984
2427,When night comes.,When the writer closes his eyes.,0.34889018535614014,When it finishes all the housework.,0.32396870851516724
2428,Robbi looks like a little boy.,Robbi is good at doing his housework.,0.4248722493648529,Robbi knows a lot of things.,0.42214763164520264
2429,hip-hop music,country music,0.5629268884658813,dancing,0.2702719569206238
2430,write,learn,0.33680835366249084,sing,0.27319011092185974
2431,Hip-hop,Music,0.19989575445652008,Basketball,0.15274159610271454
2432,they like listening to his music,they like his face and hair,0.4591503143310547,his dancing was popular,0.3124240040779114
2433,Players in NBA don't like hip-hop music at all.,NBA basketball teams have a closer connection to hip-hop music.,0.5412662029266357,Many NBA players have become hip-hop rappers.,0.5371572375297546
2434,Most of them are still alive.,Most of them died.,0.39440287334770135,Most of them because of deaf.,0.390849372316597
2435,By biting.,By smelling.,0.4,By touching.,0.4
2436,Sharks might mistake humans for seals.,Sharks pull meat off bones when they eat.,0.4106339885509067,Sharks like to attack surfers because of their thick fat.,0.38537738040760977
2437,To let us know the reasons for shark attacks on people.,To ask people to stop killing sharks.,0.3947540170591296,To show that humans are much stronger than sharks.,0.3408940904609419
2438,makes dog food,makes a new machine,0.4478387275582278,takes a picture,0.3423500817250602
2439,to show a new kind of dog food,to feed a new animal,0.4652087620617422,to serve a large lunch,0.314275487305516
2440,to let people look at it,to wash it with water,0.40952011314653763,to turn on the television,0.353345593015425
2441,didn't eat the food,ate all the food,0.5777842778018588,wanted all the food,0.5666443538336412
2442,some plans don't work,dogs will eat anything,0.32647236314449324,dogs don't like to eat,0.3258935912042197
2443,On their horses.,By swimming.,0.3888228786996663,By building a bridge.,0.38663436613530777
2444,water was flowing out of the river,it was windy and very cold,0.3925344610896434,there were many empty boats in the river,0.36010694161303836
2445,both Jefferson and the man were safe to cross the river,only the man crossed the river,0.5509008002159582,only Jefferson crossed the river,0.5427993287183757
2446,Jefferson was helpful,the man gave Jefferson some money,0.4767336994715368,nobody knew the president,0.3796216121130007
2447,family education between children and fathers,traveling around the countries,0.3187630772590637,stories about Chinese and Canadians,0.30535054206848145
2448,kids that are funny,some funny stories,0.4993336498737335,beautiful places,0.3122216761112213
2449,to make plans,to eat junk food,0.3450145423412323,to play jokes on others,0.3124653398990631
2450,Shitou thinks it's difficult to learn English.,Shitou wants to do more sports later.,0.4199264347553253,Shitou decides to achieve his dream of playing the shadow play.,0.4034123420715332
2451,never worry too much in your life,never worry about yourself,0.5275687575340271,never be afraid of the aliens,0.38158565759658813
2452,Because people think he tells a lie.,Because he forces   people to believe his words.,0.4570221458919834,Because he brings the aliens to the earth.,0.3465510606765747
2453,Is the Sky Really Falling?,Are You Afraid of the Sky Falling?,0.6154526472091675,Have You Seen the Film?,0.37043988704681396
2454,seven,six,0.46228346362558287,three,0.42926518250129425
2455,from England,from America,0.4357562447729758,from India,0.42885763865977683
2456,teacher,player,0.35770725027268674,doctor,0.33659682860926154
2457,is from China,has been to China,0.859327030718843,can do Chinese food,0.28126692223172023
2458,Chinese,English,0.3671946080586079,American,0.3399051231195185
2459,Happy.,Afraid.,0.34453293681144714,Worried.,0.3231346309185028
2460,playground,classroom,0.36975109577178955,school library,0.3147333860397339
2461,cared about,paid no attention to,0.46596401929855347,made fun of,0.4107946753501892
2462,students,library,0.3580746054649353,teachers,0.3099449872970581
2463,Last month.,Last week.,0.5797233581542969,Yesterday.,0.3611849248409271
2464,She is going to read English every morning.,She is going to study English really hard.,0.43504175543785095,She is going to go to the school library quite often.,0.3689454197883606
2465,A doctor.,A university student.,0.37460166215896606,An English teacher.,0.34394797682762146
2466,Jenny is going to study medicine at a university in the new term.,Jenny isn't going to eat some junk food in the new term.,0.535889744758606,Jenny thinks reading books is good for her.,0.425540566444397
2467,Some scientists try to imagine aliens' life.,Scientists know about the aliens' life well.,0.5497327582976289,Scientists have the same idea about the UFO.,0.3845119344303952
2468,Many astrophiles saw the UFO.,The UFO was small when it moved north.,0.4704613020645756,A pilot took pictures of the UFO.,0.46501572340121733
2469,The pilot could exactly make sure what he had seen.,"Some people from some cities said that they saw the UFO on August 20
th,2011.",0.35469429270834907,UFO is short for Unidentified Flying Object.,0.34782529969849885
2470,the twins,Gavin,0.25671201944351196,a stranger,0.24055519700050354
2471,Gavin,nobody,0.31620335578918457,a stranger,0.31153354048728943
2472,They didn't work together any longer.,They still did business together.,0.4960654377937317,They still loved each other.,0.33512169122695923
2473,say sorry and ask to be excused,return the money,0.3244243373871804,borrow some money,0.3195684817285778
2474,the twin brothers didn't hate each other any longer.,the twin brothers pulled down the wall in the center of the store.,0.4595435559749603,the wall in the center of the store fell down by itself.,0.3321668207645416
2475,how to make a cheap trip in Chicago,Chicago is a big and beautiful city,0.44628894329071045,there are many free concerts in Chicago,0.4364166855812073
2476,the Sears Tower,Roosevelt University,0.35312575101852417,Grant Park,0.345291405916214
2477,$860,$ l00,0.4,$300,0.15660570561885834
2478,You can get tickets to the Oprah Winfrey Show as soon as you arrive.,Free Grant Park concerts are held four nights a week in summer.,0.40333452820777893,The Sears Tower is the world's third tallest building.,0.39867866039276123
2479,transportation,collection,0.41326060114693414,producing,0.3192810304419555
2480,Four.,Three.,0.4569445356727921,Two.,0.45646111164558956
2481,Some seeds.,A pot.,0.38862401079845355,A garden.,0.36971814610610465
2482,we can plant vegetables on our balconies,we need much space to plant vegetables,0.584289244511233,vegetables from supermarkets must be a little cheaper,0.4844495917899482
2483,A newspaper.,An advertisement.,0.48500150964527255,A story book.,0.41894653932313797
2484,got a plastic pearl necklace,bought her mother a pearl necklace,0.4669998288154602,went to buy a necklace,0.39050549268722534
2485,she wanted Anny to know that one should buy and pay for oneself,she wanted to buy her a real pearl necklace,0.4075314700603485,she didn't have enough money,0.35845088958740234
2486,Anny worked hard to pay for the plastic necklace,Anny's father wanted the plastic necklace,0.5721383690834045,Anny gave the plastic necklace to her father because she didn't like it any more,0.5637062788009644
2487,how to educate kids in a right way,kids should love their parents,0.47298896312713623,parents should buy their kids everything,0.4712817668914795
2488,she was very angry,she was very happy,0.37623199820518494,Doris wasn't friendly,0.3316934406757355
2489,It's better to let the neighbor pick the strawberries than to give them to the bees.,The bees are better than the neighbor.,0.49861934781074524,The bees like strawberries more than the neighbor does.,0.48763352632522583
2490,Take care.,Help me.,0.35077646374702454,A glass of water fell from the window.,0.26502978801727295
2491,All the sailors on deck.,Put your both hands on deck.,0.4418402910232544,Put up your hands.,0.3377302587032318
2492,he has not yet got up.,he has not walked up yet.,0.4860146939754486,he has not stood up yet.,0.47773146629333496
2493,was still in an upstairs room.,was reading a book.,0.37236180901527405,was having his breakfast.,0.3679894804954529
2494,What a language!,The English language,0.6319234371185303,Three stories,0.3268468379974365
2495,her neighbor's ducks eat up her vegetables,she doesn't have any vegetables to make lunch.,0.45262138460496626,her neighbor is playing in her garden,0.39469253511943936
2496,Mrs Brown's son is four years old.,Mrs Brown's neighbor doesn't like the duck.,0.5072911358511767,Mrs Brown grows the vegetables with her neighbor.,0.4802608998308713
2497,Enjoy your vegetables.,Nice vegetables,0.5820253576941321,The neighbor's ducks,0.38239890195865267
2498,in different places,in the same town,0.23165398836135864,in the other town,0.23165398836135864
2499,what time his train would arrive at the station,where his train would leave for,0.5438342690467834,that he was then at the station,0.4459874629974365
2500,needed some change for the phone call,had no money to make the phone call,0.5804622769355774,did not know where to make the phone call,0.569381833076477
2501,was not polite to him,was polite to him,0.8553632497787476,didn't like to help him at all,0.38276973366737366
2502,Both the young officer and the old soldier were angry.,He wanted the old soldier to speak to him in a polite way.,0.49481624364852905,The young officer wanted his mother to meet him at the station.,0.4813165068626404
2503,Australian.,American.,0.38015988934195644,Canadian.,0.328815909573269
2504,Because he wanted to continue saving lives.,Because he wanted to be proud of himself.,0.5068426825363355,Because he would like to talk with strangers.,0.373564500230473
2505,In 2011.,In 2006.,0.36197124591128826,In 2010.,0.3551364897406607
2506,We should rethink how to be a good neighbour.,It's important for him to get these prizes.,0.3713689119956046,He saved people through giving them money.,0.34708867449204905
2507,modern traffic development,modern technology,0.4580993056297302,development of people's lives,0.4477667212486267
2508,take some medicine with you,drink much water,0.3536341190338135,clean the cover,0.3443668484687805
2509,be too tired,wear glasses,0.3559880256652832,wear a hat,0.3484732508659363
2510,how to keep healthy during a trip,what to do before traveling,0.3415270745754242,what to do while traveling,0.3415270745754242
2511,there is no man,there is a man,0.8703509569168091,there is a woman,0.4499843120574951
2512,some facts about the moon,few facts about the moon,0.7376559972763062,nothing about the moon,0.560278594493866
2513,The earth is much bigger than the moon.,The moon is bigger than the earth.,0.6640176773071289,The moon is as big as the earth.,0.5636748671531677
2514,fourteen days on the earth.,seven days on the earth,0.6395844221115112,two years on the earth,0.5004772543907166
2515,in the daytime,at night and in the daytime,0.5995360612869263,during the night,0.4271060526371002
2516,In 1860,In 2000,0.3907601237297058,In 1961.,0.3660995364189148
2517,"the first ""word"" they could understand in that language",those small parts are written in the DNA with a special language.,0.3895333409309387,all the words in the DNA map,0.3246172368526459
2518,Make better medicine.,Make maps for them.,0.5128019452095032,Make them attractive.,0.48388633131980896
2519,We have understood what all the words in the DNA map do.,"DNA is the whole ""map"" of the human body.",0.4639872610569,DNA tells the cell to build its parts.,0.4095504879951477
2520,It can be good and bad.,It can be only good.,0.6395565867424011,It can be only bad.,0.6102086305618286
2521,He saw it in a newspaper advertisement.,He wrote to the farmer.,0.3383013919257326,Maybe he learned it from the radio.,0.3320472321384766
2522,He thought he might have to eat the farmer,The farmer wasn't friendly to him,0.4280131596951011,He didn't like the country life at all,0.3361189016796141
2523,Henry thought he could enjoy a change.,"Henry couldn't think of anything else to do, so he went to the farm.",0.48549513102105607,Ed could eat a different kind of meat every day.,0.43074253191209444
2524,A short holiday,Have a good time.,0.36807359013938684,What a beautiful farm!,0.3308163666206201
2525,1964,1969,0.4,1979,0.3414426370194512
2526,they liked it and wanted to have one,they couldn't go to Africa,0.30071631906563334,Ann looked kind and friendly,0.29418777327084605
2527,It was like a backpack with leg holes and adjustable   straps.,It was a big backpack which could be worn on the back or front.,0.42732474070835924,It was a bag made of bright cloth.,0.40023858727055595
2528,make their lives easier,show they are better than others,0.32709786944331964,start a family business,0.3243214481989733
2529,The mother of the baby carrier.,How to make a baby carrier.,0.6106022189508665,Baby carriers in Africa,0.5180155866897866
2530,She believed she could cross the desert.,She thought she couldn't cross the desert.,0.5847045662726853,She thought she knew well about the desert.,0.41272105431597067
2531,Crossed the desert.,Died.,0.3511153540415663,Stopped trying.,0.349989403055674
2532,"To succeed, we should change the way we used to be.",The road to success is not always easy.,0.37103783674623847,We should do the right thing whatever others say.,0.3589249973722325
2533,An old woman,A young woman,0.5594897270202637,An old man,0.5523859262466431
2534,ten yuan,ten dollars,0.5064128041267395,a packet,0.3606801927089691
2535,thief,teacher,0.3539842367172241,poor woman,0.3057255446910858
2536,his own,the driver' s,0.20239797234535217,the old woman' s,0.13879504799842834
2537,Little Tom makes a mistake,Little Tom is a bad boy.,0.5848099589347839,Little Tom often steals things.,0.5482420551118873
2538,Because she was lonely.,Because her parents were on a holiday.,0.2649824321269989,Because it was a rainy day in the school holidays.,0.22605103254318237
2539,In the room on the top floor.,On the walls.,0.40112990140914917,In the air.,0.37676844000816345
2540,He made Lily in the air.,Lily saw a sofa stay in the air.,0.4243602752685547,He appeared in the room strangely.,0.28172552585601807
2541,She told the boy she was lonely and unhappy.,She laughed happily when she saw the boy.,0.4247005581855774,She said she wanted some wishes.,0.34523308277130127
2542,Next week.,That week.,0.6063233017921448,Next year.,0.5802453756332397
2543,More than 100 years,Less than 100 years,0.6562133228461282,1100 years,0.6180639976603965
2544,they couldn't play outdoors,they often got into fights,0.3616250769053171,they had much homework to do,0.318190870963052
2545,Some teachers,Some of his friends,0.379045903815505,Some students' parents,0.3504616135412114
2546,throws the ball into the basket,receives the ball.,0.559387055419832,throws the ball to another student,0.5164812943617553
2547,The ball had to be thrown into the basket ten feet above the floor.,Dr. Naismith had to use fruit baskets to throw the ball.,0.4555364149781007,It was easy to invent the game.,0.3142273852475176
2548,They love their children too much and ask for nothing in return.,They often read stories to their children while sleeping.,0.4024196709809094,They often get dirty when eating.,0.35003517940870743
2549,Be with them and listen to them.,Go on talking with them.,0.34797785906855383,Make them calm down.,0.3230751268159221
2550,To show what we should do when our parents are old.,To show a father's love to his son.,0.42769932878439726,To complain that their children are too busy to look after them.,0.30699955803936785
2551,Daughters and sons.,Parents.,0.3474801924204861,Teachers.,0.33965310714025976
2552,an English lesson,a long meeting,0.3452329882271487,a good time,0.33155037164130796
2553,her students,her children,0.3454601044059816,the teacher,0.320479787089895
2554,A word.,Her name.,0.32771141721126384,A letter.,0.30071802978356504
2555,doesn't believe,don't believe,0.8463203403221927,believes,0.3428502166750136
2556,Because there is a mile between the first letter and the last one.,I don't know.,0.378100845343684,Because the teacher tells a joke  to the students.,0.29304432063332553
2557,Five.,Eight.,0.4241708517074585,Nine.,0.41977789998054504
2558,To keep healthy.,To make our studies better.,0.3575515151023865,To make more friends.,0.35032767057418823
2559,Sleeping all day.,Going for a picnic.,0.32441651821136475,Keeping a pet.,0.29855185747146606
2560,Hobbies.,Trees.,0.39278194308280945,Friends.,0.3242272138595581
2561,How to spend your free time.,What to do when you stay at home.,0.33175337314605713,How to keep healthy.,0.3254515528678894
2562,7.15 p.m.,5 p.m.,0.16476485133171082,10 a.m.,0.1639474630355835
2563,June 16,June 5,0.5402098894119263,June 15,0.5344727635383606
2564,$62.4,$41.6,0.4,$78,0.4
2565,include all the senses and things we touch,include few senses and things we touch,0.71880475976189,are remembered by everyone,0.3594880882656317
2566,study dream and dreaming and have their own different ideas,have the same idea that people often dream about the things they want,0.4120152008112851,"believe when we dream, the brain is trying to make sense of the world",0.4088004165854591
2567,The Mystery of Dreams and Dreaming,The fact of Dreams,0.5050432221826548,The Solutions to Dreams,0.49833680741389946
2568,She wanted to play tennis.,She wanted to do researches.,0.46841302514076233,She wanted to study stars.,0.45162326097488403
2569,In 1983.,In 2012.,0.21221821010112762,In 1977.,0.1440005749464035
2570,"She learned how to produce machines,",She learned how to use special machines.,0.5840153098106384,She learned how to fly a plane.,0.4963793158531189
2571,after she travelled into space,after she wrote books on space,0.45441892743110657,before she got her PhD in astrophysics,0.31146475672721863
2572,Chicago Bulls,Miami Heat,0.33370858430862427,Cleveland Cavaliers,0.2820020914077759
2573,confidence,ability to jump,0.3612857460975647,shooting skills,0.3401266038417816
2574,He won the NBA Slam Dunk Contest more than once.,He gives hope to all NBA players.,0.4210362434387207,He feels himself smaller than others and he practises hard.,0.3754913441671146
2575,friends,teachers,0.34376174211502075,in Grade Two,0.2271864265203476
2576,a student,English,0.32151204347610474,a girl,0.3100374937057495
2577,an English teacher,a Chinese teacher,0.5572820901870728,Helen's friend,0.2919407784938812
2578,his school ID card,his ID card,0.6289763450622559,Mr. Smith,0.29625511169433594
2579,phone,ID card,0.30396797080468396,book,0.29279455050540404
2580,life,sports,0.26977503299713135,news,0.26896530389785767
2581,having a pair of scissors,wearing a nice watch,0.3602292537689209,wearing clean uniforms,0.35591360926628113
2582,students,tailors,0.4,parents,0.3373863399028778
2583,Taking care of small children.,A baby sitting at home.,0.3531172275543213,A sitting baby.,0.34723442792892456
2584,doing what they dislike,doing the clean-up work,0.37427419424057007,helping old people with some chores,0.31119468808174133
2585,his neighbor is old and lives alone .,his neighbor is a doctor.,0.45782333612442017,he likes studying .,0.33396852016448975
2586,American children work to make pocket money,children can deliver newspapers.,0.4003707468509674,children are good babysitters.,0.36494846315036267
2587,The fourth grade.,The third grade.,0.5590392639664807,The fifth grade.,0.5433623207126513
2588,He was a fisherman.,He was a teacher.,0.23468296999207444,He was a swimmer.,0.20690086469260194
2589,Surprised but happy.,Frightened but lucky.,0.3748597708159339,Angry and disappointed.,0.3628638251280242
2590,We had a special party.,How to organize a party.,0.6025912788933245,Some kinds of fishes in the sea.,0.3191722039213955
2591,three,two,0.4891683959668208,four,0.46469324105953075
2592,improve children's intelligence,improve children's language ability,0.548794538044116,help children do more sports,0.4889543311983605
2593,They don't like music.,They don't like doing sports.,0.5433669398156591,They are shy.,0.32439893982271106
2594,Why Music Is Important to Children.,Different Music Activities.,0.4909107568411888,How to Play Music with Others.,0.48628172736100983
2595,The Spring Festival,the Mid-Autumn Festival,0.5060833340031523,May Day,0.33181558823595414
2596,January or February,December or January,0.5778549567076939,February or march,0.5516071460832765
2597,Dumplings,Fish,0.3713244987994717,Fruit,0.36966803223363265
2598,come together,come back,0.6280212251392976,be hungry,0.37746380723694506
2599,"sing, dance and play cards",never sings,0.39770519218514555,never drinks,0.30939040747216123
2600,A car hit him.,His ball was missing.,0.3568902313709259,He was lost.,0.33615463972091675
2601,He lost his memory.,He couldn't move.,0.42139512300491333,He couldn't get to sleep.,0.3968203067779541
2602,His dog.,The doctor.,0.36703336238861084,His mother.,0.33756864070892334
2603,A year.,A week.,0.3534435033798218,We don't know.,0.34906479716300964
2604,The doctor was sure that Jack could be cured one day.,"When his father talked about Tidy, Jack thought of something.",0.4405333995819092,Jack's parents took Jack to the hospital immediately.,0.42903798818588257
2605,500,10,0.3782709538936615,100,0.34993094205856323
2606,100,10,0.40711668133735657,50,0.3618900775909424
2607,The rich man,The young man,0.5467116832733154,The man's friend,0.5166283845901489
2608,The rich American was very happy to buy the stolen watch.,The rich man didn't see the young man stealing the watch at all.,0.4622709311589079,The watch is worth 500 dollars.,0.46162199563221956
2609,The nice looking watch worth 100 dollars.,The Watch is a bad thing.,0.45127570629119873,The man was cheated .,0.38340081641461043
2610,snowy,cloudy,0.4,sunny,0.3964047431945801
2611,Beijing,Anhui,0.36884647607803345,Hainan,0.32727426290512085
2612,Maria,Maria's parents,0.5250239372253418,Mary,0.37429940700531006
2613,"peppers, tomatoes","peppers, mushrooms and tomatoes",0.5847748517990112,"green peppers, tomatoes and eggs",0.534188449382782
2614,Play basketball.,Play soccer,0.6272835731506348,Play baseball.,0.6023424863815308
2615,T-shirt.,Trousers.,0.17862580716609955,Jeans.,0.16697107255458832
2616,John.,Ann.,0.3481469452381134,Tom.,0.3198661506175995
2617,Ann.,John.,0.33818358182907104,Tom.,0.30922025442123413
2618,A recorder.,A clarinet.,0.39079684019088745,A violin.,0.3156522512435913
2619,Her mother bought it from a stranger.,She got it from her uncle.,0.36144793033599854,She traded in the clarinet for it.,0.3027596175670624
2620,Jenny enjoyed playing music with the right instrument.,Betty was more interested in playing the piano.,0.4559617042541504,Jenny's mother borrowed a recorder in her seventh grade.,0.44125139713287354
2621,How Jenny found the music inside of her.,What trouble Jenny had taking up music as a hobby.,0.52145916223526,What benefits Jenny got from making music.,0.5153510570526123
2622,science and nature,sailing around the world,0.3760336992039931,having medical classes,0.3469273927465861
2623,five,four,0.43363877250168004,three,0.43297487164547593
2624,fifty,twenty-three,0.4,forty-five,0.4
2625,11,10,0.4366840042845964,8,0.42259884261967146
2626,At 5 pm on Sundays.,At 5 pm on Mondays.,0.6846244836895601,At 4 pm on Saturdays.,0.5584082039634075
2627,introduce two TV series to us,encourage us to watch more TV series,0.5955058189189728,explain why there are so many TV series,0.512430294153185
2628,take a submarine,take a bus,0.5897526280025488,swim,0.3183309424873165
2629,solve some problems,build houses,0.31671134719579386,learn to drive the submarine,0.31167113819808523
2630,They will have difficulty in breathing.,They will feel tired.,0.3461288821113037,They will become quite short.,0.3381838356765118
2631,more comfortable,less comfortable,0.5877611575285531,easier,0.3223476088592263
2632,The sea is noisy and crowded for man to live in.,There are also some problems for people to solve if they want to live on the moon.,0.4039686606273473,Some of the problems are very hard to solve.,0.35805403347232084
2633,four,three,0.4145776331424713,seven,0.4130842685699463
2634,rich,in the country,0.3973490595817566,poor,0.3514043688774109
2635,Both A and B,two sisters,0.36931508779525757,some servants,0.3297554850578308
2636,their families,their life,0.37044960260391235,their friends,0.35081684589385986
2637,"No, he didn't.","No, he wasn't.",0.4,"Yes, he did.",0.22692711651325226
2638,was very tired,didn't know the time,0.33864229917526245,lost his watch,0.28675785660743713
2639,twenty-five minutes later,thirty-five minutes later,0.7897608524114725,twenty minutes later,0.6737461348270711
2640,he didn't want anybody to trouble him.,he wanted somebody to tell him the time.,0.37362468242645264,he wanted somebody to wake him up.,0.3616868257522583
2641,tell him what time it was,ask him the time,0.5262593030929565,ask him not to sleep,0.32153916358947754
2642,didn't have a good rest,had a good sleep,0.6704109907150269,always closed his eyes,0.29498594999313354
2643,Four,Two,0.42249393463134766,Five,0.41475164890289307
2644,wanted to eat them,wanted to play with them,0.595557451248169,wanted to make friends with them.,0.5064336061477661
2645,"Because every time he came near, the four bulls stood together to fight him.",Because the bulls were friendly,0.38724663853645325,Because it was not very hungry.,0.35483938455581665
2646,they had a quarrel,they wanted to find their children,0.32517778873443604,they wanted to live in other places .,0.31592118740081787
2647,ate up all the four bulls,ate nothing,0.47619450092315674,made friends with bulls,0.46332424879074097
2648,September 22nd,"February 2
nd",0.4629239352685274,"July 5
th",0.43643459612179786
2649,Chengdu,Beijing,0.3695516586303711,Shanghai,0.36693280935287476
2650,63.,41.,0.4,52.,0.3390986919403076
2651,"No Car Day has been supported by over 1,000 cities around the world so far.",No Car Day is World Environment Day.,0.5448930263519287,China is the first country to start No Car Day.,0.45914703607559204
2652,a Canadian,an Australian,0.41338783502578735,an Englishman,0.40477126836776733
2653,four,five,0.40815910732217425,two,0.3971356071778599
2654,teacher,bookseller,0.4,doctor,0.2400040477514267
2655,younger sister,younger brother,0.5870705842971802,younger cousin .,0.5512810945510864
2656,"he's beautiful ,too.",the baby is nice .,0.2765249013900757,he loves the baby best.,0.2693921625614166
2657,He wanted to get some experience for his future work.,He wanted to get some skills of treating animals.,0.5179910765196063,He wanted to get some money for his schooling.,0.5072467459745614
2658,How to be a kind person who helps others.,How to deal with the owners of pets.,0.32061133086858473,The knowledge of vet medicine.,0.26941201256858044
2659,The woman,The boy,0.38133526187319183,The father,0.3318830653271174
2660,Because the King of Scotland was not good enough.,Because the King of England was very smart.,0.4016574025154114,Because the Scots were too weak.,0.31415775418281555
2661,In the middle of the cave.,At the top of the cave.,0.5125069618225098,At the entrance of the cave.,0.46052637696266174
2662,It was clever.,It was great.,0.35742542147636414,It was not that strong.,0.32338228821754456
2663,Try to find an easier way when we meet difficulties.,Keep trying and we will get what we want.,0.4038119316101074,Life is so hard and sometimes we have to give up something.,0.35073918104171753
2664,newspaper,ad,0.5014429092407227,story,0.3227565884590149
2665,Three,Two,0.4643430709838867,Four,0.4533936083316803
2666,Hubei Province,Zhejiang Province,0.59661865234375,Jiangxi Province,0.5923902988433838
2667,comedies,romances,0.4,documentaries,0.3977290913826541
2668,Boys,Girls,0.42046130002278714,All the children,0.3812974653020132
2669,American,Chinese,0.35146139479503025,school,0.31784369189523376
2670,A and B,go to the concert,0.35628334531077,go to the cinemas,0.32721699929270454
2671,15 years old.,17 years old.,0.6285885572433472,11 years old.,0.6285675168037415
2672,The writer.,The writer and his sister.,0.5774660110473633,The writer's mother.,0.5647072792053223
2673,The boy made a big trouble when he was 11.,The boy didn't look after his sister.,0.4140481948852539,It's difficult to put out a fire.,0.38497650623321533
2674,In the woods.,At home.,0.3690362572669983,In a drugstore.,0.35304901003837585
2675,Talking with animals,Fixing up bikes,0.36673280121566226,Cooking outside,0.3540207860159218
2676,The writer rides faster in the afternoon.,The writer always has fruit for breakfast.,0.4791346490383148,The writer doesn't want to get up early.,0.4435403048992157
2677,enjoys a free and pleasant bike ride,is unhappy to ride a bike alone,0.5493707910329675,rides a bike to work every day,0.4876156453676046
2678,see a film,watch TV,0.3810247778892517,meet his friends,0.3550812900066376
2679,asks for another ticket,drinks coffee,0.3684006333351135,sings and dances.,0.33647292852401733
2680,He isn't meeting his friend,the big woman doesn't let him in,0.38906338810920715,He isn't seeing a film,0.3719080090522766
2681,the small man is the first time to go to a cinema.,the small man is afraid of  the big woman.,0.526405930519104,the small man doesn't want the big woman to tear his ticket up.,0.5011599063866321
2682,in the morning,in the afternoon,0.3675703704357147,in the evening,0.3399289846420288
2683,Because he wants to get the birds.,Because the birds want to eat it.,0.435152530670166,Because the man like the birds.,0.43438103795051575
2684,Y=50 and the price of a jacket.,$50 and the price of a jacket.,0.68510901927948,$50,0.4152987599372864
2685,Lucy sells the birds.,Lucy helps the birds.,0.6176762580871582,Lucy likes animals.,0.5045894980430603
2686,cultures,countries,0.42286982344221935,friends,0.3761733364308903
2687,body language is important when trying to communicate across cultures,body language is the most important in our communication,0.5368988953790179,people around the world have the same body languages,0.4711600481855822
2688,give him a hug,kiss him,0.33867613795948803,shake hands with him,0.3375342857192788
2689,They are friends.,They are relatives.,0.3016982207784359,They are neighbors.,0.26258557039193153
2690,In the city.,In the hole.,0.33406915787585334,In the country.,0.3309118514083196
2691,Because he enjoys happiness.,Because he likes to be rich.,0.340382293626294,Because he likes to be poor.,0.3375550253531172
2692,The City Mouse and the Country Mouse,The Country and they City,0.6800643891053861,Two Beautiful Mice,0.3543113028687229
2693,the time to get a job,the most difficult time of our lives,0.4282457470118217,the best time of our lives,0.4262187034378325
2694,they still seem little in some parents' eyes,They still consider themselves to be children,0.46820447828713174,they become confident of their position,0.30689878316619856
2695,They consider it to be a natural need.,They want to relax themselves.,0.3367550808876981,Their friends advise them to do so.,0.3208447964862394
2696,proud,surprised,0.3669094754042435,sad,0.3398027319761863
2697,say good words,say what you like,0.44594079618351945,tell the truth,0.30691465853820976
2698,people who tell white lies want to be kind,people who tell white lies are not kind,0.7190065003573477,a newly-born baby is the most beautiful one,0.3589154859758031
2699,Your friend's bag isn't beautiful but you say it is.,You know Jack was late but you say you don't.,0.4363767576229841,You broke the window but you say you didn't.,0.4207553371689419
2700,Four,Three,0.422563243369502,Two,0.4186695344240786
2701,Cars,Buildings,0.39179980020096833,Houses,0.290005766385074
2702,To tell the Earthmen what the Earth is like.,To tell the Earthmen he doesn't like the Earth.,0.7258385300794669,To tell the Earthmen he is leaving the Earth soon.,0.5673509089625397
2703,The city's La Scala opera house will offer additional performances in 2015.,It is hosting the world's largest Fashion Week in 2015.,0.39617758896272665,"Football, fashion and ancient canals are three features of the city.",0.39084669947624207
2704,give an introduction to Milan as a good choice for traveling,give an proper review of the food culture in Milan,0.47933241724967957,explain why Milan will be holding the world Expo in 2015,0.36882731318473816
2705,a classroom,desks and chairs,0.35074320435523987,a family,0.3501579165458679
2706,in the pencil box,under the chair,0.36466777324676514,on the floor,0.35764503479003906
2707,Linda,Mary,0.38718265295028687,Mike,0.30035802721977234
2708,Mary,Linda,0.41357293725013733,Mike,0.3553551435470581
2709,friends,teacher and student,0.2764483690261841,cousins,0.26164788007736206
2710,all of the above,play computer games,0.20621676743030548,get more information,0.18651382625102997
2711,do more out-of-class activities at school,stay in the classroom doing more exercises,0.3442458510398865,go to the English Corner every afternoon,0.324151873588562
2712,Drawing or reading.,Playing basketball or football.,0.3767889440059662,Singing and dancing.,0.32630521059036255
2713,teacher,runner,0.4,player,0.3512117266654968
2714,he likes football very much,he got a ticket,0.33673742413520813,he didn't go to work yesterday,0.30222707986831665
2715,it was very crowded on the bus,the bus was too small,0.5620190501213074,he got on the bus too late,0.5001931190490723
2716,he was afraid to fall again,he hoped the man to get off soon,0.3243783712387085,he wanted to make the man angry,0.3143623471260071
2717,the boy would hurt his beard,the boy would pull him down,0.5784569978713989,the boy could be hurt again,0.5612805485725403
2718,Customers had to pay for things in full.,They could be used everywhere.,0.365603594271504,Everyone could get this kind of credit card.,0.3214574516312301
2719,part of the development of credit cards,how credit cards help businessmen,0.5016854006796111,the number of people who use credit cards in the world,0.4601142007156196
2720,I won't let the rider go until I rail my parents.,will let the rider go before I call my parents.,0.6733715873659266,I will letthe rider go because I know how seriously I am hurt.,0.4855549970001971
2721,run away and find an exit as quickly as you Can,run quickly and take the lift,0.5448776268415665,take everything you have and then run away,0.531119022458095
2722,5,4,0.47798182996297595,6,0.47720729558827246
2723,Self-protection,Danger,0.22723233732620565,An usual lesson,0.21242064009208905
2724,Walking his dog.,Playing basketball.,0.350565286436774,Playing computer games.,0.31526473817965683
2725,At 11:00 am.,At 10:40 am.,0.4,At 6:45 am.,0.4
2726,The writer's brother wanted very much to have someone his age to play with.,The writer's brother didn't eat anything for lunch.,0.5166775267749025,The writer finally decided to play chess.,0.5048631517972709
2727,does what he won't forget,does all kinds of sports,0.2704294181920879,has no time to learn German,0.26475451089746455
2728,four,three,0.47435340553488875,five,0.4509022755894878
2729,Nancy,Nancy and Kate,0.5224930154033711,Henry,0.34046001105537
2730,Some trees,Some flowers,0.3804446548385896,Some children,0.30523367786908556
2731,on the Sunday afternoon,on the Sunday morning,0.509417170545688,before 12 o'clock,0.43467285480106116
2732,"From the passage,we can't know Nancy's husband's name.","At 9 o'clock in the morning,Nancy calls Kate.",0.42162495416467305,They don't like the picnic.,0.3988607422676417
2733,Read books,Beg some money.,0.39172413496384817,Listen to music.,0.35996466875076294
2734,They often play the violin or guitar in the train,They often steal money from the shops.,0.37426137924194336,They usually brush shoes for the passengers.,0.3154951333999634
2735,Every station has something to sell,Every station is very big in Paris.,0.5838565826416016,The beggars in the Paris subway station can play some instruments.,0.4359019994735718
2736,The subway is the window of the Paris culture.,Reading in the Paris subway.,0.5877543687820435,Each of the subway station in the Paris has its special facts.,0.5361963510513306
2737,Healthy lifestyle  .,Healthy sports.,0.5859705209732056,Healthy food.,0.572948694229126
2738,Twenty minutes.,Fifteen minutes.,0.6285563111305237,Five minutes.,0.625874400138855
2739,proper diet and exercise,proper diet,0.5700874328613281,exercise,0.5402836799621582
2740,take the train home,take the train to Taibei,0.6219752430915833,find a job,0.3189275562763214
2741,she needed to take the train,she had no money to buy a ticket,0.3416094183921814,her child wanted to talk to Tom,0.2726516127586365
2742,he gave his ticket to the woman,he didn't take a train ticket,0.4062744677066803,he wanted to talk to the old man,0.3504942059516907
2743,give Tom a job,"say ""Thank you "" to Tom",0.46650364995002747,lend Tom some money,0.4529062509536743
2744,"If we try our best to help others, others will help us.",We should not give our ticket to others in a train station.,0.4093882441520691,Don't buy the last ticket of the train.,0.31206628680229187
2745,Snowflake Boy,Snowflake Photos,0.46270692348480225,Teenage Photographer,0.4
2746,a farmer,a funny man,0.3443310260772705,a school teacher,0.3152029812335968
2747,He was crazy about the beauty of snowflakes.,He was the onlyperson to take photos of snowflakes.,0.45454110005352644,He was born into a rich family.,0.375749796628952
2748,It's in the schoolbag.,It's on the table.,0.3848411738872528,It's in the bookcase.,0.3844776153564453
2749,A bookcase,A bed,0.3886118531227112,An orange,0.38823550939559937
2750,Beside the cat.,Beside the chair.,0.49384376406669617,Under the bed.,0.3405683636665344
2751,It's under the chair.,It's on the bed.,0.39445626735687256,It's next to the bed.,0.39069485664367676
2752,a dresser,a book,0.31728705763816833,a schoolbag,0.2958160936832428
2753,she wasn't young any more,others laughed at her,0.2775592505931854,she had another name,0.26380491256713867
2754,was badly ill,was very strong,0.3579198718070984,could walk and speak,0.3542289137840271
2755,"From the father's example, the daughter learned how to show her love.","The daughter left her home because she had a fight with her father,",0.5295682549476624,The father felt much better after the daughter's return*,0.4943103790283203
2756,Shanghai,New York,0.3990320563316345,Toronto,0.38514459133148193
2757,Five.,Four.,0.45547783374786377,Seven.,0.4046382009983063
2758,Because people there don't realize the importance of politeness.,Because people there are not friendly enough,0.48404860496520996,Because the food there is not delicious.,0.3746287524700165
2759,to hold the door closed for visitors,to say thank you to visitors,0.46688026189804077,to give visitors a smile,0.4358370006084442
2760,to remember to be polite in public places,to travel to the most polite cities more often,0.5028271079063416,to hold the door open for anybody,0.3459693193435669
2761,an English lesson,a long meeting,0.3452329882271487,a good time,0.33155037164130796
2762,her students,her children,0.33960957473526626,the teacher,0.27557760546452875
2763,A word.,Her name.,0.32771141721126384,A letter.,0.30071802978356504
2764,doesn't believe,doesn't ask,0.35423389934863736,believes,0.3428502166750136
2765,Yes.,No.,0.4,Sure.,0.3474711160891503
2766,may need a doctor,is healthy,0.31692472100257874,looks well,0.29202330112457275
2767,green,blue,0.36657851934432983,red,0.362152099609375
2768,Not all the 'black' expressions have bad meanings.,All the color expressions in the passage come from Britain English.,0.3676125407218933,A company surely likes to be 'in the red'.,0.36679965257644653
2769,eating outside,at home,0.35543402089431586,ill,0.31404253554793166
2770,"They come to see her and cook some fish heads for her,","They come to ask her why she likes eating fish heads,",0.5229684203084244,They come to give her some money.,0.44885145018494593
2771,Because she loves her husband and children very much.,Because she likes eating them very much.,0.4207021184990011,Because she wants to keep slim.,0.33734410963720574
2772,listen to classical music,listen to Mariah Carey's music,0.5603620530133848,go to the movies,0.2973052230146448
2773,Because she wanted to talk about her problem.,Because she wanted to give him some ideas.,0.4637338152854175,Because she wanted to know about her friends.,0.44641435356265324
2774,better,excited,0.29129940094922147,angry,0.2874788272882879
2775,We don't have to be like others.,Classical music is better than pop music.,0.3425200354879062,Friends can say bad things sometimes.,0.30566501087435405
2776,He wrote something on the new wallpaper with his crayons.,He broke all his crayons and threw them away.,0.3520063821502566,He had a big fight with his elder brother.,0.3169096407967844
2777,In his room.,In the living room.,0.6036786107643582,In his study.,0.38414430515437364
2778,Moved,Calm,0.3546562058861993,Surprised.,0.35178329888074367
2779,We'd better take time to learn from others' mistakes.,It's important to believe in your family members.,0.35040548466414756,It's never too late to show love to our families.,0.31998341916847556
2780,The Round Bird has little wings,The Round Bird can not climb up the tree.,0.5986508724021519,The Round Bird can fly with other birds.,0.5811001077311545
2781,Hard-working and good at thinking.,Lazy but funny.,0.3784875536796256,Smart but lazy.,0.32733662804821784
2782,Swing.,Show.,0.40927867374947763,Nod,0.4
2783,We should find the most suitable   things for us to do.,We should think twice before we do something.,0.33541796132119867,We can make our dream come true if we try hard.,0.33018266143788544
2784,an interesting and new world,a new world,0.7168334722518921,an exciting world,0.5671761631965637
2785,is like to travel on the moon,is like to play in water,0.43119752407073975,is like to climb a big rock,0.41993480920791626
2786,you can take tanks of air with you,you can skin diving,0.3724318935300531,you can bring something to eat,0.349333792924881
2787,The only use of skin-diving is to have more fun.,Skin-diving is not only interesting but useful.,0.33436641097068787,Skin-diving is like visiting the moon,0.31164196133613586
2788,all of the above,you can catch fish with your hands,0.2115790843963623,you can clean the ship in the water,0.17427144944667816
2789,help you,quarrel with you,0.2782106399536133,play jokes on you,0.27640727162361145
2790,Congratulations,Just so-so,0.4,Is that so?,0.4
2791,peace of mind,high marks,0.3165649473667145,no homework,0.30033552646636963
2792,Happiness,Life,0.36490508913993835,Good luck,0.33834308385849
2793,5,4,0.4768480062484741,7,0.4516095817089081
2794,a huge area of warm water,some cold water in the Pacific Ocean,0.5252627415666019,a wind from the south,0.3587117441301298
2795,every two to seven years,every seven years,0.6851826803677507,every month,0.510989030714777
2796,affects the weather,predicts the weather,0.6291277708778573,gives the weather energy,0.5170351850588353
2797,rainy,cloudy,0.4,windy,0.4
2798,everybody,only students,0.4062335561141354,just farmers,0.2729533860222202
2799,stopping the greenhouse effect,driving cars,0.4550428484841153,being careful during the floods,0.4184690607024891
2800,Satellite pictures,New boats,0.4074048423424186,Looking out of the window,0.34749318337532653
2801,She spins words into her web.,She makes a house for Wilbur.,0.29589778184890747,She asks other friends to help.,0.2955322265625
2802,Tired.,Excited.,0.3991311192512512,Bored.,0.37323471903800964
2803,Because he wants to eat Wilbur's meals.,Because he wants to live with Wilbur.,0.5082822442054749,Because he wants to learn how to spin.,0.4553000802984745
2804,friendship,war,0.3576829433441162,work,0.35066327452659607
2805,5,7,0.5396419763565063,4,0.5207244753837585
2806,Ice cream,Fruits,0.311460018157959,Chips,0.29276469349861145
2807,We should have dinner at least 3 hours before going to bed.,Dinner is the most important meal of the day.,0.44708287715911865,We should keeping eating until  we are full.,0.3490027189254761
2808,how to eat,where to eat,0.780136227607727,what to eat,0.780136227607727
2809,30--40.,3--10.,0.43921401610103367,15--25.,0.41495953018151593
2810,Because the parents didn't pay enough care for their children's hobbies.,Because the children weren't interested in hobbies.,0.5358931422233582,Because the person's children didn't have any hobbies.,0.5301468968391418
2811,Radio collecting.,Coin collecting.,0.550427258014679,Stamp collecting.,0.5358898043632507
2812,Children need to have a hobby.,Children learn skills by working on hobbies.,0.47780025005340576,Hobbies help children build self- respect.,0.4669951796531677
2813,take a test on first - aid badge,collect their first - aid badges,0.5296911042729417,report a hit - and - run accident,0.29935917258262634
2814,The passenger on a motorcycle.,The passenger in the taxi.,0.5446804165840149,The motorcycle rider.,0.5316701531410217
2815,once a year,twice a year,0.5979562997817993,once a term,0.3238816559314728
2816,They stopped the bleeding for him.,They took him to the hospital.,0.37652722001075745,They made a phone call to his family.,0.35675084590911865
2817,on the desk,under the desk,0.7133722188001653,on the sofa,0.3734734699068787
2818,TV,football,0.37424779458109125,basketball,0.3612432608435993
2819,me,my friend,0.25977663158750763,my father,0.24701905844130312
2820,"No, it isn't.",I don't know.,0.3078295255428697,"Yes, it is.",0.2432152572270052
2821,next to the desk,next to the sofa,0.598333224048103,on the desk,0.5134222330575964
2822,he didn't want to pay,he didn't have enough money,0.35845714807510376,he was very busy,0.34720155596733093
2823,nothing,two dollars,0.31935688853263855,four dollars,0.30795031785964966
2824,he wanted the young man to pay him,the young man paid only one dollar,0.476327121257782,it was very dirty,0.30411189794540405
2825,was eating his lunch,was waiting in line,0.2750930190086365,was asking for money,0.2676026225090027
2826,He asked the waitress to give him a glass of juice and some change.,He bought him a glass of juice and gave him some change himself.,0.5428804159164429,He took him to have lunch and gave him some money.,0.3535376489162445
2827,the writer supported the behavior  of the young man,the young man disliked to be praised by others in public,0.563364455560134,the young man had a problem with his right eye,0.5620180368423462
2828,Help people in need and inspire others to do so.,Be ready to help others secretly.,0.5414026975631714,Giving money to the disabled people is what we should do.,0.4413277506828308
2829,Basketball.,Ping-pong.,0.4,Volleyball.,0.3582170257205445
2830,two,three,0.3848826564797936,four,0.37580142488761137
2831,Nick.,Mary.,0.3978505068018444,Lisa.,0.36632609237612984
2832,Lisa is in Huangzhou Middle School.,Eric goes to school at 7:30 with her sister.,0.4948404355034284,"David, Jake and Mary are all in China now.",0.387228320705169
2833,In a small village,In a town,0.36084604263305664,In a big city,0.3182674050331116
2834,25,21,0.465920090675354,20,0.46356722712516785
2835,By train,By bike,0.32888513803482056,By bus,0.32447147369384766
2836,His mother has no telephone,John has no telephone,0.473720908164978,His mother doesn't want to answer,0.47222447395324707
2837,In the village there is no good work for John,John never gives money to his mother.,0.4705771803855896,John works in a big city and his mother likes it,0.45727014541625977
2838,to share the cost of the meal,to pay for the meal,0.500670850276947,to invite Lynne to dinner,0.3431873321533203
2839,the writer was embarrassed when he couldn't pay his check,the writer hadn't told Lynne the truth,0.36670610308647156,the writer listened to him when he left the house.,0.35780489444732666
2840,enjoyed their meal very much,didn't finish successfully their meal,0.45263198018074036,weren't happy during the dinner,0.35613638162612915
2841,Customs can be entirely   different in different countries.,People should always take some money with them.,0.3277629017829895,A Chinese man must pay for the meal.,0.3216038644313812
2842,Students have got too much homework and school starts early in the morning..,Students like reading in bed before they sleep.,0.37265875935554504,"Students often drink coke, coffee and tea at night.",0.36998340487480164
2843,They not only feel tired and unhappy but also think slowly.,They feel excited.,0.4417126476764679,They don't want to do their homework.,0.37438586354255676
2844,8.5 to 9 hours.,9 to 10 hours.,0.6250457763671875,6 to 8 hours.,0.5417690277099609
2845,"Drinking coke, coffee and tea at night is good for our sleep.",Bad sleeping habits aren't good for us.,0.4286590814590454,We can't change everything but we can find many ways to get better sleep.,0.39962291717529297
2846,good sleeping habits can help us stay healthy,we feel tired and think slowly because we have bad sleeping habits,0.4795812964439392,homework makes students have no enough time to sleep,0.36404022574424744
2847,Africa,Asia,0.40384940442031486,America,0.38137951341439047
2848,theywillhavenowatertodrink,theyear'sfloodiscoming,0.4,thereisgoingtobeafightwithhumans,0.4
2849,humanssetupadam,theriverisbecomingdry,0.4,alltheanimalsareindanger,0.4
2850,damagenature,killanyanimals,0.4,pollutetheenvironment,0.4
2851,humansshouldcareabouttheenvironment,it'sourdutytoprotectanimals,0.4,humansandanimalscan not liveinpeace,0.4
2852,28,14,0.4003930643857394,32,0.33498902340081305
2853,people can use time better by making a daily schedule,students should finish all of their homework at one time,0.39463402340885967,nobody has enough time to do everything he should do,0.39296357745087207
2854,adjust your other activities,not mind it,0.3347375048832155,work according to your schedule,0.3272048417795438
2855,make a daily schedule,make a form,0.5527401840144239,live happily,0.36582125703618923
2856,"the importance of ""guessing"" in learning a foreign language.",Some examples of right guessing.,0.40831559896469116,how important it is to guess all the time.,0.3125014901161194
2857,"...so I went to bed very late.""","...so I got up very early.""",0.4159390926361084,"...so I felt unhappy.""",0.3394593596458435
2858,"""I think you'd better have a good rest and take good care of yourself.""","""I think you'd better to be more careful.""",0.4970129132270813,"""I think you'd better have something to drink.""",0.48779433965682983
2859,more important in spoken English than in written English.,more important in written English than in spoken English,0.7046235203742981,more important than any other way,0.40076589584350586
2860,energetic,patient,0.4,modest,0.4
2861,wear fine clothes,buy their friends nice gifts,0.3857850730419159,take care of others,0.3697611689567566
2862,expressing their feelings,doing with difficulties,0.3724488615989685,singing and dancing,0.3656148910522461
2863,between August 23 and September 22,between July 23 and August 22,0.6395936012268066,between June 23 and July 22,0.5552178025245667
2864,birth dates and characteristics,birth dates,0.6373785138130188,abilities,0.4
2865,improve the quality of everyday life.,make more friends in Australia.,0.35160382000825374,offer the UK's most popular programs,0.33594034036249343
2866,"money, nature and fashion","creativity, money and nature",0.6900071008317414,"work, nature and death",0.5203449835509167
2867,the Internet,telephone,0.3864773837236512,newspaper,0.3267884569066162
2868,Summer Term in the School of Life.,The School of Life in London.,0.5625215973103189,The School of Life in Australia.,0.5527402936503437
2869,2008,2011,0.3421253561973572,2009,0.34013956785202026
2870,To become a kung fu master,To become the Dragon Warrior,0.46476492285728455,To become the Furious Five,0.4574800729751587
2871,The Furious Five become the Dragon Warrior.,The Furious Five are Master Shifu's students.,0.5693424940109253,Shifu and the Furious Five don't like Po the panda.,0.5323016047477722
2872,Because all her friends are going to graduate soon.,Because she has many popular television shows.,0.3353383994113045,Because she wants to remember her teachers and parents.,0.2901952321137743
2873,Because they are cheap and easy.,Because they are fun and expensive.,0.35133983775575567,Because they are her favorites.,0.3107259352156173
2874,bring some photos of her class trip,buy more foods,0.33142252903538916,turn on the TV,0.3227509786466993
2875,before she graduates,after she graduates,0.7774667097346727,when she is fifteen,0.4193377357236908
2876,Remember the Good Times,An Invitation,0.3282632306166092,My Party Plan,0.32496638149664203
2877,J.K. Rowling loved listening to stories when she was very young,Harry Potter is J.K. Rowling's first story,0.40241938829421997,J.K. Rowling is two years younger than her sister,0.39570504426956177
2878,written for young people,about a young inspector,0.566729333745551,only enjoyed by children,0.30376648902893066
2879,is still writing stories for children,is too busy to enjoy her life,0.3768887519836426,is excited about her success every day,0.3146374523639679
2880,The stories happened in the modern world.,There are magical things.,0.32725101709365845,It took much time to finish.,0.32389381527900696
2881,clear,beautiful,0.32355189323425293,interesting,0.3144456148147583
2882,a picture sign often has more information than a word sign,a word sign has more information than a picture sign,0.6261284947395325,a word sign and a picture sign have the same information,0.6261284947395325
2883,They may have different meanings in different countries.,They are too simple.,0.32974224080455894,They are not easy to understand.,0.29419894945842495
2884,Signs Are Important,The History of Signs,0.5458568334579468,Picture Signs,0.5389838814735413
2885,help those people who have lost the ability to walk,help the doctor do more experiments,0.4567974805831909,show the development of medical science,0.32034945487976074
2886,has a functioning heart that beats and circulates artificial blood,was made with artificial parts by a former astronaut named Walker,0.35315603017807007,"has 60 to 70 percent of the function with a man-made liver, skin and brain",0.33944812417030334
2887,A Chinese- style hospital.,A Spanish hospital.,0.5224301219491181,A TCM hospital.,0.5100449368232742
2888,A member of foundation for TCM.,A teacher in a university of TCM.,0.4307577881157038,A TCM researcher.,0.3970575847852235
2889,The new TCM hospital will lie in Barcelona.,The TCM hospital in Spain will be the largest in the world.,0.49974400485198134,The TCM hospital in Spain will cost 80 million dollars.,0.477994690284067
2890,with his son,to a small city,0.2913734588876642,to get a ticket,0.2878671732893724
2891,18,12,0.3753697675207339,16,0.3752764825719258
2892,not honest,honest,0.8305564505166625,very clever,0.42993602963576416
2893,the little boy,the father,0.32844025790682274,the father and the son,0.30870656871145163
2894,four,two,0.44435680899593927,two and a half,0.3931860289789906
2895,He saw his huge shadow.,He grew very quickly.,0.36196988821029663,He beat the other animals in the forest.,0.33225005865097046
2896,show his strong body,send him some food,0.3398094177246094,ask for some food,0.3378085196018219
2897,The lion ate the wolf.,The wolf ate the lion.,0.7881931066513062,The wolf became the king of the forest.,0.5329517126083374
2898,wolf and his shadow,A wolf and a lion,0.5946929454803467,A strong wolf,0.56662917137146
2899,"Yes, she does.",Yes. she has.,0.8638365268707275,No. she doesn't,0.4
2900,"Yes, he does.","No, he doesn't.",0.4,"No, I don't.",0.4
2901,20,10,0.46242350339889526,8,0.42042529582977295
2902,11,10,0.4578395485877991,4,0.4127243757247925
2903,Under his bed.,Under Kitty's bed.,0.5622852444648743,In his schoolbag.,0.34094318747520447
2904,He was born in Anhui.,He was born in a hotel.,0.5399031250947107,He was born in Greece.,0.5366921912045082
2905,To protect them from the dangerous situation.,To make more money.,0.37034333763176114,To show our motherland's great power.,0.3401262131171027
2906,Our government often send .the army in evacuations.,A navy ship was sent to help the evacuation.,0.3976202713116835,The Chinese evacuees in Greece live in a five-star hotel.,0.35890020178315707
2907,20745 .,35860.,0.4,56605.,0.4
2908,About Chinese living in Libya return to the motherland..,It's mainly about Ling and his life in Libya.,0.39945780717234136,It's mainly about the recent situation in Libya.,0.39854998927826973
2909,Surprised.,Angry.,0.32567140194627264,Happy.,0.29621256638799476
2910,Because everyone in his family fights over the legs while having chicken for dinner.,Because everyone in his family hasn't had chicken legs for a long time.,0.5865433350157295,Because he wanted to be rich so that he can buy many chicken legs.,0.4393551467028483
2911,The chickens ran too fast for the farmer to catch.,The farmer knew the three-legged chickens tasted good.,0.554120142773868,The farmer had become richer because of the three-legged chickens.,0.5438654302070545
2912,the poor,the rich,0.42743728917216794,the old,0.3769239024039201
2913,personal qualities,talent,0.36285486595922345,interests,0.35478616676197733
2914,encourage the improvement of the college entrance examination,introduce the history of the college entrance examination,0.5623187669853529,discuss whether we should cancel the college entrance examination,0.5435507916832969
2915,"Cleaner, nurse, farmer and shopkeeper","Farmer, doctor, driver and cleaner",0.5509845018386841,"Driver, doctor, cleaner and shopkeeper",0.5499492287635803
2916,on rainy days,on workdays,0.4,at weekends,0.32179710268974304
2917,"Yes, she does.","No, she doesn't.",0.4,She doesn't know.,0.3633081614971161
2918,In winter,In summer,0.4211646318435669,In spring,0.39259445667266846
2919,The fourth,The first,0.4166479706764221,The second,0.4163897633552551
2920,For about 50 years.,For about 20 years.,0.6924656629562378,For about 10 years.,0.6694839000701904
2921,The other computers wouldn't work.,The other computers would still work.,0.6346043348312378,The other computers would wait.,0.5668606758117676
2922,The government.,Banks,0.39265546202659607,Hospitals,0.36420130729675293
2923,They became cheaper and easier to use.,They became larger and larger,0.493783175945282,People could get information only from them.,0.29471907019615173
2924,People will more and more depend on  the Internet.,People will die without the Internet.,0.5518198013305664,People live easily without the Internet.,0.5148445963859558
2925,in the holes,in the wood,0.3743727978505606,in the grass,0.3355463692792994
2926,two,three,0.43409115076065063,four,0.371549129486084
2927,live just in the trees,live in the holes in the trees,0.6570723056793213,live under the ground,0.5705589056015015
2928,on their backs,in the grass,0.4536282420158386,under the sand,0.42401090264320374
2929,Bees usually live in the trees.,"Cats,dogs and other pet animals live in people's homes.",0.4227422773838043,Most animals have their own homes.,0.3988894820213318
2930,a loyal friend,an adventurous friend,0.5765603184700012,a friendly neighbor,0.31086182594299316
2931,new,hot,0.31736260652542114,old,0.30296313762664795
2932,"smart, inspiring and admirable","tall, inspiring and admirable",0.5881856997780461,"smart, tall and rich",0.5101517798909185
2933,a shame,important,0.3479748070240021,a pity,0.3442360758781433
2934,He sings all day.,He comes.,0.4157152473926544,He prepares to fly.,0.37447101613504685
2935,In August.,In July.,0.42094287276268005,In June.,0.41032734513282776
2936,A bird.,A dog.,0.38450732827186584,A panda.,0.333096444606781
2937,Making your dream come true depends on  yourself,A good friend can help you in doing everything,0.3506951928138733,Talk with your friends before you do everything,0.3417831063270569
2938,he worked hard to get money,he borrowed money from the bank,0.4615764021873474,he got his help from his wife,0.3198845684528351
2939,Harry's success comes from his dream amd working hard,Harry's father and wife were both interested in making money,0.41953031312349504,"Harry was a rich, energetic and clever man",0.4059293469262162
2940,The writer didn't take part in the big marathon.,The writer didn't have holiclays with his family.,0.4026380969713611,The writer didn't climb the Mayan pyramid.,0.39762536788164776
2941,Humorous and hopeful.,Clever and friendly.,0.40336578014561997,Kind and strong - willed.,0.37995722515032126
2942,trying but failing to reach the goal is still meaningful,setting a goal is the key to success,0.41406049440715587,one can learn by making and correcting mistakes,0.35234272968064045
2943,running for a ball,visiting his father,0.3042730391025543,talking with his dog,0.297334760427475
2944,Toby can't wake up or talk,Toby needs to play sports,0.4105742573738098,Toby must leave the hospital,0.40697991847991943
2945,His dog,A doctor,0.33505845069885254,His father,0.31415656208992004
2946,Toby is in hospital for about eight weeks,Toby's dog is bad,0.4981420040130615,Toby can never talk at last,0.45625051856040955
2947,Toby and Rusty,Toby's family,0.5621671676635742,a story of Rusty,0.5466558337211609
2948,will make our air much cleaner,will be more dangerous,0.3496291935443878,will be heavy,0.34010493755340576
2949,in the sea,in the sky,0.37293770909309387,in the mountains,0.3491175174713135
2950,food,toy,0.36561134457588196,clothes,0.3385885953903198
2951,What will our life be like in ten years?,Cars in the future.,0.353476345539093,Where will people live in the future?,0.3480958938598633
2952,rich,poor,0.41423780615747496,Cute,0.30464910023563563
2953,The servant.,The woman.,0.33472884557897575,The man.,0.3249169628626971
2954,reading,sleeping,0.36210860765924013,swimming,0.32709854313236264
2955,Because she wants the man to love her.,Because she wants the man to read her.,0.5677064698847538,Because the man has lots of money.,0.4188202178584275
2956,Scientists.,Workers,0.296121053788024,Plants.,0.2684550642530052
2957,both A and C,they are unnatural,0.2733270217412022,they can help in human diseases,0.26529893621701783
2958,It can greatly help the poor countries.,It grows too slowly.,0.32724053254888574,It is bad for people's body.,0.29200349959639255
2959,The GM foods may harm the human body.,The GM foods are bad for the adults.,0.447098437362095,The GM foods are not cheap.,0.44403953736146196
2960,the GM plants can produce more food,scientists find the GM plants by accident,0.4806974382102847,scientists want to make more money,0.34680497141450983
2961,California may have as many cars as China,there are more traffic jams and accidents in America than in China,0.41284364461898804,traffic policemen are often seen in the street in America,0.3548561930656433
2962,you must stop,you can have a u-turn,0.4,you can turn left,0.33014115691185
2963,yellow,blue,0.4567454755306244,white,0.42706531286239624
2964,"While giving a signal of turning left and being safe, you can turn left in the middle lane of turning left",You can park your car at any one of the three parking lines.,0.410785973072052,Any car can park at any time or any period time in the streets in some residential areas.,0.3699606657028198
2965,American traffic rules,the traffic lights,0.5348168611526489,the stop line,0.4307558536529541
2966,His car was missing.,His car was in the garage.,0.5451399087905884,The door of the car was open.,0.46793511509895325
2967,He called the police.,He looked everywhere for it.,0.4107794165611267,He closed the door of his car.,0.39888718724250793
2968,His car was back.,His car was stolen.,0.5463457039825776,His car was damaged.,0.5225365161895752
2969,Some tickets.,Some money.,0.3584274649620056,Some food.,0.3489375114440918
2970,They went to the theater with them.,They sold them.,0.3786892890930176,They gave them to their friends.,0.355446457862854
2971,He was on his way to his workplace.,He was up to visit his friend.,0.38754144310951233,He was cleaning the windows.,0.1471909135580063
2972,6.,5.,0.3926439881324768,15.,0.38740435242652893
2973,95 minutes.,50 minutes.,0.6028213242752818,100 minutes.,0.5799453386862773
2974,They went on knocking through the wall.,They were disappointed and gave up.,0.35656535625457764,They don't know what to do.,0.34560057520866394
2975,Staying calm.,Crying for help.,0.37475156784057617,Doing nothing.,0.3618164658546448
2976,Travellers.,Students.,0.3847638666629791,Swimmers.,0.3816252648830414
2977,take sunglasses and sun cream,take an umbrella because it's always rainy,0.4848483141211941,look at the sun because it's beautiful,0.4507322907447815
2978,Streams that you can swim in.,Boats that you can take to swim.,0.5468881736189567,Clothes that you can wear to swim.,0.5098243727533376
2979,You can go to all the banks and all the hotels to change money.,You can change money before 5:00 p.m. on Friday.,0.5851742625236511,Not all the beaches have lifesaving service.,0.38596510887145996
2980,A guide book.,A dictionary.,0.3806394934654236,Instructions.,0.33713480830192566
2981,lots of computer networks,a big computer,0.5506967229105744,a small group of computers,0.3631582684932797
2982,an electronic book,an electronic page,0.511428006306019,an interesting picture,0.3463460361960867
2983,you can type your words in the computer and send them to your friends across the Internet,you can talk to your friends through the same computer,0.43876742383704304,you can talk to your friends face to face,0.3519309409160379
2984,it's faster and cheaper,they don't have to pay any money,0.39383666117341437,it's interesting,0.30885158491806763
2985,electronic,entrance,0.3807423427934532,enjoyable,0.3406222584487218
2986,he felt shy of walking with his father,he felt proud of his father,0.5000585099294101,he thought it pleasant to help his father,0.39878580873042246
2987,had a job in an office,went to work on the farm every day,0.3787209626858923,needed to take exercise every day,0.36202764953001376
2988,"With the help of a sleigh, the writer or his sister",Only the writer's sister,0.5772266044860461,Only the writer himself,0.5146060233042714
2989,the writer misses his father deeply,the writer's father works harder than before,0.5729044512990568,the writer is always ready to help his father,0.5139256554852416
2990,a uniform for her brother,a uniform for herself,0.5790619254112244,a pair of second-hand shoes,0.3794969916343689
2991,the old man,herself,0.4,her brother,0.3554795980453491
2992,poor,rich,0.4663503170013428,dishonest,0.4
2993,A kind shoe seller,A pair of old shoes,0.4409223198890686,A clever little girl,0.40468698740005493
2994,We should learn to be thankful and share what we have with others,"If we have only a little, we shouldn't help others",0.47847265005111694,"When we have problems, we must ask others for help",0.43809622526168823
2995,Make phone calls.,Deliver information.,0.2894563674926758,Exchange ideas.,0.27812618017196655
2996,IDs might be revealed,relationship could break down,0.343523770570755,it`s difficult to focus on study,0.29843077063560486
2997,3.,2.,0.4654186964035034,4.,0.45642536878585815
2998,Wechat in our daily lives.,Wechat has problems.,0.4408504366874695,Wechat will get better in the future.,0.42033910751342773
2999,Teenagers from 14 to 19.,All the teenagers.,0.5162845849990845,All the students in the neighborhood.,0.37626025080680847
