question_id,correct_answer,hint,hint_score
0,teacher,,0.0
1,get an advantage over others in job-hunting,"""They break your legs, put in special extending screws, and slowly expand the gap between the two en",0.23007426722932578
2,media are to blame for misleading young people in their seeking for surgery,"No one is born perfect, yet magazines, TV shows and movies present images of thin, tall, beautiful p",0.34364253282546997
3,Young Graduates Look to Surgery for Better Jobs,"Given that I teach students who are training to be doctors, I was surprised do find that most though",0.3958698809146881
4,A Coal Mine Accident in Central China,"YUZHOU, HENAN -An accident in a central China coal mine killed 21 miners Saturday and left another 1",0.4791658818721771
5,Until the next morning another 5 miners were found dead in this accident,A total of 239 workers escaped but 21 were found dead and 16 trapped.,0.5893259048461914
6,Before the accident happened there was no sign of something wrong,"""At around 6 a.m., I felt there was something wrong with the airflow in the shaft, and one of the te",0.4156309626836238
7,All the people should have a good knowledge of how to make career choices and manage their career.,Using good resources and the guidance of a career counselor can help you to make those decisions wel,0.5071937910212734
8,4.,,0.0
9,career decision is misunderstood by many people because they don't take it as a life-long process,Many people mistakenly believe that choosing a career is a one-time event that happens some time in,0.4142843186855316
10,You are to make significant decisions without good resources and the guidance of a career adviser.,Using good resources and the guidance of a career counselor can help you to make those decisions wel,0.5290360485542188
11,They are caring and thoughtful.,,0.0
12,spend their free time in space,Weekends give the crew valuable time to rest and do a few hours of housework.,0.3951788544654846
13,5 dogs and 169 people,"""The dogs learned to sit or lie down in front of cancer patient samples and to ignore control sample",0.3232317268848419
14,the final goal of the researchers is to design an electronic dog to detect cancer,"Researchers have found that cancer cells send out molecules different from those of healthy ones,and",0.4333683252334595
15,Dogs Smell Signs of Cancer,"Researchers have found that cancer cells send out molecules different from those of healthy ones,and",0.4565783739089966
16,Club Saturday Swim,"Fees: $65/$85
Club Saturday Swim
This program is available to anyone aged 5-14 who is challenged by",0.31609559059143066
17,2 Fridays per month,This program is held 2 Fridays per month.,0.43656301498413086
18,improve sibling relationships,It includes group activities and talk treatment ways with the focus on improving sibling relationshi,0.3588014779713969
19,They are all intended for children.,Children aged 9-13 will have the opportunity to meet other children whose parents have separated or,0.5078977346420288
20,was interested in the tooth fairy,Then I'd wonder about the tooth fairy all day.,0.44832438230514526
21,she believed the tooth fairy would come again,Then I'd wonder about the tooth fairy all day.,0.22051702439785004
22,was only half awake,,0.0
23,He saw it in the woman's bag.,The woman opened her bag.,0.2655370831489563
24,he wanted to get something even more precious,"""I know how valuable the stone is, but I give it back and hope that you can give me something even m",0.3902067244052887
25,The joy of giving,"She looked at the young man and smiled, ""I have nothing special in my bag, but I do have something p",0.3982599973678589
26,encouraging positive thinking may actually discourage people,Is there power in positive thinking?,0.42762866616249084
27,Wendy knew she was going to die,"""Wendy died last week, Mr. Peterson.",0.19326213002204895
28,treat the girl nicely a month ago,"I missed your little girl today and wondered where she was.""",0.22987961769104004
29,A person should enjoy each living day.,"""Oh,"" she said quietly, ""then this is a bad day.""",0.24477458000183105
30,How to teach a child about money.,"To set an appropriate allowance for your child, work up a weekly budget.",0.36977696418762207
31,feel responsible and careful about money,"Finally, add some extra money to make saving possible.",0.31775379180908203
32,paying children for their housework is no good,"It can be tough, but avoid excusing your children when they make a mistake with their allowance.",0.4050213396549225
33,a good characteristic,"A shy person may respond to a praise with a statement like this one:"" You're just saying that to mak",0.3256135841288864
34,They feel it is not true,It makes them feel inferior .They also find it difficult to be pleased by praises because they belie,0.14695204277727605
35,block our chances for a successful life,the easier it becomes to live up to our chances for a rich and fulfilling life.,0.23938733339309692
36,To advance Canada's honor and opportunities.,"--- they bring great honor and opportunity to the countries that award them,"" Pecaut said.",0.24580274858731457
37,be divided into four detailed parts,"""The idea here is that every year,the Canada prizes will be awarded to the very best promising emerg",0.14552463498300924
38,will have their performances broadcast on the TV,"A jury   of international experts would judge the 12 finalists,who would come to Canada and perform",0.1558886468410492
39,A Canada Prize for Arts,"The prize is the idea of Tony Gagliano and David Pecaut, founders of the Luminato festival,who were",0.3372591733932495
40,began to make clothes on her own,"Also, if you dream of having your own clothing line, the best thing to do is start wearing your clot",0.35410336880313026
41,Deciding what is unique about their clothes.,"In high school I started making my own clothes, mostly changing other things because I never liked a",0.2425791323184967
42,help people feel sure of themselves,"What I mean is that it's something close to you and something you can touch and feel, and actually i",0.36175912618637085
43,It can make information easily accessible to people.,The unusual experiment was launched because current data centers are unpleasantly inefficient.They'r,0.11094822734594345
44,are more environmentally friendly,,0.0
45,get the big reward.,"So the king asked to search for it and put a reward for$50,000 for anyone who found it.",0.16189563274383545
46,was not feeling good,"He came out and started walking away, feeling sad.",0.21423391997814178
47,On the tree,"The old man then told him that perhaps he should try looking upward, toward the branches of the tree",0.1769818663597107
48,Changing the way of thinking,"The clerk didn't want to share the secret with him, thinking he might take the necklace for himself,",0.19005414843559265
49,the passage didn't tell us clearly,,0.0
50,Camara was once in prison for six years.,"Camara, who was in stable condition at St. Barnabas Hospital, was later charged with the murder of R",0.4479735493659973
51,Camara and Morelli knew each other,"Policemen began dialing numbers from Morelli's cell phone and when Camara picked up, a detective rec",0.5445917174821499
52,She had stayed in the city for 5 years.,"Morelli left her hometown of Spoltore, Italy, five years ago to fully experience the arts and music",0.3370358347892761
53,He called to report a dead body.,Her body was later found in her E. 120th St. home.,0.28886353969573975
54,our own solar system,"Therefore, it is reasonable to guess that other stars, with their own planets, were born in the same",0.13529157638549805
55,Double stars can provide steady light and heat.,Only single stars that are steady sources of heat and light like our sun would qualify.,0.5063245911138818
56,Most of the planets of the stars.,"This eliminates double stars, or stars that flare up suddenly.",0.3765355050563812
57,life could exist on a great number of planets.,"Finally, life could evolve  only if the planet is just the right distance from its sun.",0.40844374895095825
58,4,"In studies done on cows, 4 out of 12 birth mothers died.",0.26833876967430115
59,Cloning may prevent people from possessing their identities.,"True, Cloning may prevent people from possessing their identities.",0.3539404571056366
60,cloning means running the risk of wasting too much effort,"cloning means running the risk of wasting too much effort
Cloning someone, at this present time, wou",0.4921630272462093
61,Human Cloning Is Wrong,I think human cloning is wrong mainly for four reasons.,0.3494367301464081
62,she felt it would change his behavior.,"He felt like saying, ""I wasn't born like this you know.",0.27919554710388184
63,he became an excellent professional soldier.,"The physical pain slowly disappeared; however, the emotional pain became worse.",0.29088547825813293
64,Brave and generous,,0.0
65,we have more and more industry,"Time is bringing us more people, and more people will bring us more industry, more cars, larger citi",0.2072503790852098
66,Industry.,"Time is bringing us more people, and more people will bring us more industry, more cars, larger citi",0.23815902971041378
67,the writer is worried about the future of our society,"There is a constant flow of people from the countryside into the cities, eager for the benefits of o",0.35203009843826294
68,they are anxious to enjoy the achievements of our society,The sad fact is that this becomes a true story when spoken of our modern society.,0.3727925419807434
69,the general existence of the sense of curiosity,This sense of wonder is universal.,0.30652105808258057
70,To warn us not to get lost in the fantasy world.,"This sense of wonder draws us to each other, to the world around us, and to the world of make-believ",0.4513653814792633
71,"Chocolate, a Healthy Food","Chocolate is good for your heart, skin and brain.",0.38685789704322815
72,how zoos have improved,"Circuses using wild animals are now almost extinct, and zoos have definitely evolved.",0.4132601320743561
73,Checking zoo conditions and arranging animal exchanges.,"As a child, visiting the zoo was more a punishment than a treat.",0.30119743943214417
74,Zoos now provide caring living conditions for animals.,"Consequently, today, most zoo animals are born and raised in zoos, live in large, comfortable enclos",0.3220465530947364
75,anxious,"That means that if you feel anxious and worried during an important examination, your heart may beat",0.17996323108673096
76,more men than women,"In many countries, heart disease kills a lot of women and even more men.",0.2714657485485077
77,responsibility,"When she graduated, she found a job where she
was part of a team as before, but where she had respon",0.18397733666079288
78,It involves decision-making.,,0.0
79,PS64.5,,0.0
80,Shirley Stewart,"Cost: PS75 for 10 lessons
Contact: Shirley Stewart 
Email: shirli  stewart@yahoo.com
Caterpillar mus",0.38852645735770175
81,The theme of the class changes every week.,The classes last 40 minutes and each week we have a different theme.,0.3717757761478424
82,his graduation from Harvard University,"He graduated from Harvard University, which sends few players to the NBA, and he is the only Chinese",0.2505231499671936
83,enter the field of literature,,0.0
84,stock market,Some of the most successful investors in the stock market are the ones that go against the grain (to,0.3352402448654175
85,to give us some useful suggestions,"In the same way, we can learn to trust our heart's desires and our sense to guide us, questioning an",0.31646281480789185
86,Before a Christmas.,Going Zero Waste means more than just managing the rubbish we create.It means reducing it too.While,0.26694929599761963
87,To copy the way Nature wastes nothing.,We need to copy the way Nature wastes nothing.Many things are created by human society that we know,0.3183903992176056
88,not making a plan before we shop,People who live Zero Waste lives are careful about what they do.They never take more than they need.,0.10201173275709152
89,To call on people to attend Zero Waste.,People who live Zero Waste lives are careful about what they do.They never take more than they need.,0.45242398977279663
90,Because more electronic devices are available to them.,"The jump is the result of a huge explosion in mobile devices, says Victoria Rideout, the lead author",0.24254046380519867
91,Cheryl Olson is not surprised about kids' increasing use of mobile devices,"Often, kids multitask, or use more than one device at a time. """,0.5434738397598267
92,Watching TV while using the computer.,"He also has a computer, a TV and three video-game consoles ( ) in his room.",0.36347371339797974
93,kids should do homework in a place without disturbance,"Some kids listen to music, watch TV or use the phone while doing their homework.",0.33471250534057617
94,L-theanine,,0.0
95,the body to produce more interferon,The coffee drinkers did not produce interferon.,0.2507554292678833
96,further study is needed to prove the findings true,"In the second part of the study, eleven people drank five to six cups of black tea every day.",0.32320642471313477
97,Tea May Help Fight Infection,Antigens help the body react to infection.,0.508986234664917
98,The Influence of Geographical Environment on Man,But these commonplace generalizations are inadequate: the influence of climate and geography should,0.27440765500068665
99,substances which act positively or negatively on man's health,"Where all the inhabitants of a particular area enjoy exceptionally good or bad health, scientists ha",0.26002559065818787
100,go much deeper,,0.0
101,gain an insight into its influence on mankind,A subject which seems to have been insufficiently studied by doctors and psychologists is the influe,0.21729349585559316
102,sugar-sweetened soft drinks,"""Children who eat less salt and drink fewer sugar-sweetened soft drinks may significantly lower thei",0.3151425317382183
103,a lower-salt diet may mean less sugar-sweetened soft drink consumption,"""Children who eat less salt and drink fewer sugar-sweetened soft drinks may significantly lower thei",0.433655290205124
104,A low-salt diet may prevent both high blood pressure and obesity.,"""Both high blood pressure and obesity increase the risk of having strokes and heart attacks,"" Dr He",0.43219467997550964
105,Parents.,Dr He recommends that parents check labels and choose low-salt food products.,0.2564955949783325
106,3.,,0.0
107,To face something far less pleasant.,"It is something far less pleasant, like being called in by your boss to explain why you did this and",0.3462931513786316
108,held.a positive attitude towards an active life,"To me,that has been a challenge from my earliest recollections (memories).In fact,the battle of life",0.2806679606437683
109,"If you cease to struggle,you cease to live.",,0.0
110,an autobiography,,0.0
111,In a park in the mountains.,Garland Valley is close to the town of Garland but is part of the National Park.,0.41402485966682434
112,A sleeping bag.,,0.0
113,Discovery Trips in the Blue Mountains,The mountains are a dangerous place.,0.5258545875549316
114,travel by Jalan Hisamuddin,"At the fifth mile Jalan Tengku, the water is not two metres deep.",0.24619293212890625
115,higher ground,People moving to higher ground were just in time to escape from the flood.,0.29017308354377747
116,in Tulang,,0.0
117,get worse,,0.0
118,Marco spent about six years on the way to China and back to Venice.,"The Polos finally returned to Venice in 1295, twenty-four years after setting off.They had traveled",0.467558890581131
119,a history book,"The Polos finally returned to Venice in 1295, twenty-four years after setting off.They had traveled",0.2203274667263031
120,Make written communication.,And there are many easy and convenient ways to make reading a part of each day -- even when it's tou,0.2114170804855757
121,Finding reading moments,Finding time to read is an important part of developing reading and writing skills for all kids.,0.3692215085029602
122,he was one of the author's fans,"He just talked about his hopes for the future, and how one day he wanted to lift weights with me.",0.18935230374336243
123,Matthew was an optimistic and determined boy,I spent over an hour talking to Matthew.,0.386144757270813
124,he would not be pitied by others,"I was told it would mean a great deal to him, so I agreed.",0.27183241128065105
125,A real champion.,"He said, ""You are a champion.",0.26479968428611755
126,Karni's findings are based on comparisons between two groups of participants,"""After a night's sleep the two groups were at the same level, but the group that slept in the aftern",0.4776275154338148
127,a science site,,0.0
128,digital tools bring about benefits and problems,"""Teachers really favor these tools because they are ways to make some of the learning exciting and e",0.39828526973724365
129,they can get answers on the Internet quickly,The Pew Internet Project did the survey with the National Writing Project.Judy Buchanan is the vice,0.24477507174015045
130,sleep in bed,,0.0
131,7,"They said that the area of northwestern Beijing, the joint of Shanxi and Hebei Provinces and the Inn",0.18252527713775635
132,the people had been warned earlier,Tens of thousands of people died or were injured.,0.287916362285614
133,Nothing can be done on earthquakes,"They said that the area of northwestern Beijing, the joint of Shanxi and Hebei Provinces and the Inn",0.3030533492565155
134,To write down a flash of inspiration.,,0.0
135,It needs to be replaced by a better one.,"My mother smiles and says, ""One day I was cooking and watching baby Pauline, and I had a brilliant t",0.26443547010421753
136,not making good use of time as her mother did,"""You still use a pencil.",0.2879882752895355
137,keen on her research,,0.0
138,on their horses,,0.0
139,Alexander was very ready to listen to anybody including his officers and soldiers.,"Alexander grew to be a handsome, brilliant  man.",0.3700922429561615
140,Alexander the Great,Alexander the Great was a mighty  king and conqueror .,0.46274471282958984
141,Captain's Chair.,Among the winners: the bicycle movements -- so called because it looks as if you are riding a bike w,0.18151815235614777
142,how big their muscles will be is determined by birth,"They determined that the muscles were no more active, and in some cases less so, when exercisers wer",0.21794315926847904
143,presenting findings of researches,,0.0
144,To promote proven exercise techniques and to advise against false advertisements.,"In its new study, the exercise experts researched on the results of the popular Ab-Doer.",0.40519049763679504
145,The Maldives is considering ways to fight against the global warming.,"The Maldives faces the threat of extinction from rising sea levels, but the government said on Thurs",0.45508949035799884
146,The Hulhumale is an artificial island to be built near the capital.,The Maldives began work on an artificial island known as the Hulhumale near the crowded capital isla,0.4025776177151487
147,To build more artificial islands for people to settle there.,"The Maldives faces the threat of extinction from rising sea levels, but the government said on Thurs",0.3522263003499093
148,a decrease in death rates,"In fact, it is a decrease in death rates, not an increase in birthrates, that has led to the populat",0.19720563418849513
149,the survival of infants was less important than that of their parents in times of starvation,"In times of
 , infants might be allowed to die because they could not survive if their parents starv",0.30104047819598667
150,Many of them live on social security money which is hardly enough.,We have a great many people today who live past the age at which they want to work or are able to wo,0.260025292634964
151,a nurse,"Luna and Mayer are now soul mates, spending most afternoons together once the teen--who dreams of be",0.3069151043891907
152,a German girl training a cow successfully,"Hours of training ,and tons of treats later, the results are impressive: not only do the two regular",0.3748687207698822
153,relied on others' sympathy   before,,0.0
154,got everything he wanted without delight,"Maybe I haven't gotten everything I've wanted, but I've done a load of interesting things.""",0.22969907522201538
155,agreeable,,0.0
156,He was greatly influenced by Pipo.,"Pipo was very poor; he had no home and no family, so he made a living however he could.",0.27301648259162903
157,on 12 December in New York,Swift will receive the prize at the Billboard Women in Music award ceremony on 12 December in New Yo,0.14768918648343038
158,Taylor Swift is worthwhile to be given the award a second time,Taylor Swift is a seven-time Grammy winner and the best-selling digital music artist of all time.,0.4176965355873108
159,the brains behind Bai Du,"If a family has many children but one of them is super smart, you could say, ""She's the brains in th",0.39087805439881257
160,Because he got his brain trust.,We all know what a brain is.,0.3659437596797943
161,Brainwash,To brainwash means to make someone accept new beliefs by using repeated pressure in a forceful or tr,0.28201528725001124
162,Saxon Youth Club,"Saxon Youth Club
School holiday fun: young people aged 13-19 will be able to produce their own music",0.32417595386505127
163,PS20,Family PS20.,0.33652228116989136
164,Playing farmland games.,"Farmland Museum and Denny Abbey
Farmland Games: from Wellie Wanging to Pretend Ploughing matches, co",0.2843768894672394
165,A charity dinner held in Beijing by Mr. Buffett and Mr. Gates.,"As with four earlier dinners held in the United States, Mr. Buffett and Mr. Gates said, no one at th",0.4800596238421008
166,China has the largest number of dollar billionaires in Asia,China is widely reported to be second only to the United States in the number of dollar billionaires,0.49219030141830444
167,become more confident in themselves,"Entertainmet has become rather passive with cinema, television, and computer games becoming more pop",0.29642598890041805
168,Last month.,"""English may be the global language of business but it is not enough by itself for companies to gain",0.07630985975265503
169,Japanese.,,0.0
170,English is increasingly eclipsing French.,"The study says French is used to trade with partners in Africa, Spanish in Latin America, and Russia",0.3089486360549927
171,Do Study Many Languages besides English,"""English may be the global language of business but it is not enough by itself for companies to gain",0.4692600667476654
172,A great many rabbits eat too much trees.,"Australia's worst pests are the rabbits, introduced by a settler who released 24 into the wild for s",0.3794170320034027
173,Disease,"The spread of the rabbits' disease in 1950 cut the number, but it was not until 1997 when the spread",0.10428476333618164
174,rabbits and red foxes,"The European red foxes, also released for sport hunting, are growing and eating sheep flocks, costin",0.2474101105046059
175,be less healthy both physically and mentally,,0.0
176,the natural experience in their growing up,"Without having a nature experience,kids can turn out just fine,but they are missing out a huge enric",0.32258321462803863
177,show his concern about children's lack of experience in nature,"Without having a nature experience,kids can turn out just fine,but they are missing out a huge enric",0.2996494691493086
178,is attended mainly by the people in the Sahara.,"It is well attended by tourists, but even better attended by locals.",0.3683210015296936
179,"musicians, officials, camels and horses","Camels and riders run far into the distance, and then return to the Finish Line in front of the chee",0.263108847917959
180,what happens on the opening day of the Sahara Festival,"Towards the evening, there comes the grand finale of the opening day, an extremely exciting horserac",0.5374545258635409
181,You know.,"""Whatever"" easily beat out ""you know,"" which especially annoyed a quarter of interviewers.",0.22593306005001068
182,Almost half of the Americans surveyed disliked it.,The popular term of indifference was found most annoying in conversations by 47 percent of the Ameri,0.33769157493034424
183,it carries certain negative meaning sometimes,"',Adams, who didn't take part in the poll and is not annoyed by ""whatever,"" points out that its use",0.19167350232601166
184,Adams is not only a writer but also a professor.,"""It doesn't surprise me because 'whatever,is in a special class, probably,,,said Michael Adams, auth",0.3017780424785109
185,apply for a mailbox,How to apply for a free mailbox?,0.3960447311401367
186,ecpjyb,,0.0
187,set up a free email-box,"Some mailboxes are provided free of charge by ISPs, which you can get when you open an Internet acco",0.41643249423509354
188,Expect to work.,Expect to work.,0.5253605246543884
189,You won't make good progress unless you set big targets,Set targets.,0.5034417510032654
190,Because it means that you will enjoy school and learn more.,Be interested in school-life and your school subjects.,0.35921797156333923
191,the world of fantasy frightens us,"That is why, every once in a while, we like to escape into the world of fantasy -- a place where thi",0.19105870511891002
192,they possess powers that ordinary people don't have,"We want to believe in magic powers, good friends, and the power of good to overcome evil.",0.2907102108001709
193,explain why people like to read it,"That is why, every once in a while, we like to escape into the world of fantasy -- a place where thi",0.29995879194988095
194,Snacking between the meals.,"Away from the daily routine at work that helps them keep control of what they eat, they are snacking",0.2626417577266693
195,get their efforts to lose weight ruined by over-eating on weekends,Consuming this amount would see men and women get through half their weekly calorie intake over the,0.2673813998699188
196,Weekends are vital for diets.,"A spokesman from Forza Supplements, the diet company that conducted the survey, said, ""We all have b",0.4449910819530487
197,"To report new findings about migrating birds' ""V"" formations.",Scientists have been puzzled by the phenomenon that migrating birds fly not just in groups all the t,0.4094480574131012
198,"they form the shape of a ""V"" to make best use of the lifting effect","Apart form the ""free ride"" strategy, scientists were also surprised to observe that migrating birds",0.2806626005576027
199,It might inspire aircraft companies to think of ways to improve efficiency.,But it could mean even more for aircraft companies -- helping them understand how they can _ that wi,0.46995420689857703
200,you book a table beforehand and check to be properly dressed,"Also, be sure to check to see if you need to be properly dressed and tell your friend ahead of time",0.29495880007743835
201,making sounds to show how much you enjoy food,"You will feel embarrassed to show up without booking and having to wait for a table, leaving very ba",0.262736052274704
202,the writer of the passage favors those dining manners,"When your food arrives, proper dining manners make you eat at a right pace so that you have time to",0.41759294271469116
203,dining manners,"When dining, keep your eyes on your friend at all times and try to smile between mouthfuls.",0.49966496229171753
204,They have studied for years to get qualified.,"What the doctor, the engineer and the teacher have in common is that they have devoted several years",0.2967070937156677
205,People should find a proper ratio between high and low pay.,"Although the amount of money that people earn is largely determined by market forces, this should no",0.351087361574173
206,Lincoln's favorite story,Lincoln's eyes always _ when he reached this part of the story.,0.48907026648521423
207,was not handsome,,0.0
208,his appearance,,0.0
209,"Lincoln, even though great, was not proud.",But even more delightful was the fact that a man as great as Lincoln could still laugh at himself.,0.38824406266212463
210,To share wonderful things with the king.,"He set off, walking towards the king's castle.",0.23514099419116974
211,kind,,0.0
212,develop children's ability to treat their fear on their own,"Fear is an emotion like others such as happiness, anger, hurt, sadness.",0.2810060381889343
213,some childhood fears may have a lasting influence,Being afraid of the consequence of a choice may prevent us getting into trouble.,0.3662961721420288
214,Children's Fears,"Children's fears are often _ , but that doesn't mean they should be ignored.",0.4858340322971344
215,People should cut down on sugar intake for the sake of their health.,"The guidelines, released on Wednesday, advise that both adults and children cut back on their sugar",0.2856055498123169
216,5%.,"For developing countries, where dental care is less advanced, the WHO recommends that sugar intake b",0.03360570967197418
217,"the less exercise you do, the fewer sweet things you should eat","For developing countries, where dental care is less advanced, the WHO recommends that sugar intake b",0.4200969636440277
218,He was out of work,,0.0
219,an old man's car broke down,"When Jimmy finished working on the car, the old man asked him how much he should pay for the service",0.24170435965061188
220,He was thankful to Jimmy,Jimmy immediately went up to lend him a hand.,0.2779994308948517
221,There was no hope for him to get the job,"One day, he gathered up all his strength and decided to attend a job interview.",0.22596225142478943
222,Good is rewarded with good.,"He has a good heart, but always feared applying for a new job.",0.22758641839027405
223,Mobile devices create a lot of divided attention and social anxiety.,Americans are connected at unprecedented  levels--93% now use cell phones or wireless devices; one t,0.4146324575650842
224,She had an experiment done to lift a large stone by using pulleys and a kite.,"Yesterday, in the Mojave Desert, they put their theory to the test using a nylon kite, three pulleys",0.37299349904060364
225,The wings on the monuments.,"""If you look at ht top center of every monument  , you see wings,"" Clemons said.",0.28285877557738326
226,Because of the Egyptians' habit of drinking beer at three meals and the beer effect on people.,"""All I can remember from history is that Egyptians drank beer for breakfast, lunch and dinner, and a",0.31481555104255676
227,Kites and Pyramids,She thinks the Egyptians may have used kites.,0.4421142637729645
228,"Being Palestinian leader, Arafat would rather die in his own country than be driven away from his people.","Arafat himself said: ""They can kill me, but never get me out of my country.""",0.34947893023490906
229,Arafat can stay alive after accidents or disasters as if he has nine lives.,But has he used up the last of his nine lives?,0.25749823451042175
230,Doubtful.,,0.0
231,Molten rock flowing into the continental gap.,"""This molten rock rises through the crust because it is less dense than the surrounding rock.""",0.43951104279587855
232,the cause why the Red Sea is parting again,"The Red Sea is parting again, but this time no one can help.",0.5072258114814758
233,both A and C,,0.0
234,No other film center made more films than Hollywood did.,"Hollywood in America, made more films than any other film center in the world.",0.4958838224411011
235,film-making there was cheap and easy,The warm climate and long hours of sunlight meant that film-making was easy and quite cheap.,0.4927334189414978
236,funny,,0.0
237,had the most exciting experiences,,0.0
238,not disturbed by the gorilla,He treated him politely and pretended there was nothing at all strange about having a gorilla in his,0.2105574607849121
239,Henry didn't normally serve customers,Henry had been a journalist for many years.,0.24628597497940063
240,surprised by the prices,He liked to say that nothing surprised him.,0.34690049290657043
241,The kneeling man.,It was time for me to leave the kneeling man and the Wall.,0.38263267278671265
242,he missed the loved one who died in a war,"I wasn't sure of the effects of war before, but at that moment I realized how much that man suffered",0.19881416857242584
243,What bad effects war had on many families.,Maybe he was the only one of so many families who experienced the same .,0.40457865595817566
244,in the morning,,0.0
245,They were busy working in the control room.,They were all busy with their work and did not see her.,0.36685141921043396
246,The old lady didn't find the ladies' lavatory.,"""But there are four men in the ladies' lavatory watching television.""",0.3979979157447815
247,was fair and respectable,,0.0
248,are more expensive,"However, there are still companies that take great pride in their handmade designs; and while handma",0.16587407591745357
249,A popular toy -- Teddy Bear.,Teddy Bears have been a very popular children's toy for many years.,0.5061482787132263
250,children often wear new clothes,"People sing, dance and parade as in a carnival through the streets with drums and trumpets to spread",0.2855052053928375
251,Nowroz and the Bahai New Year.,Bahai New Year: The Bahai people have their own calendar consisting of nineteen months of nineteen d,0.29261624813079834
252,people whose children like fishing,"So, join in the fun, catch the excitement of your child on film while fishing and enter his or her p",0.2928754687309265
253,celebrate a national fishing-related activity,The contest is sponsored by Virginia Department of Game and Inland Fisheries (VDGIF) in celebration,0.15169885754585266
254,to ask for grants,The government has increased the size of its grants  to lower-income students.,0.18473295867443085
255,famous colleges charge their students more money,"This puts upward pressure on tuition, hut many colleges feel that good fame will enable them to attr",0.4363282037546151
256,college fees rise too fast for poor families.,"Every autumn, as families across the United States get ready to send their kids to college, the econ",0.38981961605016724
257,Because she didn't like the greedy owner.,"Since the owner was so greedy and unwilling to share his good fortune, I asked God if I could seal t",0.1602952629327774
258,the older angel treated the two families unfairly,"As they made their bed on the hard floor, the older angel saw a hole in the wall and repaired it.",0.17515291273593903
259,Because she wanted to save the farmer's wife.,"When the sun came up the next morning, the angels found the farmer and his wife in tears.",0.19040906429290771
260,Doris Lessing wins the Nobel Prize for Literature,"At 87, Doris Lessing is the oldest Nobel Literature winner sine the first prizes were awarded in 190",0.4221427608901806
261,life in Africa in her early age lays a solid foundation for her writing,"Doris Lessing was born in 1919 in Persia, moving as a child with her family to southern Rhodesia, no",0.316210829741609
262,she makes great contributions to equal rights for women,"""She is one of the few writers who have had the courage to uphold the principle of equality between",0.2854680120944977
263,build a strong and healthy heart,"One type of exercise may not accomplish all goals of being physically fit: a healthy heart, strong m",0.22019334137439728
264,The three kinds of training have links with one another,"Typical types include:
* Running
* Walking (at least 4 to 4.5 mph)
* Swimming
* Bikingk3s5u
* Ellipt",0.3437996648137083
265,25.,,0.0
266,The environment and artwork there are very easy to damage.,"However, its environment and drawings are too fragile to be visited by human beings.",0.2200881540775299
267,offer visitors chances to view the wonderful artwork,"So the cave is closed, and only people there for scientific purposes can go inside and see the artwo",0.24048828069483755
268,They study at home rather than in classrooms.,"Instead, they receive their elementary and high school education by working at home on computers.The",0.3018292486667633
269,It is hard to know students' progress in learning.,They also say it is difficult to know if students are learning well.,0.30516311526298523
270,their students can work at their own speed,Other educators praise this new form of education for letting students work at their own speed.,0.2925942838191986
271,unprejudiced in his description of cyberschools,Some educators say cyberschools receive money that should support traditional public schools.,0.39262069800571986
272,A sudden storm started with thunder and lightning.,Organizations from the Red Cross to the International Monetary Fund have started fund-raising drives,0.36834282600176727
273,Terrible Quake Hits South Asia,"The worst earthquake in 40 years shook South Asia on Sunday, starting with horrible waves that swept",0.4800903797149658
274,In a newspaper.,,0.0
275,Cooperation learning.,"New results from a 3-year project working with over 400 pupils, mostly 8-10 year olds, show that coo",0.16701753620672238
276,It can be helpful in both learning and teaching.,"New results from a 3-year project working with over 400 pupils, mostly 8-10 year olds, show that coo",0.23797209026964392
277,solve problems inventively,"Using multi-touch desks in the new classroom, the children were able to work together in new ways to",0.2088694095224464
278,positive,,0.0
279,The first sentence of the first paragraph.,"For example, in order to milk their cows, farmers must first drive them into the special barn , then",0.24084481596946716
280,Farmers mainly use machines on their farms at present.,A few forward-looking farmers are already using computers to help them run their farms more efficien,0.43855295286148405
281,milking cows,"For example, in order to milk their cows, farmers must first drive them into the special barn , then",0.263483464717865
282,Revolution on the farm,"On the farm of today, machines provide all the power.",0.4285866320133209
283,where weather forecasts are made,"For the weather, he visits www.intellicast.com.",0.5200852751731873
284,learn the ability to tell right behaviors from wrong ones.,"However, if Smarter Child wants to think and learn on his own like the boy-computer David in the mov",0.1529409671010827
285,Smarter Child,"For example, Smarter Child knows every baseball player in every team this season.",0.35248830914497375
286,the problems of friendship,Most problems with friendships come up because people are just too selfish to care about the things,0.4243703782558441
287,one is selfish,"Even though being selfish is something that all humans are born with, it is something that everyone",0.2732786536216736
288,to treat your friend as you like to be,"Even if you're always thinking about how you'd like to be treated, and your friends are too, there a",0.29161542654037476
289,To build stronger and healthier friendships.,"Even if you're always thinking about how you'd like to be treated, and your friends are too, there a",0.2260984480381012
290,Kobe was the only role model for all the blacks,"However, Bill Bank, an expert of African-American Studies, says that eventually young blacks need to",0.27837899327278137
291,it's better for young blacks to find role models in those who are close to them,Obama's victory appears to have given blacks and other minorities a true national role model.,0.3141968250274658
292,The First African-American President,But what will the first 47-year-old African-American president do for race relations?,0.5970874428749084
293,The other three leaders all support Obama.,And the work for US president-elect Barack Obama has begun.,0.26817238330841064
294,led an unhappy life when she was a child,"It must have been a dull and lonely life too, for she stayed mainly at home during her childhood, wh",0.23561360685999452
295,to be present quietly,,0.0
296,children in the past and at present,"Besides him sits his wife , with their children around her, Granny and her elder brothers.",0.4458385407924652
297,help others as much as we can,It was an animal much weaker and smaller than the bird herself that had saved her life.,0.29013746976852417
298,Because the ant bit the man in one of his feet.,An ant was drinking at a small river and fell in.,0.3385133743286133
299,even the small can help the great,The small even can help the great.,0.6275601387023926
300,Help,The small even can help the great.,0.3691787123680115
301,who are very fat,We have found that Miracle Fat Burning Cream is clinically proven to burn fat and it uses a patented,0.484773188829422
302,Alli Diet Pill.,There are now thousands of Weight-Loss Products and Diet Programs available to choose from-that can,0.28073376417160034
303,Miracle Fat Burning Cream.,We have found that Miracle Fat Burning Cream is clinically proven to burn fat and it uses a patented,0.29510980162358946
304,it is a diet program full of fun,"_ 
Alli Diet Pill
This diet pill, claims to provide weight loss that ""won't be easy"".",0.3519422113895416
305,suggestions,,0.0
306,for half an hour every day,"You will find you can learn more effectively if you study for half an hour every day, rather than tr",0.2880431910484119
307,culture,It is the best passport to discovering another culture.,0.18248076736927032
308,Rupert Hoogewerf speaks fluent Chinese.,All of the fuss is over the annual report that Hoogewerf puts out ranking Chinese millionaires.,0.3963797688484192
309,Chinese companies need to work hard to improve their finance management and public relations.,Their finance management and public relations need most work.,0.38249433040618896
310,"If Hoogewerf doesn't compile ranks one day, he will choose to work in China.","Every day people, meanwhile, take delight in talking about his work.",0.5077809691429138
311,deal with problems rather than blame others,"However, you can have great power over what happens to you if you stop focusing on whom to blame and",0.432585209608078
312,chances for self-development,,0.0
313,A Winner's Secret,This is the winner's key to success.,0.3462056815624237
314,Headache may last several minutes.,What most people mean by headache is a pain which lasts several minutes or hours.,0.43742823600769043
315,What's a headache and its effect.,What is headache?,0.4303255081176758
316,people didn't know radio or crossword puzzle,"She was born on Feb. 11, 1900, in New York City, before the radio or crossword puzzle was invented.",0.20196698606014252
317,After she finished the 100-meter dash,But the public legend of Anna Ferris began at last year's Senior Games when she finished the 100-met,0.16302034258842468
318,those who live a regular and active life can be healthy,,0.0
319,Christ Church College,"Magdalen College
Many consider Magdalen to be one of the most beautiful Oxford's colleges.",0.24456945061683655
320,"A 15
th-century tower.",You can enjoy the medieval  church with its 15th-century tower.,0.24554204940795898
321,the author of The Lord of the Rings,"Christ Church College
Long before it became known as a location for the Harry Potter films, Christ C",0.310917466878891
322,It is smaller than the British Library.,"It is one of the oldest libraries in Europe, and in Britain is second in size only to the British Li",0.3024294376373291
323,In 1925.,"The National Spelling Bee was formed in 1925 as a collection of many local spelling bees,organized b",0.16062693297863007
324,the first prize has been shared four times in Bee history,"Mark Neuhauser won the first National Spelling Bee held that year, by successfully spelling ""gladiol",0.3665590463487696
325,To introduce a competition about spelling words.,"An insect bee stands out on the logo of the Scripps National Spelling Bee, despite ""Bee"" being unrel",0.31743910562807587
326,He thinks it is unacceptable.,,0.0
327,using others' Internet service is not stealing at all.,"For a start, if someone is using your Internet service or downloading, this will affect your speed o",0.42972564697265625
328,Wireless worries,"At that time, he was sitting in the street with a laptop  and using an unsecured  wireless connectio",0.4306168371131721
329,Computer defeats man in chess!,"The computer walked-or rather,rolled-away with 5,000 dollars in prize money and limited its remarks",0.2988603115081787
330,That he had lost to a machine.,,0.0
331,gave out some lights and sounds,,0.0
332,make the game less interesting,"Prozorov's disappointment was shared by several grand masters who were present,some of whom were so",0.15182645618915558
333,Mary Had a Little Lamb,"Mary Sawyer (1806-1889) lived on a farm with her family.One day, when she was about nine years old,",0.39903774857521057
334,It describes the true love between a little girl and her pet lamb.,It is about the deep love between a young girl and her pet lamb.,0.378621906042099
335,Mary and the little lamb developed a very close friendship.,He was so moved by the love between the child and her little pet lamb that he wrote a poem which he,0.41355690360069275
336,A website.,,0.0
337,give a brief introduction of an English learning site,"These stories are written for ESL(English as a second language ) learners who are, at least, high be",0.3576887547969818
338,the stories are suitable for learners of different levels,"These stories are written for ESL(English as a second language ) learners who are, at least, high be",0.24586181342601776
339,Exercise D,"Exercise A is ""Yes / No Questions"".",0.33186835050582886
340,wait for her husband,Most teens can't wait to learn to drive.,0.26863542199134827
341,the beautiful lady led a rich and happy life,"Many nights when sleep evaded me, I would think about the beautiful lady.",0.15443746745586395
342,The woman learned that health and family are more important.,"For weeks I had envied this woman and her way of life, while I had been able to walk three miles to",0.32527920603752136
343,Looks can be deceiving,,0.0
344,this finding doesn't agree with their feelings.,This finding may seem wrong because many smokers feel better after smoking.,0.11872528493404388
345,To study if cigarette smoking can cause the cognitive deficits among alcoholics.,"The poorer mental function seen among alcoholics, many of whom also regularly smoke cigarettes, may",0.3070734143257141
346,Smoking can also influence a person's weaker verbal and visual-spatial reasoning.,"The poorer mental function seen among alcoholics, many of whom also regularly smoke cigarettes, may",0.48444101214408875
347,smoking and drinking may make IQ and thinking ability poor.,"The poorer mental function seen among alcoholics, many of whom also regularly smoke cigarettes, may",0.49305257201194763
348,calculated people's life satisfaction within five years,"Five years after the first interview, 43 percent of the oldest group had underestimated  their futur",0.3713467211371007
349,their outlook on the future was more realistic,"Pessimism  about the future may encourage people to live more carefully, taking health and safety me",0.2754674553871155
350,Objective,,0.0
351,The findings could help people to live a healthy life.,"Pessimism  about the future may encourage people to live more carefully, taking health and safety me",0.3516421914100647
352,health and fitness,"Pessimism  about the future may encourage people to live more carefully, taking health and safety me",0.28068220615386963
353,Israel,"In Israel, the same custom is followed, except the birthday person is lifted and lowered while sitti",0.059507868713988034
354,In Holland people give presents to unbirthday persons on their birthdays.,"In Iceland, people have pancakes with candies rolled inside them on birthdays.",0.46664908008830625
355,Different ways of celebrating the birthday in different countries.,And they celebrate them in many different ways.,0.4661147892475128
356,the negative effects of sugar on people's health,They found it could have serious effects on people's health.,0.3065236806869507
357,Eating much more sugar can make mice put on weight and get high blood pressure.,"Though the mice did not show signs of obesity or high blood pressure, male mice were 26% less territ",0.425412353701349
358,sugar plays a very important role in Americans' diet,Cutting sugar out of the American diet altogether may be difficult.,0.43147167563438416
359,Danger of sugar,A team of researchers at the University of Utah used mice to conduct a study on the negative effects,0.36428505182266235
360,give advice on how to prepare for vacation,"No matter what your vacation destination is, you will need to take the climate into consideration.",0.4114448130130768
361,they may make you puzzled in a way,"While you may be expecting warm and sunny weather, it is still advised that you prepare for the wors",0.26956589816257126
362,you must prepare proper clothes,"While you may be expecting warm and sunny weather, it is still advised that you prepare for the wors",0.34306182299385735
363,vacationers on beach are at the risk of sunburn,"Perhaps, the most popular summer vacation destination is the beach.",0.4710959001768725
364,breaking records brings him much joy and challenge,"And he recently broke the Guinness World Record for ""the most records held at the same time by an in",0.22740143537521362
365,An amazing record-breaker,,0.0
366,It is a computer program created by Rafael Perezy Perez.,"The program, called MEXICA, is the first to generate original stories based on computerized represen",0.3069458725969487
367,The human operator should come up with a simple storyline.,"An Internet survey was carried out to see the popularity of the computer-generated stories, other co",0.18975470981135303
368,Characters in the story are given different numerical values.,"The program reads characters as variables   and assigns a numerical value, between a continuum   fro",0.18979834020137787
369,Events becoming of the characters.,"The program, called MEXICA, is the first to generate original stories based on computerized represen",0.2873652468998019
370,reading as fast as you can,"First, any habit which slows down your silent reading to the speed at which you speak or read aloud,",0.3768324553966522
371,reduces reading efficiency,"In fact, too much emphasis   on separate words both slows your speed and reduces your comprehension.",0.3305511176586151
372,to understand meaning,You do not need every word to understand the meaning of what you read.,0.2904714047908783
373,take in whole phrases or thought units,He takes in a whole phrase or thought unit at a time.,0.3262186348438263
374,Their ambiguity brings great trouble to our life.,"Double trouble
And sometimes a word can be a noun and a verb, but have different meanings.Can you wo",0.236942857503891
375,Taking the bus sure beats walking.,,0.0
376,The International Red Cross,The Red Cross exists in almost every country around the world.,0.3909500241279602
377,works in many nations,,0.0
378,the Red Cross helps all the people in need no matter which side they are fighting for,He wanted to help all the wounded people regardless of which side they were fighting for.,0.34620893001556396
379,(888) 709-8324.,"iD Tech camps
Camp Address: 910 E Hamilton Ave. Suite 300 Campbell, California 95008,USA Phone: (888",0.39040721963269326
380,Alexa Cafestem Camp.,"iD Tech camps
Camp Address: 910 E Hamilton Ave. Suite 300 Campbell, California 95008,USA Phone: (888",0.27408409118652344
381,Doing good to children.,"A Water Planet Dolphine Therapy Camp
Camp Address: 203 Greenwood Drive, Panama City Beach, Florida 3",0.0970231145620346
382,they had no ready-made components,"""It's extremely important for us to think about this as a whole system and not just the sum of a bun",0.2553917178067516
383,Wood's design can replace animals in some experiments.,"""The seemingly simple system which just moves the wings has a number of interdependencies on the ind",0.36880989644040674
384,Robotic Fly Imitates Real Life Insect,A team of engineers at Harvard University has been inspired by Nature to create the first robotic fl,0.33525830673368484
385,to walk in space,The risky manoeuvre  is a step towards China's longer-term goal of assembling a space lab and then a,0.2369229942560196
386,He fetched a sample of solid lubricant and passed it to his colleague.,"unveiled a red national flag, helped by colleague Liu Boming, who also briefly popped his head out o",0.2540038797679749
387,to build a space station.,"Astronaut Zhai Zhigang became the first Chinese man to walk in space on Saturday, climbing out of pr",0.22921345934547083
388,A Chinese astronaut takes historic walk in space.,"Astronaut Zhai Zhigang became the first Chinese man to walk in space on Saturday, climbing out of pr",0.5254042649533778
389,The greatly increasing usage of the Internet.,I came across the fact that the Internet usage was growing at 2300 percent per year.,0.29410749673843384
390,the author might not regret if he failed the idea,"I'd never seen or heard of anything that grew that fast, and the idea of building an online bookstor",0.4098832600631899
391,We Are What We Choose,,0.0
392,He had an autopilot impvoved.,Fossett had one of his team members develop a more advanced balloon autopilot that would allow him t,0.25378274537843637
393,communicating with experts,A team of weather experts e-mailed and talked to Fossett by a satellite telephone to help him avoid,0.13666397333145142
394,brave and determined,,0.0
395,He set a speed record of balloon flight.,"On this flight, Fossett set other records including a speed record of 322 kilometers per hour.",0.2939656376838684
396,very strange,,0.0
397,Eastern countries,,0.0
398,You look so young and beautiful.,,0.0
399,not to ask a Western woman's age whether you know her well or not,"If a woman is over 40, or even if she is 80, her birthday is always the 39th.",0.3349705934524536
400,a place where everything can be seen by others,"""Panopticon"" is a place in which everything is in full view of others.",0.421237051486969
401,Because our actions are observed and recorded in many cases.,"In our wired society,  many talk of the panopticon as a metaphor   for the future.But in many ways,",0.3556813597679138
402,"prisoners know that they may be being watched, but we often don't","Similarly, it is common that people behave differently when they know they are being watched.We act",0.23773053288459778
403,His working experience.,"Morioka says his goal is for the customers to experience being inside a book, not just a bookstore.",0.21370092034339905
404,It sells various copies of a book in a week.,It was here while organizing book reading and signing that he realized that customers usually came i,0.20548805594444275
405,To help readers make more friends.,,0.0
406,Promising.,,0.0
407,asked him to try to manage their money,"She said, ""Okay, I'll give you all the money I make this week cleaning floors and bathrooms, and you",0.2564440667629242
408,He now works as a doctor.,I dreamed of becoming a doctor when I was just a kid.,0.36099350452423096
409,his mother's great influence on his development,My mother was a household servant.,0.30527380108833313
410,He made a study of many farms before buying.,At a certain time in our lives we consider every place as the possible site for a house.I have thus,0.3855329751968384
411,It was in a good position.,"The real attraction of' the Hollowell farm to me was its position, being about two miles from the vi",0.17919808578285937
412,He wanted to keep the farm as it was.,The poor condition if the house and fences showed that it hadn't been used for some time.I remembere,0.23563142950504729
413,To be free from worries,I believe that as long as possible it is better to live free and uncommitted  .It makes but little d,0.2610704004764557
414,She expresses herself differently.,,0.0
415,She made a mistake during part of the race.,,0.0
416,Buy an expensive bike for her.,"""You swim for 1,500m,then run out of the water and jump on your bike,still wet.Of course,then you fr",0.3432846396199559
417,She only discusses the triathlon with them.,The triathlon  promises to be one of the most popular Olympic sports.Recently it has drawn huge crow,0.5569295416298464
418,Around half of all lion hunting in Africa is conducted by Americans.,"An international study, published in September, found African lion numbers have decreased by half si",0.35150804854614054
419,America.,,0.0
420,The import of lion parts will be strictly limited.,"Under the new FWS rules, bringing lion parts to the US will be banned  in most circumstances if the",0.3819583058357239
421,to first answer the questions which are easier to you.,Usually(but not always) a strong first impulse  means we know the answer and we don't really have to,0.32171645760536194
422,don't believe in their first impulse.,Usually(but not always) a strong first impulse  means we know the answer and we don't really have to,0.4017125964164734
423,Effective Test Taking Skills.,"They are skills that make taking the test easier, and therefore provide better results.",0.465109258890152
424,Determined,,0.0
425,when he was probably younger than ten,,0.0
426,Glenn didn't catch what the doctor told his mother so he didn't worry about his burns.,"When the deadly danger was past, he again heard the doctor and his mother speaking quietly.",0.49154287576675415
427,practical,,0.0
428,who invented the first car,"The first car was invented not by an Englishman, but by an American.",0.4943728446960449
429,Henry's father.,"Later, Henry Ford set up the Ford Motor Company.",0.3909757733345032
430,he had to support his family,"Henry was born in a poor family, He was the eldest of the six children.",0.34556856751441956
431,Hard work leads to success,The hard life made him strong and able.,0.37321406602859497
432,they are more expensive than traditional newspapers,"With the development of technology, more and more electronic medium have been created until now, but",0.19526153802871704
433,new things will replace the old ones in the future,There are the predictions from the experts working on the newspapers of the future.,0.319705992937088
434,let people know the great development of the journalism,"With the development of technology, more and more electronic medium have been created until now, but",0.2474972903728485
435,Enthusiasm and good health.,"This enthusiasm, along with good health, is the key to being happy.",0.29189392924308777
436,can work for about a month.,You'll work on the station's music programs.,0.26711156964302063
437,Accountants Assistant.,"Accountants Assistant
When you join the team in our Revenue Administration Unit, you will be providi",0.2642984065889757
438,One having good computer knowledge.,You should be good at the computer and have some experience in program writing.,0.3831622898578644
439,The brake couldn't work because of the lost bolt.,"Had I hit the brake with any more speed, I am sure the car would have turned over and we could have",0.3146287798881531
440,Kindhearted and patient.,,0.0
441,An angel in the mountains!,"So this angel took him to Ellensburg to get the part, only to find out that it was the wrong part.",0.37670841813087463
442,A woman offered a stamp to the man.,"The man hesitated for a little while and asked her if she was sure, and she assured him she was fine",0.21094094216823578
443,She believes people should participate in the world around them.,The purpose was to create a sense of privacy   for people on the other side.,0.26522159576416016
444,Artificial Barriers,This got me thinking: How often do we put up mental barriers that keep us distant from others?,0.32242313027381897
445,Player is advised to stay clear of the screen.,"--Player
A: Dear Player,
You have an addiction.",0.36227837204933167
446,Host's colleagues are insensitive,"--No Show Host
A: Dear Host,
Yes.",0.34049059855490305
447,Laskas doesn't seem to approve of Laws' trying to report what she sees,I believe by law we should report it.,0.2798219495359693
448,The third.,,0.0
449,Because they think all the children will do the same.,"As children grow, develop, and move into early adolescence, contacts with one's peers and the attrac",0.16845325758698912
450,Friends,They find it good to turn for advice to friends who understand-- friends who are in the same positio,0.28923330446881057
451,has changed people's understanding of age,"Many people say, ""I am much younger than my mother-- or my father-- was at my age.",0.2868290841579437
452,do the right thing at the right age,"""No one says""Act your age"" any more.",0.1657126247882843
453,normal,,0.0
454,make people accept some advice,Many people there have heard suggestions of what to do in an earthquake.,0.21607531607151031
455,Next to a desk.,Anyone hiding under a desk or a bed is always killed.,0.32417136430740356
456,lie close to your bed,"Instead of hiding under a solid object, lie on the floor next to it and you will likely have a space",0.17327997088432312
457,"Betty, lying besides a pile of magazines.",,0.0
458,the right to choose their courses,Although the educators didn't all agree;a majority recognized that time had indeed changed and that,0.23649688065052032
459,A few educators disagreed with them.,Although the educators didn't all agree;a majority recognized that time had indeed changed and that,0.2750963270664215
460,Graduates,Whether the revised programs have helped college graduates to find employment quickly is not clear.B,0.29102185368537903
461,the practical knowledge is impractical,Whether the revised programs have helped college graduates to find employment quickly is not clear.B,0.27541663099989144
462,they are too costly and not widely used,,0.0
463,a mobile phone,"For a driver to benefit, lie must load the team's software , named SignalGuru, into his phone and th",0.23051020713483364
464,allow drivers to adjust their speed,"Tests in Cambridge, Massachusetts, where five drivers were asked to follow the same route for three",0.3232031762599945
465,functioned rather stably,,0.0
466,Mental pressure.,,0.0
467,it affects the normal flow of saliva,Oxygen rich saliva  keeps their numbers down.,0.30833423137664795
468,they can't get to all the offending bacteria,Mouth bacteria grow fast in airless conditions.,0.20287902653217316
469,offensive breath can't easily be cured,"Alcohol drinking, too much talking, breathing through the mouth during exercise, anything that dries",0.4955763518810272
470,be as faraway as possible,,0.0
471,$315,,0.0
472,create his own art project,"We supply the invitations, a balloon bouquet , paper goods, project materials and a party host; all",0.19656968116760254
473,All of these birthday parties center on a special theme.,"Swim Birthday Parties
Ages 3 and up.",0.5971004366874695
474,The effect of African elephants' search for food.,It is the elephant's great desire for food that makes it a disturber of the environment and an impor,0.47326803102610776
475,"African elephants have 300 pounds of plants every day, including small trees and underbushes.","In its continuous search for the 300 pounds of plants it must have every day, it kills small trees a",0.514670729637146
476,showing the effect and then explaining the causes,,0.0
477,improve the language ability,"It also helps to improve the visitor's language ability,"" said a teacher during a school meeting las",0.1950637847185135
478,a long time ago,"Yet, time really flew fast.",0.3195875883102417
479,was very kind to her,"After this special meeting, I always thought about this kind of holiday.",0.2698468267917633
480,had a wonderful time,"Yet, time really flew fast.",0.3381475806236267
481,is exciting to both players and listeners,,0.0
482,an introduction,,0.0
483,awkward,,0.0
484,Famous words of wisdom,"When they were teenagers, I'd copy words of wisdom from great people, Einstein, for example, or Bruc",0.2999658812729968
485,the author's husband is an environmentalist.,"And my husband writes me love notes on recycled paper, because he's all about being green.",0.289768785238266
486,Lunches packed with love.,"The evidence, a napkin resting on top of the sandwiches packed in wax paper, was certain ""Love you!""",0.3857995867729187
487,Its result is consistent with(...) the previously established ideas.,These insights   fit with what psychologists have seen previously: that loneliness leads to depressi,0.3550402045951547
488,deep conversations can make people happy,"Small talk is part of everyday life, but it's the deep conversations that may make you happy.",0.4839268922805786
489,The study was creative and different from traditional studies,"Researchers, led by Matthias Mehl at the University of Arizona, looked at the different types of con",0.4054782224396207
490,that there are differences in people's abilities,"To be sure, people are different.",0.34416109323501587
491,have special help and practice,"But even the very poor players can become much better players if they are guided in the right way, a",0.19546182453632355
492,almost all poor readers can make progress,Some people have the feeling that nothing can be done about their poor reading ability.,0.2650263011455536
493,To encourage people to improve their reading ability.,"In between, there are all degrees of reading ability.",0.407437264919281
494,the ways they take to deal with the typical climatic condition in desert,"They take thick, cylindrical  or even spherical forms, thereby exposing a minimum of evaporating sur",0.3254017780588509
495,so that the plants can evaporate less water,"There are also the drought--resisters--those which have evolved various methods for strong water, lo",0.23079846373696214
496,they have many ways of containing water,"They may store water in their leaves, in their stems, or in underground containers.",0.3978252708911896
497,the desert plants are shaped in a way as if them were designed by somebody on purpose,Desert plants fall into two sorts according to the way they deal with the problem of surviving droug,0.34030743999738444
498,one may lose his hearing when he hears a terribly loud noise.,An American scientist has found that using aspirin   increase the temporary  hearing loss or damage,0.39711692929267883
499,will be damaged even if he has heard a loud noise for only little more than one second,The noise can be the sound of a jet airplane or machines in factories of loud music or other common,0.26976531744003296
500,makes hearing damage from loud noise worse,He said these persons face a serious danger of suffering hearing loss from loud noise.,0.31885066628456116
501,take too much aspirin,He found that students who were given four grams of aspirin a day for two days suffered much greater,0.2423727959394455
502,whether aspirin would increase the temporary hearing damage from loud noises,Doctors have known for a long time that extremely loud noises can cause hearing damage or loss.,0.30386194586753845
503,The auto industry has been forced to develop new models which are more expensive.,The factories that haven't switched over to two-wheel transportation are working on their new smalle,0.44872438417679955
504,Children and parents make acquaintances with more people than before.,"Families now stay at home more for their fun, and children and parents are becoming better acquainte",0.3483554892853207
505,Supportive,,0.0
506,This passage mainly shows the chain reactions of the rising gas price,"In recent years, the price of gas has been rising sharply, and people have made many adjustments.",0.5079233646392822
507,the unfair treatment the working women suffering in business,Women are working at a decided disadvantage in the business world created by men to make things comf,0.516712419981934
508,men always make things comfortable for themselves,Women are working at a decided disadvantage in the business world created by men to make things comf,0.39144862252861645
509,She was trying to help her cousin survive.,"Three seventeen-year-olds from Salt Lake City, Tiana Skeen, Caitlin Caldwell and Jessica Osterloh, w",0.21262884140014648
510,Mallory couldn't have been killed with a life jacket,The teens rescued Rylee just in time but couldn't find Mallory.,0.40946081280708313
511,Three teen heroines,"The three teen heroines   saved the 3-year-old and the 6-year-old, but they feel Mallory is the real",0.4121484160423279
512,performed in various ways,"When it was first performed, critics  were divided over the music.",0.22350260615348816
513,It proved jazz could be serious music,"Could jazz, some people asked, be considered serious music?",0.38174697756767273
514,He created one of his best works,It still remains one of his most famous works.,0.2706987261772156
515,Talented and productive,,0.0
516,You can't sleep well all the time.,"If you easily get angry and can't sleep well enough, or if you're not eating properly, it will be mo",0.27595526137585474
517,Do one thing at a time.,"*Make time for yourself
Schedule time for both work and entertainment.Don't forget,play can be just",0.2708250880241394
518,How to Deal with Stress?,"*Make a list of things to do
Stress can result from disorganization and a feeling that ""there's so m",0.4168405532836914
519,make a list to do things one by one,"*Make time for yourself
Schedule time for both work and entertainment.Don't forget,play can be just",0.2813347578048706
520,improve their education at home to get better jobs,"With Harcourt, you study at home, in your spare time-so you don't have to give up your present job w",0.3048943877220154
521,To prove the value of their training in every area.,Your training includes everything you need!,0.29849758744239807
522,Four.,,0.0
523,The Lazy Animal,"""A rolling stone gathers no moss  ,"" but there is one living animal that does gather moss -- the thr",0.4969378982411869
524,to introduce a particular animal to the common reader,"""A rolling stone gathers no moss  ,"" but there is one living animal that does gather moss -- the thr",0.471274841292942
525,"For most of its time, the sloth remains motionless on the ground.",The sloth would have little chance of survival on the ground.,0.3199683129787445
526,it is short of its favorite food.,Running out of its favorite leaf is about the only thing that will make a sloth move.,0.19922715425491333
527,The sloth will never fight with other animals.,"""A rolling stone gathers no moss  ,"" but there is one living animal that does gather moss -- the thr",0.369734932152286
528,At the Derby Arms on Sunday.,"THE DERBY ARMS, Upper Richmond Road West, give you Joe on the electric accordion .",0.26984256505966187
529,At the Derby Arms on Friday.,"THE DERBY ARMS, Upper Richmond Road West, give you Joe on the electric accordion .",0.25454947352409363
530,789--4536.,Tel: 789--6749.,0.39476550571757235
531,The sing-along at The Black Horse.,Join the sing-along at The Black Horse.,0.44939956068992615
532,Folk Music at The Derby Arms and Heavy Music with Tony Simon at The Bull.,"HEAVY MUSIC with Tony Simon at The Bull, Upper Richmond Road West, East Sheen.",0.5485275983810425
533,Long-sleeve clothes,,0.0
534,To cool yourself down.,,0.0
535,A cell phone is enough for most people.,"If you have international calling on you phone, you should be able to use it-AT&T and Sprint both wo",0.2970006465911865
536,offer some practical tips on traveling in Egypt,So here I will give you some travel tips.,0.4766702651977539
537,lives an unhealthy lifestyle,,0.0
538,They're in their development period.,But teenagers are easily influenced because teenage years are the period when our personality and id,0.09056449681520462
539,to survive under pressure,,0.0
540,Bad influences of celebrities.,"Media, especially as well as the celebrities, have a very powerful influence to drive teenagers to g",0.41230643984893
541,keep your head,"So, how do you keep yourself from being swept away in the stream of chaos?",0.3092051148414612
542,there are seldom true emergencies in life,There are very few true emergencies in life.,0.3354841470718384
543,Keep calm in the face of the storm,"So, how do you keep yourself from being swept away in the stream of chaos?",0.4426017701625824
544,He did not have a happy life when he was young.,A French billionaire used to have a rough time when he was young.,0.2687709927558899
545,The billionaire's francs,My deposit of one million francs in the private safe of my bank will be the prize for his wisdom in,0.30162107944488525
546,Money,Still others thought that the poor needed skills to make money.,0.1508142352104187
547,quite by accident,,0.0
548,He stayed with visitors for extra time.,He walked us through all the local villages and took extra time at the end to enjoy a local dinner.,0.3741803765296936
549,various local food,"Tour _ 
Travel is all about the street food these days, and why not?",0.2362738996744156
550,7. 30 PM,"00 PM
Ending point: Cafe Pho Co - 11 Hang Gai St, Hoan Kiem",0.2817540466785431
551,find the new world,"At that time, the French dreamed of disclosing and controlling more land, of expanding trade beyond",0.15448492765426636
552,it was a water passage to the East,"At that time, the French dreamed of disclosing and controlling more land, of expanding trade beyond",0.21792568266391754
553,an Indian village,"What a huge "" village"" Canada is!",0.2802000343799591
554,Stadacona was what the Indians called Quebec then,Cartier first used it when he referred to Stadacona or Quebec.,0.4197041690349579
555,the place called Quebec,"However, instead or reaching Asia he arrived at Quebec or Stadacona, as the Indians called it.",0.24859726428985596
556,It lies in the Arctic.,"Arctic sleeping bags are provided for every guest, including children.",0.27872198820114136
557,http://www.bhutantouroperators.net/taktsang-monastery.php,"For more information, visit the website: http://www.icehotelcanada.com.",0.22557619214057922
558,Dinosaur Provincial Park -- Canada,"Dinosaur Provincial Park -- Canada
Known to be one the greatest fossil locations in the world, Dinos",0.3545521260241896
559,four unusual places in the world,"Leshan Giant Buddha -- Sichuan China
The world's largest Buddha sits on the edge of two great rivers",0.4536316990852356
560,travel,,0.0
561,Both good habits and bad habits,"We should keep away from all these bad habits, and try to form such habits as will be good for ourse",0.46148267223425676
562,to form good habits; to form bad habits,"Habits, whether good or bad, are gradually formed.",0.31528452038764954
563,Because it's hard and sometimes even impossible to throw away bad habits.,"Habits, whether good or bad, are gradually formed.",0.3108114004135132
564,has something to do with success,Many successful men say that much of their success has something to do with certain habits in early,0.2861919105052948
565,have been reported by a newspaper,But a report by a Florida newspaper says that reusable grocery bags sold by some supermarkets contai,0.16696237526801888
566,people will be informed of the facts about the reusable bags,But a report by a Florida newspaper says that reusable grocery bags sold by some supermarkets contai,0.45441176311487425
567,dependable,,0.0
568,made of paper,"Paper bags are also a good choice, since paper can be recycled .",0.18716080486774445
569,the UN Security Council had decided to shorten the time for the oil-for-food program,The 11 oil ministers   decided to meet again on July 3 to discuss the effects of the Iraq temporary,0.22563312947750092
570,concerned,,0.0
571,OPEC will not increase oil production to make up the shortfall caused by Iraq,A speaker said OPEC had to take all possible measures to keep or lower the oil price.,0.4217967092990875
572,they could have a discussion about the effects of Iraq's temporary oil stop,The EU Commission   has also expressed concern about Iraq's output stop.,0.3587088882923126
573,had lots of money,,0.0
574,Transportation,,0.0
575,in 1949,"In 1949, Russian journalist Vladimir Raitz started a company called Horizon Holidays.",0.3475799858570099
576,carbon dioxide,For that we can thank carbon dioxide.,0.23442675173282623
577,is still safe to drink,But it's most likely safe to drink.,0.3263845280092127
578,Throw them away.,"As for plastic water bottles that have been left out in the sun or in the car, step away from the bo",0.029158378019928932
579,It can cause great harm to people.,Many people think that this is because of microorganisms .,0.31570708751678467
580,Someone created the grammar first and then people learn the language according to it.,Do we need to study grammar to learn a language?,0.38410428166389465
581,His attitude is objective .,,0.0
582,At least 5.,"Nicholas Stern, a former UK government advisor, also told China Daily it will take at least one or t",0.25040239095687866
583,the least,"Nicholas Stern, a former UK government advisor, also told China Daily it will take at least one or t",0.12628591060638428
584,The downturn will force China's companies to upgrade their technologies,"""When the economy is experiencing fast growth, companies are unwilling to upgrade their technologies",0.23868872225284576
585,Money spent on food.,So the next question is: how much food is in 980 million calories?,0.311021899392496
586,Raising animals has a negative influence on environment.,Ever wonder how this season's celebrations affect the environment?,0.30845293402671814
587,Humourous and concerned.,,0.0
588,Is Santa driving clean and green?,"I spend my time wondering just what the environmental impacts of Santa Claus and his reindeer are, a",0.4032827913761139
589,Taste many kinds of apples.,"Although it doesn't taste of anything special, it's still worth a try, as is the knobbly  Cat's Head",0.2551756501197815
590,It is rarely seen now.,,0.0
591,To introduce an apple festival.,It's called Apple Day but in practice it's more like Apple Month.,0.4535185396671295
592,The body doesn't tell when you are in real pain.,"""How Yoga Can _ Your Body,"" by science writer William J.",0.2671268880367279
593,One should enjoy the physical and mental benefit that yoga brings.,"If you look at the injury rates of other physical activities, the number of injuries sustained from",0.3073543310165405
594,People who regularly eat fish never suffer from heart disease.,"During the next two decades, 78of the men died from heart disease , The fewest deaths were among the",0.44202858209609985
595,the effect of fish eating on people's health,"At the start of the study, average fish consumption was about two-thirds of an ounce each day, with",0.4618903696537018
596,in countries with high consumption of fish,"At the start of the study, average fish consumption was about two-thirds of an ounce each day, with",0.24792033433914185
597,not all working people live with their parents,We live away from the old for many reasons: young people sometimes avoid the old to get rid of fears,0.27513402700424194
598,different generations have different lifestyles,"Until late in the 20th century, most Americans spent time with people of generations.",0.13277429342269897
599,old people are easy to get along with,Now mid-aged Americans may not keep in touch with old people until they are old themselves.That's be,0.4112413227558136
600,the baby brought them the image of life,Once I was in a rest home when a visitor showed up with a baby.,0.19302931427955627
601,Because their parents are too busy to take care of them.,"""My parents were always telling me to hurry up, and my grandparents told me to slow down,"" one frien",0.20660971019271956
602,people are busy with their work,Most people work long hours.,0.3735463619232178
603,turn out to do better in their studies,Studies have shown that children who often eat with their families have better results at school tha,0.10248192105670145
604,Supportive.,,0.0
605,Why should the family eat together?,When was the last time your family sat down together to have a dinner?,0.4306780993938446
606,Radiation from the phone probably causes the change in the brain.,A new experiment shows that spending 50 minutes with an active phone pressed up to the ear increases,0.4348859190940857
607,Because the scientists want to be sure of the accuracy of the experiment.,"For those who don't want to wait to find out for sure whether cell phones are bad for the brain, the",0.18852192163467407
608,A type of sugar that gives energy to brain cells.,This suggests that the brain cells there were active -- even without the person hearing anything.,0.13253067433834076
609,Science News.,"Holding a cell phone to your ear during a conversation is ""not really safe,"" Lai told Science News.",0.2404051125049591
610,tourists.,,0.0
611,have been on PhillipIslandfor years,,0.0
612,$ 62.50.,,0.0
613,how to plan your travel,Plan ahead:Don't wait until the last minute to plan your trip.,0.5180898904800415
614,to save money by spending less,Use the Internet:The net can help to save money.,0.48416668176651
615,not to go to wellknown places,Cut expenses to fatten your wallet so you'll have more choices about where to go and how to get ther,0.3978944083240652
616,you can gain valuable life experiences,By traveling with others you can share costs and experiences.,0.45926523208618164
617,The differences are very great.,"But if you ask a British or an American person, the differences are quite great.",0.11388393491506577
618,They are strange but friendly.,"But the British do say that Americans are kind, friendly people.",0.168717622756958
619,once they become friends,"But when American and British people become friends, they usually find things are not as bad as they",0.13943737745285034
620,Torie Keene from Lakeland.,"Keene then purposely told McDonald's cashier Marisabel Figueroa to greet the other  customer ""Merry",0.3726135452206849
621,Amazed and moved.,"""The next customer was moved when Figueroa said her food was already paid by the previous car.That's",0.27761372923851013
622,About six hours.,,0.0
623,famous magician,"Musha Cay Island
$150 million, 700 acres
David Copperfield
Famous magician
World-famous magician Dav",0.13614197033358397
624,"5,400.",,0.0
625,Those who agree with the environmentalists' ideas.,,0.0
626,the Allan Island,"Allan Island
$13.5 million, 292 acres
Paul Allen
Investor
The island is reportedly named after a her",0.352547824382782
627,Worried,,0.0
628,Because she was fat.,Now Lisa doesn't worry about being fat any more.,0.3249438405036926
629,Parents are being pressured to let their kids stick with one sport.,"While parents naturally want the best for their child, they are being pressured by coaches to let hi",0.32311293482780457
630,are pushed into specialized sport too hard,"In today's achievement-oriented ( ) environment, children are being pushed to specialize in a single",0.2658102512359619
631,Stop Specializing in Sports So Early,"Tom Farrey, executive director of the nonprofit Aspen Institute Sports & Society Program, says year-",0.3521632254123688
632,One hundred dollars.,"I took that dollar ticket back to the store and turned it in for one hundred dollars!""",0.28432273864746094
633,not take anything at face value,".com
He didn't say anything that was false, but he left out important information on purpose.",0.2991192638874054
634,Half-truths are often used to mislead people.,Some politicians often use this trick.,0.3449223041534424
635,develop critical relationships,"Ask a group of elderly people what it was about their lives that made them happiest overall, and the",0.17977984249591827
636,It robs people of the happy moments spent with friends.,"Ask a group of elderly people what it was about their lives that made them happiest overall, and the",0.24341475866267503
637,To find out how social media affect real-world social life.,"But the more I read about how social media are interfering with   good old-fashioned friendship, cre",0.38930155247052
638,real-world friendship is a better choice for young people,"""Whether it is a wall post, a comment, or a photo,"" they wrote, ""young people's engagement with Face",0.35476401448249817
639,receive a certificate of TESOL,"After 3 weekends of study and another 40 hours' post-study online, I received my TESOL certificate.",0.3523949980735779
640,He travelled around Thailand by himself.,"On the first day of the New Year 2013, I made up my mind to go to Thailand to teach English as a vol",0.1910734173948738
641,tell us his voluntary experience in Thailand,"On the first day of the New Year 2013, I made up my mind to go to Thailand to teach English as a vol",0.31069415000887834
642,rewarding,,0.0
643,Nancy was left at the pub by chance.,David Cameron mistakenly left his eight-year-old daughter in a pub by herself when he drove off with,0.47645124793052673
644,A newspaper.,,0.0
645,invest our money wisely when we are young,"Put Your Money to Work
Saving is great, but to make the most of your money you need to put it to wor",0.26775334645740234
646,gain happiness by buying themselves expensive things,Expensive things don't create lasting happiness and security.,0.3119257688522339
647,being open to new ideas and views,"We all want to buy that new piece of technology, treat ourselves to an expensive night on the town,",0.30958181619644165
648,offer ways to achieve a happy and successful life,"Top Four Ways to Build a Wonderful Life
1.",0.414888471364975
649,In 1920.,,0.0
650,Anne's father Otto survived World War II.,"It was Gies who guarded Anne's diary, and presented it to the girl's father, Otto, when he returned",0.38727906346321106
651,thought she was overpraised,,0.0
652,Woman who saved Anne's diary dies at 100.,"Miep Gies, the woman who hid the Dutch girl Anne Frank's diary from the Nazis to become one of the w",0.3733455240726471
653,Miep Gies did a great favor to Anne's family.,"Miep Gies, the woman who hid the Dutch girl Anne Frank's diary from the Nazis to become one of the w",0.31471773982048035
654,Chickens: a Better Choice of Living Drug Factories.,They've kept some special chickens that lay eggs with disease-treating drugs inside.,0.48666736483573914
655,Chickens can produce the best quality of drugs among the drug-producing animals.,They've kept some special chickens that lay eggs with disease-treating drugs inside.,0.5152935981750488
656,Because it will help to collect the drugs easily.,They've kept some special chickens that lay eggs with disease-treating drugs inside.,0.12561824917793274
657,This technique still needs improving so as to satisfy the normal application.,"Once the researchers perfect their technique, you might eventually take your medicine from chicken e",0.3724866509437561
658,find a new job,"In 1971, a young man who grew up very poor was traveling across the country, trying to make a new st",0.056610357016325
659,the young man carried out his promise,The young man couldn't believe his luck.,0.5313298106193542
660,Secret Santa of Kansas City,"Now, he lives in Kansas City.",0.5780979990959167
661,easy,,0.0
662,How to Make Friends?,Have you found that you don't know how to make friends?,0.4949420690536499
663,a task,Men see it as a special task or a game to be won.,0.17578627169132233
664,often following magazines,"""And although men's magazines such as GQand Esquire have long had shopping articles, it's TV that ha",0.16841796040534973
665,following TV shows,"""And although men's magazines such as GQand Esquire have long had shopping articles, it's TV that ha",0.26127010583877563
666,pay more attention to,,0.0
667,The chain of ecosystem will be broken.,"Ocean,forestry and wetlands are the three global ecological systems.Wetlands can conserve and purify",0.21793107688426971
668,Some laws have been passed to protect wetland.,"Ocean,forestry and wetlands are the three global ecological systems.Wetlands can conserve and purify",0.37949782609939575
669,Wetland protection keeps ecological harmony.,"Ocean,forestry and wetlands are the three global ecological systems.Wetlands can conserve and purify",0.46619927883148193
670,Proper rest time improves children's learning efficiency.,"In a recent Orange County School Board meeting, parents demanded that rest time be carried out in al",0.20907969772815704
671,The link between their pay and school's scores,"Many teachers are using that extra 20 minutes that would have been spent on the schools' scores, eve",0.14352071285247803
672,Parents struggle for the rest right for their kids in school.,"In a recent Orange County School Board meeting, parents demanded that rest time be carried out in al",0.42750656604766846
673,earn an amount of money to cover her medical expenses,"This was her first chance in months to be outdoors having fun, away from hospitals and treatments, a",0.22105209529399872
674,They wanted to help Katie from the heart,Katie was battling cancer.,0.23316241800785065
675,Bidding from the heart,So the bidding(began.,0.27983295917510986
676,Penguins lost ability to taste fish,"Penguins can taste only sour and salty food, scientists have discovered.",0.4468417167663574
677,The hummingbird.,"The hummingbird, which feeds on sweet nectar, is an exception.",0.20215573906898499
678,Some of the taste genes were missing.,"Penguins can taste only sour and salty food, scientists have discovered.",0.25416290760040283
679,"Prof Jianzhi Zhang was the lead researcher of a university in UK, and Wuhan University, China.","Taste is critical for survival in most animals, but may not matter in the penguin, which swallows fi",0.25678597535364067
680,He collects and delivers bags of laundry.,"invites applications for the following posts:
HOUSEKEEPING
Housekeeping Supervisor 
Salary: $1,200 p",0.28807732462882996
681,Housemaid and waiter.,"FOOD AND DRINKS
(for new 24-hour restaurant)
Head waiter
Salary: $1,200 per month
Experienced waiter",0.18736600266597067
682,Laundry valet and waiter.,"FOOD AND DRINKS
(for new 24-hour restaurant)
Head waiter
Salary: $1,200 per month
Experienced waiter",0.3496417701244354
683,"Tom, who has been a pool attendant for two years.","GENERAL
Car Driver
Salary: $800 per month
Clean driving record
At least 1 year of experience
Willing",0.13243764638900757
684,60 years old,"25 percent are afraid of getting old, and a third worry about life in old age.",0.17229525744915009
685,family members,Around 60 percent of the Chinese participants hope they will be taken care of by family members.,0.18732212483882904
686,The French,"According to the survey, the French hold the most positive attitude towards getting old, with 32 per",0.10157106071710587
687,Because they have got ready for old age.,"17 percent of Brazilians look forward to old age, compared with 3 percent globally.",0.19109393656253815
688,workers who feared the loss of their jobs to a machine set fire,They feared that they would lose their jobs to the machine.,0.29392191767692566
689,Because Howe had already patented the lockstitch used by Singer.,"Howe's machine had a needle with an eye at the point, and it used the two threads to make a special",0.2273624688386917
690,The Early History of the Sewing Machine,Soon the Singer sewing machine achieved more fame than the others for it was more practical.,0.3474436104297638
691,around 13,,0.0
692,are influenced greatly by the holy persons.,"Ashin has also cited movies and novels as inspiration for his songs including ""Viva Love""which was i",0.1155301183462143
693,"Before it got famous,the rock band was not called Mayday.","Formerly making music under the name of So Band, they officially came to be known as Mayday in 1997,",0.3026927709579468
694,some things about Mayday,"Formerly making music under the name of So Band, they officially came to be known as Mayday in 1997,",0.3274732828140259
695,nervous,,0.0
696,School officers can help new students join school clubs.,This can help students and parents to find different places in the school.,0.21311835944652557
697,At the end of their eighth grade year,"And, most schools also have a freshman  speech for parents and students before the first year begins",0.17023354768753052
698,To give advice to new high school students.,Most schools take students to the high school for a visit at the end of their eighth grade year.,0.5339072942733765
699,dogs' ancestors come from gray wolves,Where do dogs come from?,0.36371201276779175
700,Modern humans are from East Africa while dogs come from Central Asia.,And that led them to Central Asia as the place of origin for dogs in much the same way that genetic,0.31532350182533264
701,found the study based on many different dogs and the sample dogs' remote locations,"""It's really great to see not just the number of street dogs, but also the geographic breadth and th",0.24993206072428814
702,Greger Larson,"Greger Larson of Oxford University, who is leading a large international effort to analyze ancient D",0.24507039785385132
703,couples share the burdens,It is certainly the case today that nowadays couples benefit in different ways from relationships.,0.26805686950683594
704,they think they can live happily alone,But perhaps the knowledge that we can live perfectly well without a partnership means that it takes,0.28160804510116577
705,it takes them too much energy to work,"In theory, finding a partner should be much simpler these days.",0.3339807689189911
706,The expectations of partners and financial pressure may prevent a relationship.,Women no longer rely upon partners for economic security or status.,0.38642287254333496
707,learning about music,"For the most part, you are probably only exposed to the music that is played on your favorite radio",0.34652000665664673
708,The blues.,"For example, did you know that rock 'n' roll originated from the blues, and that the blues began as",0.2840515673160553
709,By caring about what is being expressed in music.,"While you probably know a lot about your favorite type of music, it can be a rewarding experience to",0.20893822610378265
710,by detecting the smell of alcohol in the vehicle cabin,"A high-sensitivity alcohol odor sensor is built into the gear stick  , which is able to detect the p",0.38835659623146057
711,The detection system is still in the developmental stage.,While still in the developmental stage the concept of drink driving detectors being built into cars,0.39399898052215576
712,welcome,,0.0
713,Nissan will release drink-proof cars.,While still in the developmental stage the concept of drink driving detectors being built into cars,0.4689052700996399
714,Have a sense of humor failure about your mother,Keep a sense of humor about your mother.,0.28754445910453796
715,It is unreasonable to expect our mother to change totally from the way she was brought up.,Remember your mother's age.,0.3821623921394348
716,to improve the relationship with your mother.,"TLike most big projects, learning to manage your mother well is what you should do.",0.31942448019981384
717,They will be completed in the near future.,Here are recently-selected seven wonders-to-be in the modern world which are near completion.,0.19995816051959991
718,Burj Khalifa in Dubai.,"No.2 Kingdom Tower, Jeddah, Saudi Arabia
Adrian Smith, the architect who has designed the highest st",0.2978650629520416
719,"Crossrail, London.","No.6 Crossrail, London
Crossrail is built to link east and west London through the sewers, cables, a",0.3429233133792877
720,In a traveling magazine.,,0.0
721,By comparing genetic structures.,Scientists at the University of Chicago compared the genetic structures of the Common Mormons that c,0.17605522274971008
722,The 'doublesex' gene 'tells' other genes to change the wing patterns.,"For example, one gene would control the color of the upper part of the wing, one would do so for the",0.2374049574136734
723,How Common Mormons stay safe,"Scientists believe that this special ability of the ""doublesex"" gene on Common Mormon was developed",0.31732961535453796
724,In a popular magazine,,0.0
725,recommend ways of dealing with shyness,Nearly everyone is shy in some ways.,0.44733595848083496
726,The attempt to overcome shyness is always rewarding,And don't turn down party invitations just because of your shyness.,0.36520224809646606
727,Doctors and psychologists,"You can build your confidence by
following some suggestions from doctors and psychologists.",0.19827932119369507
728,Her father gave his attention to his phone instead of her.,I came to realize that I was ignoring her as a father.,0.20220112800598145
729,surprised her a lot,,0.0
730,is a man who learns from his mistakes,,0.0
731,Because he didn't know the common kitchen utensils  .,"I wanted to know that I'd raised a boy who would never ask the woman in his life, ""What's for dinner",0.14739632606506348
732,preparing children for their future life,I'm glad that I prepared so great a present for my future daughter-in-law.,0.2559179961681366
733,acknowledged his mother's efforts,I knew that he would rather have been shooting hoops in the driveway than learning to mend socks wit,0.11523839831352234
734,made great progress in cooking.,I'm glad that I prepared so great a present for my future daughter-in-law.,0.32236722111701965
735,Boys should be involved in housework.,,0.0
736,Frequently asked questions.,,0.0
737,"A healthy diet, adequate water and more exercise will contribute.",Q : Do I have to exercise and diet in order to see results?,0.33197569869944765
738,the one-time-only transaction service ensures customers' confidence,"Q : When I place my order, it's a one-time-only transaction  , right?",0.35465574264526367
739,The official web site is your best choice.,"However, in order to achieve your best weight-loss results, we highly recommend incorporating fun li",0.3242210766721126
740,In Helmand.,"Davie, a corporal in the Black Watch, was in Helmand in April 2010 when his interpreter stood on the",0.386308878660202
741,the UK.,,0.0
742,Davie might like boxing when he was young.,"Davie, 28, has battled back from terrible injuries after a bomb blew up directly below him.",0.305707186460495
743,Because success was a strong habit for him.,"For Michael, success is a strong habit.",0.3191328856680078
744,They think it needs too much action and focus.,"The only thing is, it is much more effective!",0.41190942473343634
745,We should make success a habit.,"For Michael, success is a strong habit.",0.46119555830955505
746,be heard by people around,"Every day we notice what people are wearing, driving and eating.",0.3031245768070221
747,the brand name of clothes,"They are actually paid to go from store to store, talking loudly about Lorenzo Bertolla clothes.",0.11476951092481613
748,That traditional advertising is too direct may lead to its decreasing effectiveness.,Undercover marketing is important because it reaches people that don't pay attention to traditional,0.4131326973438263
749,Undercover Marketing.,Undercover marketing is important because it reaches people that don't pay attention to traditional,0.4700291156768799
750,It will be held in different cities.,"The Children's Book-show Competition, _ by The Independent, is taking to the roads again from the st",0.23104380071163177
751,Books worth PS150 in all.,So it's a good time to launch a competition that includes a shed-load of new books for schools as pr,0.24153293800006936
752,introduce the Children's Book-Show Competition,"The Children's Book-show Competition, _ by The Independent, is taking to the roads again from the st",0.42034226655960083
753,to see a patient,,0.0
754,cleaner,,0.0
755,It has strict rules about visiting hours.,"""Of course.I told her about the hospital rules, and she will not expect us until tomorrow.Dad will s",0.23542344570159912
756,Clever,,0.0
757,start cooking on Sundays regularly,The idea is simple: Use the one day of the week we do have time to cook -- Sundays.,0.3849186599254608
758,The poor situation of retirees,,0.0
759,the concept of saving has been well received by Indians.,"Socially, we already know that the Indians are taught the benefits of start saving early on in life.",0.22822682559490204
760,Is saving enough,"Yet, tragically, a lifetime of savings does not seem to provide enough for a comfortable retirement!",0.48774194717407227
761,commuting time in New York is too long,"New York, the nation's biggest city, is rich in culture but its lengthy commuting time and high inco",0.435011025055311
762,The number of officials who are guilty is large in Memphis.,"Memphis got third place thanks to its violent crime rate and the number of officials who are guilty,",0.4340277910232544
763,"Stockton, Detroit, Miami, Florida, St Louis.","Florida was followed in the poor ranking by St Louis, Buffalo, Canton, Ohio and Chicago, which has t",0.3892825245857239
764,the author's father was once very rich.,"As Graduation Day approached, the young man awaited signs that his father had purchased the car.",0.35534200072288513
765,a new leather-bound Bible,"Curious, but somewhat disappointed,the young man opened the box and found a lovely, leather-bound Bi",0.2271727798787838
766,had never gone home,He needed to come home immediately and take care of things.,0.3097386658191681
767,"Good fortune lies within bad, bad fortune lurks within good.","Sometimes we don't realize the good fortune we have or we could have because we expect ""the packagin",0.47053534289356563
768,he had already gained enough knowledge,"Long long ago, there was a scholar who always wanted to gain more knowledge each day even though he",0.25823095440864563
769,spare more time for themselves,"Whether it's the silence between notes in music, or some open time in your schedule, you need space",0.2983432412147522
770,story - topic - example - advice,"For example, after sending one email, take a breath before replying to another one.",0.3863238990306854
771,Their academic career can benefit from it.,"They found that, though an average physicist moved once or twice during his career, moving from a lo",0.24000621346088097
772,They ranked the physicists' institutions according to citations to these universities' paper.,They ranked the impact of the institutions these people attended by counting the number of citations,0.2134465458621835
773,It calculated the citations of the physicists' institutions.,They ranked the impact of the institutions these people attended by counting the number of citations,0.3163802921772003
774,She mistook her sister's Christmas gift for hers.,Christmas Eve was tomorrow.,0.34332457184791565
775,her mother knew what gift Stacy wanted for Christmas,Christmas Eve was tomorrow.,0.4576370418071747
776,A Christmas gift as wished,Christmas Eve was tomorrow.,0.4378983676433563
777,it was a very important food in the diet of Buddhist priests,"Buddhist priests were expected to eat only vegetables, and tofu, made from the soybean, was a very i",0.30456990003585815
778,They are preserved in the original taste.,"Even now, traditional Japanese cooking preserves the original delicacy of tofu, though the way it is",0.21071982383728027
779,eating too much animal fat is considered unhealthy,"Much of the margarine   ,salad oil and cooking oil in daily use is now produced from soybean oil.Tof",0.19722063839435577
780,we haven't got enough fresh water,"But even if every large city reused its water, we still would not have enough.",0.3253058195114136
781,remove the salt from sea water,"But about 97% of that is sea water, or salt water.",0.4527776539325714
782,The World's Water Problem,All we'd have to do to make use of sea water in the world is to remove  the salt .,0.4695354104042053
783,suffered a lot from the accident,He felt a lot of pain.,0.43736886978149414
784,He spent a lot of time preparing for it.,He felt a lot of pain.,0.4467260241508484
785,ended in the Bering Strait,"During the next few months he swam between the four continents of Australia, Asia, Africa and Europe",0.11283671110868454
786,"Where there's a will, there's a way.",,0.0
787,Philippe Croizon's amazing swim,"But it is an even greater success for Philippe Croizon, who has no arms, and no legs!",0.4578399658203125
788,have different ideas about the medical effects of cold-water swimming,"First, they must get along well with everyone else in the group; this is very important because ther",0.3599440170428827
789,cold-water swimming causes more heart attack in summer than in winter,"These  ""Polar Bears"" are people who meet frequently in the winter to swim in freezing cold water.",0.45083853602409363
790,they find it enjoyable and interesting,The Polar Bears love to swim all the year round; they find it fun and relaxing.,0.14333176612854004
791,None of the above.,,0.0
792,a group of cold-water-swimming lovers,"First, they must get along well with everyone else in the group; this is very important because ther",0.3383844901419013
793,four daughters,,0.0
794,Jo,Pretty Meg was often displeased with the schoolchildren she taught; boyish Jo was easy to become ang,0.27533515619392557
795,The March Girls,Three years later the March girls had grown into young womanhood.,0.44277969002723694
796,both happiness and sadness,,0.0
797,Ginger can destroy diseased cells in two different ways.,Scientists have discovered that ginger can kill cancerous cells in two different ways.,0.18072731792926788
798,Ginger's medicinal effects.,"For years, ginger has been used to reduce the effects of nausea .",0.4045102170970668
799,How to use ginger in daily life.,"The Mayo Clinic, however, advises the use of ginger only to reduce nausea during pregnancy.",0.33695778250694275
800,He appreciates it.,,0.0
801,They may say thank you only once.,"When squeezing past someone in a narrow aisle, people say ""sorry"".",0.21733435988426208
802,making comparisons,"It has been my impression that by avoiding criticism, English people are making an effort to make ot",0.32580435538158536
803,Breaking the News,"He'll know how to break the news to her gently.""",0.4257883131504059
804,They didn't want her to die of shock,"""The shock might kill her!",0.2255043089389801
805,the old lady would suffer a heart attack,A very old lady won a million dollars in a lottery .,0.396892786026001
806,to tell her the news,"He'll know how to break the news to her gently.""",0.405631422996521
807,The terrorists all surrendered  to the police and soldiers.,"Shortly after it left Beilen, ten miles away, the terrorists stopped the train and seized the passen",0.4908862497855102
808,The acts of violence shocked the whole country.,The twin acts of violence were not the first signs of South Molucca anger.,0.2762705981731415
809,people were in a hurry,"During that time, since it was rush hour, 1,100 people went through the station, most of them on the",0.1867389678955078
810,would urge them to continue walking,,0.0
811,find out people's reaction under such a circumstance,"During that time, since it was rush hour, 1,100 people went through the station, most of them on the",0.16592648347738514
812,set us to think about our life,,0.0
813,will increase much faster in China than in France,It is estimated to take China a mere 27 years to achieve this same increase.,0.3355872631072998
814,The diseases and disability of older people.,There are many older people in the world and there will be many more.,0.3385249972343445
815,be valued by the younger generations,Another significant problem is the need for the younger generations to understand and value the olde,0.29144260462896066
816,Providing free health care for sick older people.,There are many older people in the world and there will be many more.,0.23865562677383423
817,Unexpected things will make you excited and surprised.,,0.0
818,it will let the audience choose the performers and the music,"The audience will be given a chance to decide what songs they want to hear, which is sure to bring a",0.2896198630332947
819,4.,,0.0
820,we can enjoy a large variety of cultural activities in Beijing,"On display are more than 30 of their latest works, which capture the wondrous variety of life in uni",0.37049448695989207
821,The return of a college degree is less than often quoted.,"says Sandy Baum, a Skidmore economist who studied the value of a college degree for the College Boar",0.3570022678359537
822,By going on for higher degrees.,"But those who've gone on to earn MBAs, law degrees, or other professional degrees earn about $100,00",0.2002892792224884
823,Students from low-income families still think degrees are profitable to change their life.,"Then, if you remove the cost of a college degree--about ,$30,000 in tuition and books for students w",0.3964541554450989
824,They don't want the users to pay attention to it.,"Apple, for example, doesn't want iPhones to come closer to you than 1.5 centimeters; Research In Mot",0.2433903796617926
825,Be careful when using cell phones.,Holding a cell phone against your ear or storing it in your pocket may be dangerous to your health.,0.45598313212394714
826,Gift Ideas for High School Students,"It's almost time to head back to school, and well, it' s never too early to start shopping for those",0.35822930932044983
827,Fuji Fine Pix Z20fd.,Fuji Fine Pix Z20fd: This sub - $ 200 digital camera is the perfect thing for any high school studen,0.41259740214503227
828,newspaper,,0.0
829,they move around too much,"""It isn't like studying a large animal like a cow that doesn't move around much and is easy to find",0.27466240525245667
830,Some virus.,"""A virus or bacteria could also be doing the killing.""",0.1394953727722168
831,"Without bees, some foods would disappear from our diet.","In the U.S., millions and millions of bees kept by human beekeepers fly around doing a lot of this i",0.3702191710472107
832,no cure had been found for ALD,"Through trial and error, they finally created a cure from ingredients   commonly found in the kitche",0.3038990568783916
833,the efforts of Lorenzo's parents were a waste of time,"They thought the efforts to find a cure were a waste of time, and drug companies weren't interested",0.1910523921251297
834,only worked in theory,They said there was no real evidence that the oil worked and that the treatment was just a theory.,0.21568700671195984
835,the oil really works as a cure for ALD,"After ten years of trials, the answer is: the oil keeps ALD children healthy.",0.41505539417266846
836,tend to talk more and listen less,"In Africa, listening is a guiding principle .It's a principle that' been lost in the constant chat o",0.31994205713272095
837,often hear the stories told by strangers,"Night came, and I decided that I should come back the next day to hear the rest.",0.34023332595825195
838,the art of listening in Africa,Knowledge involves listening.,0.387178510427475
839,a cold condition,"The site, known as La Brana-Arintero, sits about 5,000 feet above sea level, and the cave provided a",0.19159209728240967
840,La BranaI's DNA influences his appearance.,"When it came to genes that would influence La BranaI's appearance, the researchers found that their",0.4172843396663666
841,smart in operation,,0.0
842,can make us relaxed and be creative,"Often, standing up seemed to relax your mind enough for you to get over creative barriers.",0.25246328115463257
843,weakening,"The typhoon, which hit the eastern Philippines over the weekend, has blown down trees and sent more",0.320030152797699
844,The central Philippines.,The central Philippines is still trying to recover from last year's massive storm waves.,0.16522204875946045
845,It brought about a lot of deaths.,,0.0
846,six tablets a day.,"For children six to twelve years old, give half the amount for a grownup.",0.29705023765563965
847,the medicine could cause some people to feel nervous.,"Read the following directions on a bottle of medicine:
    ""Take two tablets with water, followed by",0.1331663429737091
848,take less than two tablets before going to bed.,"Read the following directions on a bottle of medicine:
    ""Take two tablets with water, followed by",0.3893067538738251
849,may be dangerous to small children.,"For children six to twelve years old, give half the amount for a grownup.",0.39806437492370605
850,have diet trouble in the future,,0.0
851,Having a slim body.,Studies have shown young girls worried about their body image are more likely to suffer from eating,0.21849985420703888
852,avoiding complaining of their own bodies,"""The media have a great effect on how young girls see their bodies.",0.28639620542526245
853,introduce a new research finding,But a new study suggests watching a movie starring astereotypically thin and beautiful princess may,0.35027480125427246
854,LCA can help manufacturing industries decrease carbon release a lot.,"The United Kingdom, for example, is concerned about transport, buildings and new energy in reducing",0.32386577129364014
855,Small in size,,0.0
856,Low-carbon Economy -a Shared Goal,"In terms of energy saving and green economy, China doesn't _ developed nations,"" said Zhou Changyi,",0.41346848011016846
857,She was watching the old man.,The old man was really good at fishing and it didn't take him much time to catch a basket of fish.,0.14047831296920776
858,In a basket.,"""It won't take long to eat all the fish in the basket.",0.2531408965587616
859,Because she wanted the old man's fishing rod.,An old man was fishing by a river.,0.4475019574165344
860,silly,,0.0
861,"""fishing skills"" are more important than the ""fishing rod"" in life","Fishing skills are the most important, not the fishing rod.",0.6648864150047302
862,Cartoon making,Animation means making things which are lifeless come alive and move.,0.4253489375114441
863,was designed by Pat Sullivan in the early twentieth century,"But not until this century have we managed to take control of movement, to record it, and in the cas",0.36008607499080414
864,the animation industry started in the United States,"But not until this century have we managed to take control of movement, to record it, and in the cas",0.3147883308659139
865,Cartoon making is not a difficult job. Anyone can do it.,Animation means making things which are lifeless come alive and move.,0.2524173855781555
866,show his humor,"""Since he was reelected,"" he said, "" the number of popes  has doubled and the number of Tonight Show",0.22939017415046692
867,bangs,"You might remember the ""bangs""  that the First Lady introduced to the world several months ago!",0.241754949092865
868,A radio program.,,0.0
869,"The Choctaw word ""okeh""",The word is used more often than any other word in the world.,0.2497454434633255
870,Cancer industry is very profitable.,Because the only big winner in the cancer treatment story to date has been the cancer industry's mul,0.30366233880552534
871,To recommend a video.,"In this video, you'll discover five specific signs that you will be diagnosed   with cancer during y",0.3819079101085663
872,In the Expo City.,"I.Basic Requirements for Volunteers
*   Be willing to participate in voluntary services of Expo 2010",0.15642042458057404
873,General training.,"I.Basic Requirements for Volunteers
*   Be willing to participate in voluntary services of Expo 2010",0.22187118232250214
874,Emergency First aid.,* Information booth volunteers are stationed in the Expo's information booths at key transportation,0.047195158898830414
875,it was a way to train them to obey people,"In my view, you hit an animal for only two reasons: as a way to teach it an important lesson to prot",0.26450430661441365
876,To show that animals are treated unfairly by humans.,"Wouldn't the world be a boring place if we didn't occasionally hit, shoot and chase animals?",0.2693067193031311
877,The author cannot accept anyone who hits the animals.,"Donna is 19 years old and loves animals, which is why I'm always happy to leave my dog with her when",0.4595142900943756
878,Show Animals the Respect They Deserve.,"At the very least, they deserve our respect.",0.37393563985824585
879,a job that you choose is your decision and is suitable for you while one that you find often isn't,Choosing the right one is a difficult task.,0.21927735209465027
880,The first step is to completely know yourself and your special qualities which make you different from everyone else.,"Experts believe that there are about 40,000 different types of jobs in the world.",0.28227922320365906
881,asking for the advice of your parents' friends,Do not ask your parents' friends for information.,0.3422047197818756
882,a young bank clerk is a full-time worker and can tell you about the interesting or boring things at work,A younger person will be able to describe a normal day at work and tell you about the interesting or,0.3640669286251068
883,an advertisement,,0.0
884,Travelers Insurance Company provides services of accident insurance.,This insurance provides total medical expense and a weekly income in case a key man is disabled for,0.3888537585735321
885,The boss of a company.,"Then get together with Travelers Insurance Company, and let us tell you how little it costs to apply",0.2677469253540039
886,Because the double pay is for two persons.,Then you'd be faced with double paying for one job because stopping the pay of an injured man would,0.13295617699623108
887,won't get much from the firm,Suppose a key man in your firm had just met with a terrible accident.,0.13879995048046112
888,astonished,,0.0
889,hotel owners' designing to encourage tourism,This raises suspicion   of an intention to increase tourism.,0.25669142603874207
890,Most likely the monster Nessie does not exist at all.,It is 80 years since the Loch Ness monster   was spotted for the first time.,0.3551519215106964
891,people living in Chester City with an illness or disability,"As long as you live in Chester City, we'll provide a wide range of library services and resources in",0.1585281789302826
892,Books with different languages are available.,"Talking books and captioned videos
The library can provide talking books for people who are unable t",0.3582286238670349
893,register ahead of time.,Contact the Library Special Needs Coordinator to register or discuss if you are eligible for any of,0.23473210632801056
894,Because sunlight is highly focused in the desert.,"""This is actually one of the highest concentrations of sunlight in the world, out here in Ivanpah.""",0.20723780989646912
895,Because the sun's thermal energy can be stored in the form of molten salt.,The world's largest solar thermal plant is set to begin producing power in the United States by the,0.28925010561943054
896,cautious,,0.0
897,The True Value of Friendship,This is an important trait   when it comes to friendship.,0.37701088190078735
898,Friends can help you out of trouble and share their feelings.,Every once in a while you will find that you have a problem which your friends can often help you ou,0.47118717432022095
899,She had a perfect way to educate children.,"I want all our children to go to schools worthy of their potential--schools that challenge them, ins",0.2809839267545925
900,ambitious and considerate,,0.0
901,The only way to settle the differences in the world is through violence.,But then the two of you came into my world with all your curiosity and mischief and those smiles tha,0.3411454736738133
902,Apologizing to his daughters for his not being able to stay together with them for such a long time.,"And I want them to get good jobs: jobs that pay well and give them benefits like health care, jobs t",0.32047268323234523
903,will have the opportunity to work with governors,"We offer:
*a brand new school building
*the opportunity to work in close partnership with the head t",0.31307873129844666
904,has a woman head teacher,"Deputy Head Teacher Wanted
Position:Deputy head teacher
Employer:Bracknell Forest Council
Published:",0.2984885573387146
905,"A person who sends the required application form on January 13,2012.","If you have not heard from us two weeks after the closing date,that means your application has not b",0.2789125144481659
906,five times,,0.0
907,until he made sure the words were really written by Mr Smith,"The butcher read it carefully, recognized that it was really the lady's handwriting and soon did it",0.2272554188966751
908,amusing,,0.0
909,the butcher found himself tricked by the dog,"Holding the piece of paper in its mouth, the dog ran to the butcher's.",0.41403913497924805
910,16,"Before the crackdown, six people who allegedly fabricated   rumors about ""military vehicles entering",0.13389834761619568
911,Not all netizens can distinguish truth from fiction on the Internet.,"Fake information or rumors spread through the Internet, especially on micro blogs, have harmed socia",0.3879463748917547
912,Micro-bloggers,,0.0
913,the population of the United States includes a large variety of ethnic groups,The great diversity of ethnic backgrounds has produced religious pluralism ; almost all of the relig,0.4105984009145843
914,He just states the facts.,The great diversity of ethnic backgrounds has produced religious pluralism ; almost all of the relig,0.2973638730777631
915,Why American Culture Is Unique,American culture is unique because it is formed and developed under certain conditions.,0.35942524671554565
916,A love for reading.,Why is reading such an enjoyable pastime for me?,0.24340662360191345
917,it will soon disappear,"What a pity to see our imagination disappear, for we don't exercise it often.",0.1916179656982422
918,Why do I love reading?,The greatest gift she has given me is a love for reading.,0.3773375153541565
919,prove that size and shape of skulls does not show accurately what early humans ate,"Traditionally, scientists had looked at the size and shape of teeth and skulls (  ) to figure out wh",0.33762689624328285
920,will increase in the value in the future,The savings you make today will pay off in increased earnings in the future.,0.24792596697807312
921,It's better to save early and regularly.,"You may not be able to save enough for all four years' fees, but you could save enough to give your",0.26788127422332764
922,Parents.,,0.0
923,Why We Should Save for Children's College Costs,"By saving for college, families will have less burden of paying off loans and help their children le",0.5233619378254343
924,To show how much alcohol can hurt people.,Do you know how we all felt when he hit another car and killed the two people in the other car?,0.3493640720844269
925,It made him get into a car accident and badly injure himself.,"Sure, you've made people happy too from time to time.",0.3414861857891083
926,Critical.,,0.0
927,keep a healthy diet,It will even keep in mind your likes and dislikes!,0.3443711996078491
928,Corbett didn't want to hurt Wellman.,"Then, after Wellman pulled himself up the rope, Corbett went down to remove the spikes and climbed u",0.27345821261405945
929,He stopped rock-climbing for some time.,"This process was repeated time and again, inch by inch, for 13 days.",0.355339914560318
930,To climb it again after falling down,"In all, Wellman figured that he had done 5,000 pull-ups up the rope on the climb.",0.2275179922580719
931,friendship is precious in life,"""Your partner can save your life -- you can save your partner's life,"" Wellman said as the pair rece",0.5348866025062242
932,Twain's attack on racism was much less open.,And he surely deserves additional praise: the man who popularized the clever literary attack on raci,0.23812149304614977
933,"frequent use of ""nigger""","One is left uneasy, for example, by the lengthy passage in his autobiography   about how much he lov",0.17871628633570075
934,Jim grew up into a man and a father in the white culture.,"Lincoln, who believed the black man the inferior of the white, fought and won a war to free him.",0.3129561245441437
935,blacks' social position was shaped by how they were brought up,"The point was difficult to miss: nurture  , not nature, was the key to social status.",0.3223680555820465
936,Twain had done more than his contemporary writers to attack racism.,Mark Twain has been called the inventor of the American novel.,0.3153206408023834
937,Internet May Cause Depression,Even people who spent just a few hours a week on the Internet experienced more depression   and lone,0.3606261047527855
938,They had expected the opposite results.,"They expected that the Net would prove socially healthier than television, since the Net allows user",0.30668920278549194
939,Net users had less time to communicate with other people.,"And it wasn't that people who were already feeling bad spent more time on the Internet, but that usi",0.3536003145461896
940,the problem doesn't lie in technology,"""But it's important to remember this is not about the technology; it's about how it is used,"" says p",0.21094189584255219
941,Surfing the Internet for fun during office hours increase productivity.,"""Having a short break, such as a quick surfing of the Internet, helps the mind to rest itself,leadin",0.4095647070356032
942,Reading online novels.,"""Firms spend a lot of money on software to _ their employees from watching video, using social netwo",0.24474342169421812
943,give us some tips on how to protect wildlife through small actions,Here are some tips on how to protect wildlife through small actions.,0.48058781027793884
944,Animal diseases.,,0.0
945,Environment,,0.0
946,the quality of South Korea's products is high,One reason is that its products are of high quality and much cheaper than western products.,0.36400067806243896
947,by giving examples,,0.0
948,Hallyu Makes Waves across the World,What makes Hallyu so hot in Asia?,0.37824785709381104
949,he fell in love with it,,0.0
950,was greatly attracted to trains since early childhood,"""I've liked trains probably from the day I was born,"" he told Good Morning America.",0.23098109662532806
951,the trains then weren't accessible to the disabled,He said that he and his workers would work on making a train accessible to disabled people.,0.2519957423210144
952,trainers,,0.0
953,To support his argument.,,0.0
954,He has a severe stutter.,"I attended a school prize-giving ceremony not so long ago and the guest speaker was Andrew Becroft,",0.2911185920238495
955,An Investigation into the Role of the Brain's Hemispheres.,But it was possible to find out which brain hemisphere was most involved in speech and other functio,0.3050125724347977
956,two different words in different ears,"People who have speech represented  in the right hemisphere, a very unusual occurrence even in left-",0.16367045044898987
957,have little difficulty in reporting words given to their right ears,But it was possible to find out which brain hemisphere was most involved in speech and other functio,0.2711387540620495
958,the left ear of right-handers,"This seems to be related to the fact that signals from the right ear, although sent to both hemisphe",0.265816022410097
959,There are few color1-blind women.,"Women are luckier, only about one in two hundred is affected in this matter.",0.16039524972438812
960,color1 blindness,There are different forms of color1 blindness.,0.4618009030818939
961,tell orange from yellow,"He may think that red, orange and yellow are all shades of green.",0.445609450340271
962,.blue light,These help us to see in a bright light and to tell difference between color1s.,0.23095624148845673
963,attracting a lot of travelers,,0.0
964,to see the sunset,"In the tropical  lands, the sun drops, like a ball of golden fire, into the sea, and it droops so qu",0.18559608389679558
965,Tall hotels.,"They found the beautiful white sand beaches and the waving palm trees, but there were no giant hotel",0.25927263498306274
966,Hawaii A Magic Name.,"For many years, Hawaii has been a magic name to people who like to travel.",0.4722502529621124
967,the previous Friday when Michelangelo virus was due to strike,"The eponymous Friday-the-13th virus is due to strike this week, and the Maltese Amoeba may detonate",0.9004997611045837
968,just those computer programs created by malevolent designers,So many warnings were sounded that most computer owners either fed anti-virus programs into their sy,0.20467731140157303
969,The bug's bark was worse than its bite.,,0.0
970,to commit crimes,,0.0
971,Three singers will perform it to gether at the opening ceremony of the 2014 World Cup.,"Fifa has announced a track by Pitbull and Jennifer Lopez as the official the me
song for the 2014 Wo",0.3996626878737931
972,His songs have been well received.,,0.0
973,popular,,0.0
974,He appreciates Brazilian music.,"Pitbull said,""I truly believe that this great game and the power of music will help unify us,because",0.22952063381671906
975,We Are One has been chosen as the theme song of the 2014W0rldCup.,"We are one,which also features Brazilian singer Claudia Leitte,will be performed at the
opening cere",0.44153822398444337
976,luck,,0.0
977,had fallen in love with the king's daughter,Long ago there lived a powerful king.,0.3420713543891907
978,the young man trusted the princess completely,"As he entered the arena and his eyes met the princess's, the young man knew that she knew behind whi",0.48368889290964806
979,The princess would lose her lover regardless of what happened.,"To this lady he would be immediately married, in honor of his innocence.",0.3945648968219757
980,The question of it is left open by the author.,"The more we think about this question, the harder it is to answer.",0.28786975145339966
981,lack self-confidence,"Parents of my fellow classmates often tend to be anxious about the studies of their children, which",0.07961386442184448
982,parents' behavior influences their children both physically and mentally,"Even so, parents must be a fundamental force that positively influences their children.",0.43976348638534546
983,parents,Parents are literally their first teachers and serve as role models.,0.35158655047416687
984,It is the first planet in outer space where life may survive,"It is the first planet in a ""habitable zone"" outside the solar system.",0.49424445629119873
985,look for Earth-like planets in the Milky Way galaxy,It was designed to examine a small part of the Milky Way galaxy and search for places like the Earth,0.3123425841331482
986,The new planet's distance from its star decides on the possibility of life existence.,"Most are much larger, but it is the new planet's distance from its star that is important.",0.5573835968971252
987,a memorial building,"And as Mumtaz lay dying, she asked Jehan to build a lasting memorial   to celebrate their love.",0.2854435443878174
988,1632,,0.0
989,tell the world that they were intelligent,,0.0
990,be difficult to get rid of at present,"But till now, how to get rid of the terrible remains a problem.",0.27781984210014343
991,all the information stored in the computers is gone,"On October 12, 1987, some Chinese scientists were working at the computers to look for information t",0.3595065772533417
992,Scientists are trying to find a way to get rid of the viruses,"But till now, how to get rid of the terrible remains a problem.",0.38056886196136475
993,He senses when patients are to die.,"He'd smell and observe patients, then sit beside people who would end up dying in a few hours.",0.28797274827957153
994,"As Death Comes Calling, So Does Oscar the Cat","Doctors say most of the people who get a visit from the sweet-faced, gray-and-white cat are so ill t",0.36558374762535095
995,58 hours,,0.0
996,Everybody's Baby,,0.0
997,forbid the use of social networks during work time,Social networks offer the opportunity for people to re-connect with their old friends and acquaintan,0.1933169355382482
998,remind people to wisely use social media,"It is up to each user
to use social sites wisely to enhance their professional and social life, and",0.4906589686870575
999,Be a good example to your kids.,Limit the TV to at most two hours a day for kids over two years old and no TV at all for kids under,0.2695135772228241
1000,one of the members saw the boat,"One day, Glenn Furst's mother put oil on the kitchen floor just before the inspector entered their h",0.21958810091018677
1001,make her home look tidy,"A few times each year, an inspector arrived to look over the entire light station.",0.1925923228263855
1002,a cloth covering something,"In an effort to clean up quickly, Mrs. Byrnes tossed all the dishes into a big bread pan, covered th",0.1931765744047851
1003,to try his best to keep steady,,0.0
1004,To offer advice on giving complaints in English.,"In English, you'll sound more polite if you use indirect language.",0.40154215693473816
1005,state our complaints politely,"Here are some examples:
""I'm sorry to bother you..."" Starting a complaint like this puts the listene",0.28558739034757097
1006,Because it can help solve the problem more easily.,"""Can you help me with this?""",0.4523713290691376
1007,"""Hey! You're trying to cheat me!""","You're trying to cheat me!""",0.38366204500198364
1008,deg@waikato.ac.nz,"Bachelor of Music and Bachelor of Education are only for New Zealand citizens, for further informati",0.3813111264719642
1009,Everyone can't choose the Bachelor of Music.,"Bachelor of Music and Bachelor of Education are only for New Zealand citizens, for further informati",0.4401027002930741
1010,See a doctor at the school medical centre.,"Sports
The Centre is a great place to have sports activities.",0.3001323938369751
1011,home after work,"Mr. Williams, who was always a very careful driver, was driving home from work one evening when he c",0.09071693569421768
1012,was driving slowly,"Mr. Williams, who was always a very careful driver, was driving home from work one evening when he c",0.22221247851848602
1013,he didn't have to stop,"At other crossroads, drivers have to go slow, but they do not actually have to stop unless, of cours",0.19945317923372338
1014,he realized that he himself was mistaken,,0.0
1015,experience different cultures,"When he returned to his hometown Boston, he decided to turn the experience into a website-based netw",0.17653119480467114
1016,all people do not accept couch surfing with delight,"Couchsurfing is free, and guarantees a close encounter of some sort, as it allows you to stay on a l",0.43199780583381653
1017,Supportive.,,0.0
1018,The Easter Egg Roll,"Finally,don't forget the Easter Egg Roll on Bank Holiday,9th April,staring at 11 a.m. Bring your own",0.5606845759181853
1019,collect stories about the community,"Warley Woods Community   Trust
Welcome to our third newsletter of the year!",0.2621643841266632
1020,inform people of the coming events,The group will be meeting again and will start to interview the local people who have offered to tel,0.44797343015670776
1021,the process of reaching decisions,One mistaken idea about business is that it can be treated as a game of perfect information.Quite th,0.24634833417998336
1022,1uck,,0.0
1023,Just the opposite.,,0.0
1024,accept the existence of unknown factors,One mistaken idea about business is that it can be treated as a game of perfect information.Quite th,0.1383603913942391
1025,had not changed much,and felt much thankful.,0.26815494894981384
1026,related,,0.0
1027,thin and friendly,"He was thin, but he was built to be lean; and he was still, or again.",0.4024202525615692
1028,was pleased to see Rick,He felt so surprised to see Rick.,0.4229606091976166
1029,cared about each other,,0.0
1030,she couldn't get along well with her classmates,"I would ask her a question, and I could tell she thought I was a total fool.",0.2563058137893677
1031,By keeping smiling at Lucy.,"But, I kept smiling at her, though she rolled her eyes, and I kept telling her she looked beautiful,",0.39313963055610657
1032,Making friends means losing enemies.,"Finally, Lucy let me talk to her, even in sight of her ""cool"" friends.",0.43335285782814026
1033,change the way we make many products,"Last year, though, saw a big change in the 3-D printing industry--- printers became much cheaper.",0.228962242603302
1034,The 3-D printer became more affordable forconsumers.,"Instead of ink, the materials the 3-D printer uses are mainly plastic, resin  and certain metals.",0.31705634500539076
1035,Printing out everything,"Last year, though, saw a big change in the 3-D printing industry--- printers became much cheaper.",0.32664957642555237
1036,remember his mother,"I chose December 15 as the starting date, which marked three years since my mother died from heart d",0.13177131116390228
1037,he was considered ridiculous,,0.0
1038,he thought more for others,She always thought of others first and certainly serves as an inspiration to me.,0.2621215283870697
1039,human's good nature,,0.0
1040,5 tips for apologies that work,How do apology languages work?,0.4597692124015576
1041,"""I was wrong.""","Note that it is easier to say ""You are right"" than "" I am wrong"", but the latter carries more weight",0.22310684621334076
1042,return the money from the truck,Police said that witnesses reported seeing people load money into their cars and drive off while the,0.26353877782821655
1043,limit our time in front of the screen,"To make a long story short, we just don't have the time to communicate with people in person anymore",0.2214159071445465
1044,thinks the Net brings bads and goods,,0.0
1045,a life magazine,,0.0
1046,Just to find scientific proof for a previous guess.,"In an attempt to prove the guess that speaking two languages is good for one's mind, the team monito",0.24669290877263506
1047,Speaking two languages is an easier way for people to increase their brain power.,"In an attempt to prove the guess that speaking two languages is good for one's mind, the team monito",0.26745653800878544
1048,Being bilingual strengthens brain power.,"Learning a second language can improve brain power, scientists believe.",0.3101516506523899
1049,They could better fix their attention on something of importance.,They were better able to focus on to the important information -- the speaker's voice -- and block o,0.19077076017856598
1050,why slow food is so important,"Characterized by Slow Food International as ""good, clean, and fair food,"" slow food must enrich the",0.48443674162354716
1051,developing a loose relationship with food producers,"In 1986,when Carlo Petrini first coined the term ""Slow Food,"" he organized locally in his native Ita",0.1906434487627142
1052,Unsatisfied.,,0.0
1053,human activity,"Each year, human activity causes billions of tons of greenhouse gases to be released into the atmosp",0.23242994628713343
1054,analyzing a theory and arguing it,,0.0
1055,exactly the same,,0.0
1056,Are Humans Definitely Causing Global Warming?,The only way to prove with 100% certainty that humans are responsible for global warming would be to,0.4353570342063904
1057,Are something that protect drivers from injury in car accidents.,"In Australia, where there is such a law, death in car accidents have reduced to twenty-four percent.",0.287525475025177
1058,research,,0.0
1059,More drivers in the country wear seat belts.,Unfortunately seat belts are worn only by a small number of drivers and passengers _ about fifteen p,0.4652855694293976
1060,Some people agree that those who do not wear seat belts while driving should pay money for it.,"In order to find out what kinds of people do wear seat belts, a study was made in several cities in",0.3663387596607208
1061,A study on seat belts,One study showed that forty percent of those killed in car accidents could have been saved if they h,0.38098520040512085
1062,they bring in great profits,"If you want the buyer feel superior to the character selling the product, then make that person so s",0.20619456470012665
1063,to persuade people to buy the product,"We, in turn, buy the product.",0.38915878534317017
1064,ad designers attract different people with different skills,Put some people in the ad who work with their hands.,0.22670456767082214
1065,people do not think highly of TV commercials,A TV commercial can cost more than $6 000 a second.,0.4015646278858185
1066,begin by receiving on-the-job training,A simple job like taking tickets requires four eight-hour days of training.,0.3001834750175476
1067,Because they want to gain a better view of the company's aims,"Here, they learn about the company's history, how it is managed, and why it is successful.",0.2920038104057312
1068,Tourists learn the history of Disney in its entertainment parks.,"Thousands of people pass through the gates of Disney's entertainment parks in California, Florida an",0.5101491808891296
1069,the importance Disney places on serving people well,"Thousands of people pass through the gates of Disney's entertainment parks in California, Florida an",0.4651089906692505
1070,Working in the chemical industry is safer than traveling by air.,"Which is safer --- staying at home, traveling to work on public transport, or working at the office?",0.5192617177963257
1071,they often cause loss of life,Some of these are always in the minds of the people even though the loss of life was small.No one di,0.25832682687056013
1072,Flixborough,The trouble with the chemical industry is that when things go wrong they often cause death to those,0.15711656212806702
1073,"fertilizer, which can't be stored in a great quantity",Some of these are always in the minds of the people even though the loss of life was small.No one di,0.2431073592063979
1074,all these accidents could have been avoided or controlled if effective measures had been taken,Some experts have discussed these accidents and used each accident to illustrate a particular danger,0.30716660618782043
1075,The shaper of American English.,"""He was the shaper of our language and the shaper of American identity,""said Joshua Kendall,who is w",0.35194703936576843
1076,"dropping ""u"" in all the British words","He dropped the British ""u"" in some words.",0.2953433096408844
1077,Meaningful.,,0.0
1078,Because he wanted American English to have its own characteristics.,"And he changed ""centre"" into ""center"" for children to learn English by spelling words more like they",0.2023850828409195
1079,In 1800.,,0.0
1080,The Byrds,"Also developed in the mid-1960s, folk rock was pioneered by the US band The Byrds, who began playing",0.1446794718503952
1081,blues rock gained a second birth in the 2000s,"As the root for several contemporary rock styles, such as heavy metal and hard rock, blues rock had",0.5207942724227905
1082,They can hardly tolerate it.,,0.0
1083,To introduce some common rock music to the readers,"Folk rock
Representative artists: Bob Dylan, Simon & Garfunkel, The Byrds
As the name indicates, fol",0.46429291732818245
1084,Kind and optimistic.,,0.0
1085,He wanted to give the girl hope.,"My father suffered a disease once,  but he was an optimist .He wanted to dosomething to keep himself",0.18195413053035736
1086,They are not worth helping.,"In giving to a beggar one may indeed be helping a person who badly needs help, but one cannot be cer",0.27958108879277693
1087,He is not convinced they will use it rightly.,"But surely among the street people there are also some who can rightly be called ""deserving.""",0.1789885014295578
1088,after he had listened to a famous piece of music,"""We can save two children, 20, 200, 300, 500 through education and music, and these children will ma",0.256279855966568
1089,to see her father recover from the injury quickly,Joseph's daughter Victoria spent three terrifying days unsure of her father's fate.,0.2673579156398773
1090,To change the life of children by teaching music.,Music had changed his life.,0.4539703130722046
1091,Haiti earthquake: a story of a music teacher,Music had changed his life.,0.3555707335472107
1092,In 2010,,0.0
1093,Brave and determined,,0.0
1094,It made her experience happiness and better understand life.,"They might make life more comfortable, but you really don't need them to be happy.""",0.22307658195495605
1095,The parrot imitated the fire alarm at Shanna's house.,"But she was amazed to see an African Grey Congo parrot stopped on a water bucket
 
 
The noisy parro",0.3790683007785755
1096,Control your recovery rate and reach your personal best.,What is your recovery rate?,0.5871113538742065
1097,"As for sportsman, the faster they can forget a lost chance, the worse their performance will be.","You are well aware that the faster you let go of an issue that upsets you, the faster you return to",0.44151225686073303
1098,Life-fun,,0.0
1099,one can learn how to paint on pottery,It's creative fun for everyone to paint your own pottery !,0.2840142548084259
1100,An American graduate who is good at Chinese.,"sumplastpl@hotmail.com
l Chinese-English Translator
This is an excellent opportunity for recent grad",0.2698189133071976
1101,send an email to artworkdeal@hotmail.com,Our email is artworkdeal@hotmail.com.,0.5115498304367065
1102,Airport Car Rentals With Drivers.,We will be there to meet you on your arrival at the airport and drive you to your destination in com,0.29078784584999084
1103,was very important to the development of mankind,Some scientists say that it was the key to success of mankind.,0.26223990321159363
1104,compare the effects of two kinds of tools,They made these tools by hitting one stone against another.,0.30518031120300293
1105,hard to predict,,0.0
1106,Goods are much cheaper during this period of time.,Much of that marketing drive is directed towards thousands of foreigners and foreign companies that,0.2415628284215927
1107,Few Chinese people feel they are connected with Christmas celebrations.,"Most Chinese may feel little connection with the Christmas celebration, but with most shops offering",0.45133745670318604
1108,They want to follow the up-to-date western fashions.,"With an increasing number of westerners arriving in the city for work, young Shanghainese, eager to",0.21032500267028809
1109,People can use it as a way to do mental exercise.,"""Trying new things like that is good mental exercise,"" he says.",0.29461950063705444
1110,The traditional customers of Apple's products are usually the young.,"It's probably a market where Apple has least entered, "" Cordwell says.",0.33410874009132385
1111,Fathers taking their corn to market.,Shundagarh is a village on India's east-facing coast.It is a village of simple mud and grass houses,0.2799470126628876
1112,He only depended on good weather and harvest for survival.,"Last year the weather had been so kind,and the harvest promised to be so good,that Jalpur had been w",0.37228402495384216
1113,spend his last days with his son and his wife,"Last year the weather had been so kind,and the harvest promised to be so good,that Jalpur had been w",0.15261231362819672
1114,He set his corn on fire so the people of Shundagarh would leave the beach.,Shundagarh is a village on India's east-facing coast.It is a village of simple mud and grass houses,0.2440894991159439
1115,Because she contributed to saving the wounded.,"When World War I began, Irene went to help her mother, who was using X-ray facilities  to help save",0.22269099950790405
1116,At the Curie Institute.,"Most people know that Marie Curie was the first woman to win the Nobel Prize, and the first person t",0.1583891212940216
1117,Irene won the Nobel Prize once.,"Most people know that Marie Curie was the first woman to win the Nobel Prize, and the first person t",0.3119067847728729
1118,Man Vs Flu Virus,As flu B virus may cause a widespread epidemic but will have little effect if introduced into the sa,0.3609211069942438
1119,"B Virus is unstable, and is responsible for the epidemics that cause frequent concern.","The A and B types are unstable, and are responsible for the epidemics that cause frequent concern.",0.20388799905776978
1120,The immunity the virus can bring about.,A particular virus may be related to one to which some of the population have partial involved immun,0.12067604926495833
1121,a special science report,,0.0
1122,unwilling until his father corrected his misunderstandings about life in the North,"I was only eighteen months old at the time of the move, and it didn't make much difference to me whe",0.26380703360857644
1123,although Tom was born in New England he liked the way of life and culture in the South,"I never told my schoolmates I was a Yankee, because they talked about Yankees in a scornful way whic",0.32855487030149755
1124,Microsoft and AOL failed to take on Zuckerberg as a member,"Zuckerberg grew up in prefix = st1 /Dobbs Ferry,New York.",0.3550795614719391
1125,20,,0.0
1126,"He started making computer programs, communication tools and games.","Zuckerlrg enjoyed making computer programs, especially communication tools and games.",0.33274510502815247
1127,Creative.,,0.0
1128,at or after five or six months old,Some people thought babies were not able to learn things until they were five or six months old.,0.2177768498659134
1129,body language,,0.0
1130,what affects people's healthy development,"Not long ago, many people believed that babies only wanted food and to be kept warm and dry.",0.26723232865333557
1131,The result of the intelligence and motor skill tests.,They were asked to complete intelligence and motor skill tests in their homes.,0.4906744956970215
1132,"A simple, slow-paced life.",,0.0
1133,The International Institute of Not Doing Much.,"To Whom It May Concern:
Your address was forwarded to us by How to Magazine.All of us here think The",0.24808935821056366
1134,Recycling paper resources whenever possible.,"All we hear is the scratching of pencil on paper, the sound of pigeons, and the delivery of inter-of",0.4037042558193207
1135,She sometimes helps fertilize the lawn outside the sauna.,"As a matter of fact, we closely followed the advice in your article.First, we replaced all our telep",0.2883411988790069
1136,to express his gratitude for the good advice.,"As a matter of fact, we closely followed the advice in your article.First, we replaced all our telep",0.30011026025608933
1137,he respected the elderly,"When I told the couple in the restaurant that I respect the elderly, they got angry because this cau",0.22579538822174072
1138,unhappy,,0.0
1139,people are proud of being old,"In my village in China, people are proud of being old.",0.46347346901893616
1140,changed his way with older people,"After that, I changed the way I had been with older people.",0.5481309294700623
1141,"From this experience, Jack learned more about American culture.","When my family moved to America from a small village in Guangdong, China, we brought not only our lu",0.35218685440569086
1142,a pilot,,0.0
1143,Spring babies may have the bigger chance to get ill,"Spring babies are at greater risk of illnesses including schizophrenia, Alzheimer's disease, asthma",0.4392906725406647
1144,There exist connections between birth date and occupations,"Although these trends may be difficult to explain, relations between birth months and specific healt",0.40672962457228756
1145,shows films made by children,"""A lot of the material is really mature,"" Ms. Gardner said, talking about films by the New York City",0.2027260959148407
1146,It provides arts projects for young people.,"But what about
young filmmakers who aren't in film school yet and aren't, strictly speaking, even ad",0.2722606360912323
1147,cover different subjects.,,0.0
1148,an open reception,The festival will end with an open reception at which other films will be shown.,0.13385669887065887
1149,"Moving My Car, Moving My Heart","We got a date from the moving company to move our belongings, but we weren't sure what to do about t",0.348169207572937
1150,satisfying,,0.0
1151,a bus tour company,"Providing more than just a great way to travel around the capital, founded nearly 60 years ago at th",0.1916202358775402
1152,draw the reader's attention,,0.0
1153,There are not English-speaking guides on all the routes.,Live English speaking guides appear on the yellow route service.,0.21048659086227417
1154,expressing his grand passion for poetry,"Not surprisingly, the readers' own experiences may play a part in the way they respond to these poet",0.29035115242004395
1155,hardly worth the fear,"In other words, Keats's fear is that death is a 'nothingness' that will arrive before he can finish",0.13780944049358368
1156,their own life experiences affect the understandings of the poems,"Keats is afraid of death, because to him death means the loss of those things that make his life wor",0.24903935068645852
1157,Comparison.,,0.0
1158,some expert has given a warning.,"""I don't support warning labels for cellphones,"" said Linet.",0.324357807636261
1159,the worrying is unnecessary.,"Whether it could or not, some people are worrying about the possibility that phones, power lines and",0.26158806681632996
1160,Objective.,,0.0
1161,these young men were willing to cooperate in face of difficulties,In these young men we saw the angry revolutionary spirit of the times.,0.4437761902809143
1162,Conditions of the prison were far more unsatisfactory in 1964.,"The new prisoners were shocked by what they considered the inhuman conditions of the island, and sai",0.4095375499099018
1163,The discontented youths and the freedom fighters,"During the Rivonia Trial, I remarked to a security policeman that if the government did not reform i",0.36572131514549255
1164,they watch TV too often,"It' s time to take the car away, to turn the TV off, to tell them it hurts you more than them but it",0.358841210603714
1165,discipline,,0.0
1166,when children are allowed to do what they wish to,We stopped making our children do homework.,0.3324751555919647
1167,it's time to be more strict with our kids,It's time for parents to end their vacation and come back to work.,0.3676694333553314
1168,We should use our cell phones wisely.,Studies have shown that new drivers are especially prone   to have an accident when they use a cell,0.48655062913894653
1169,Because they are more likely to be distracted.,"In some studies, drivers themselves admitted that they sometimes become distracted when they use any",0.1594526469707489
1170,warn readers the danger of using a cell phone while driving,"However, actually using a cell phone while driving can be life-threatening.",0.6421653032302856
1171,the taxi driver didn't want his mood ruined,"My taxi driver stepped on his brake, skidded , and missed the black car's back end by just inches!",0.13019008895099163
1172,A book review,It is a fascinating book for a new generation of sci-fi readers.,0.27320989966392517
1173,he did something that a possible terrorist could do,"Marcus stops a military vehicle to get help for his injured friend, but this simple act throws him i",0.15685994923114777
1174,becomes aware of very serious issues about his society,As part of this learning and growing he becomes aware of very serious issues about his society.,0.5828774571418762
1175,The elderly having difficulties with tax issue.,AARP Tax-Aide representatives will be at the Library to assist seniors with medium to low incomes wi,0.2594137675872379
1176,At 1 p.m. March 12.,"Kids at the Library
For ages 6 and older, 11 a.m. March 12.",0.34210050106048584
1177,Kids at the Library.,"Kids at the Library
For ages 6 and older, 11 a.m. March 12.",0.35091647505760193
1178,fight for women's rights,She led campaigns to end unfair treatment of women seeking jobs.,0.24311766028404236
1179,was about the condition of the women's movement then,She was considered the mother of modern women's liberation movement.,0.36011821031570435
1180,Give some advice of traveling in Delhi.,"Taking taxis is a great way to get around the city of Delhi and chances are, if you arrive in Delhi",0.38589856028556824
1181,Go to a police-run booth.,"The key is to make sure to go to a booth run by the police, rather than by independent taxi drivers.",0.14309269189834595
1182,gain some unique experience,"If you do have a chance to take a bicycle rickshaw, you should do it at least once for a unique expe",0.2210437798486088
1183,Car rentals in Delhi,"At the Delhi airport, be sure to arrange for a taxi to your hotel at one of the two Delhi Traffic Po",0.37975966930389404
1184,the tips of living a long and healthy life.,The following tips are a good start for getting you on your way to living a long and healthy life.,0.37942883372306824
1185,Try to be humorous and happy.,"Be physically active -- try to incorporate 30 minutes of activity into your day, every day.",0.37449482112963756
1186,Regular check-ups can prevent serious illnesses at the very beginning.,"By having regular check-ups, you may be able to catch small problems before they become big ones.",0.4101129174232483
1187,By giving the definition.,,0.0
1188,Spain is eager to improve its economic competitiveness,"Trying to recover from a devastating economic crisis, Spain is considering moving the country's cloc",0.2434828469723245
1189,the current workday pattern does not win much favor among city workers,Many urban Spaniards complain of a never-ending workday that begins in the morning but is interrupte,0.40017554428866664
1190,the new schedule will allow families more free time,"Under the proposed new schedule, the lunchtime break would be cut to an hour or less.",0.36144760251045227
1191,Time for Spain to turn back,"Until the 1940s, Spain was on the same time as Britain and Portugal.",0.39276960492134094
1192,An entrance visa.,"If you are from outside the European Union(EU), it is important that you have an entrance visa befor",0.13624518955359763
1193,You will have an interview in English.,Any documents that are not in English originally will also need to be translated and the translation,0.33823350071907043
1194,On a university's website.,,0.0
1195,It 's a pity.,,0.0
1196,A Person of Great Achievements.,,0.0
1197,The Internet.,,0.0
1198,Sixty of them.,,0.0
1199,Social media is keeping young adults awake.,The researchers set out to examine the connection between social media use and sleep among young adu,0.5012551149536977
1200,they may appear to be well-behaved,"We also create children who may temporarily perform to a certain standard, but who aren't likely to",0.21232521533966064
1201,let your kids find their own rewards,"When we give rewards to our kids, we reduce the sense of responsibility.",0.3734789192676544
1202,help their children establish good values,"""Good values have to be grown from the inside out.""",0.3522297143936157
1203,Should Parents Reward Their Children?,Parents can help give their children a sense of shared responsibility and discipline which can last,0.47506916522979736
1204,How to dress properly in a business setting.,"Thus, when dressing in ""business casual"" clothes, try to put some good taste into your wardrobe choi",0.4183546681680325
1205,You should dress according to the business setting even when there are no fixed rules.,"Thus, when dressing in ""business casual"" clothes, try to put some good taste into your wardrobe choi",0.3612571396704226
1206,People are usually more careful about what they wear on dress-down days.,"In fact, people will pay more attention to what you wear on dress-down days than on ""business profes",0.3015344591633356
1207,Remember to ask others for advice when you don't know what to dress.,"However, it is always important to remember that no matter what your company's attitude is regarding",0.2640904188156128
1208,he thought the police officer wanted to stop him,It seems that some people go out of their way to get into trouble.That's more or less what happened,0.2629721407783984
1209,Someone else was taking care of the injured person.,But Hyde couldn't go after him.Taking care of injured people is always more important than worrying,0.38068151473999023
1210,Going My Way?,It seems that some people go out of their way to get into trouble.That's more or less what happened,0.3400297164916992
1211,are out of shape,,0.0
1212,have their pay reduced,"Tom Winsor,who has carried out the widest-ranging research of police pay and conditions in more than",0.1997586488723755
1213,have the right to fire those who are unfit for the job,"Chief constables should be able to fire any officer as part of budget cuts, ending a job for life.",0.15578679740428925
1214,they could protect themselves and others,,0.0
1215,he was a man,"""Man, your kids walked down the hall so quietly.""",0.23400402069091797
1216,he was a competitive newcomer,,0.0
1217,He should learn to appreciate the shining points in people around him.,"As sure as sun beams, the Golden Rule was shining, and things were finally warming up.",0.20860335230827332
1218,The colleagues became defensive and were ready to attack him.,"As I did with the children, I started looking for specific, positive things I could build upon and r",0.18544909358024597
1219,She got closer to students under his influence.,"Next I was told I must not arrange student desks into abutting clusters because ""the students might",0.22103087604045868
1220,what emotion the words can bring to people,Language has a powerful influence over people and their behaviour.,0.19187910854816437
1221,Language in Advertising,"Visual content and design in advertising have a very great impact on the consumers,but it is languag",0.3645100675525539
1222,the Antarctic ice sheet is shrinking,"For example, the Antarctic ice sheet is shrinking.",0.6162022352218628
1223,"They used satellite observations, radar and computer models to know the things happening below the ice.","Scientists are learning new things about Antarctica, the coldest place on Earth.",0.34988000988960266
1224,Sixty percent of the Earth's fresh water is contained in the huge Antarctic ice sheet.,Sixty percent of the Earth's fresh water is held in the huge Antarctic ice sheet.,0.5852488279342651
1225,it leads people to new life experiences,Technological developments through the years have enabled us to do more with less effort We have con,0.2092954537279777
1226,avoiding mistakes,"The computer may multiply what we can do, and the return on investment is high.The growth of compute",0.25441805430769826
1227,have sound knowledge of computer systems,"The computer may multiply what we can do, and the return on investment is high.The growth of compute",0.2772020154117448
1228,tell people to use computers wisely and properly,"Computers have saved organizations millions of dollars.Furthermore, these same computer systems have",0.38431689143180847
1229,the cultural differences of the speakers,,0.0
1230,imitate the actors' accents,"To me, accents reflect the attitudes, characteristics and lifestyles of the people.",0.2280333936214447
1231,British Accent or American Accent,Young British people find the US accent attractive while young US people like a British accent.,0.3525928556919098
1232,Guide dogs for the mind.,Dogs already guide blind and disabled people and now they are to be trained to help people with deme,0.4485860285707578
1233,Forgetting things.,Dementia can make people confuse day and night or forget basic things such as washing or drinking en,0.22902550703156493
1234,have something to eat,Ms. Gray also said dogs were perfectly suited to remind their owners to eat.,0.1745363175868988
1235,give them wordless help,The dogs would be trained to help to guide them through the day.,0.2478930155313631
1236,others often make fun of them.,"Some women became angry because hurricanes are given their names,but many other women are proud to s",0.20130634307861328
1237,Some women feel unhappy because hurricanes are given their names.,"Some women became angry because hurricanes are given their names,but many other women are proud to s",0.4997265636920929
1238,go on naming hurricanes after women,"Some women became angry because hurricanes are given their names,but many other women are proud to s",0.34948238730430603
1239,each hurricane has its own character,"When newspapers and radio describe the damage caused by a hurricane named Hazel,girls named Hazel ar",0.37536374848411386
1240,being on time,"On the first day , when the professor arrived on time, no one was in the classroom.",0.3018512725830078
1241,He felt puzzled at the students' being late.,Many students came after 10:30 A.M. Two students came after 11 A.M.,0.3821645975112915
1242,being late in one culture may not be considered so in another culture,"However, this may not be true in all countries.",0.3245238959789276
1243,The importance of being on time differs among cultures.,"In the United States, it is important to be on time , or punctual , for an appointment , a class, a",0.37928012013435364
1244,encourages ordinary people to help cut the carbon footprint,"This should help DHL, a division of the German postal service, reach its target of improving the com",0.2785123288631439
1245,It belongs to the Germany's postal service.,BERLIN (Reuters)--Germany's postal service has announced plans to explore improved service and help,0.4362182915210724
1246,The possibility that parcels could be opened on the way.,"The ""fetch friends"" find out online about parcels that need delivering to people who live or work al",0.21282723546028137
1247,A Greener Way to Deliver Parcels,Parcels can be taken part of the way or passed on to another volunteer but all volunteers need to ha,0.36496204137802124
1248,only when you go to sleep,"If you go to sleep on your back, you're a very open person.",0.4130791425704956
1249,He or she would rather be alone than communicate with you,"If you sleep on your stomach, you are a rather secretive person.",0.14535784721374512
1250,"he or she is confident, but not stubborn",You have a confident personality.,0.2321373075246811
1251,"Now China is only using an old aircraft carrier platform for scientific research, experiments and training","At present, China is only making use of an old aircraft carrier platform for scientific research, ex",0.5371342897415161
1252,China will not use a carrier to attack other countries.,BEIJING -- China's efforts to develop an aircraft carrier  program will not change the defensive  na,0.395428626797103
1253,the aims for China to develop an aircraft carrier program,BEIJING -- China's efforts to develop an aircraft carrier  program will not change the defensive  na,0.4735856970341808
1254,harm its own purpose by becoming too popular,"As ecotourism becomes more popular, it will finally threaten the very things that are good for busin",0.3420402642703282
1255,"has no single, clear definition that would satisfy everybody","On a stricter definition favored by the Ecotourism Society, it is ""responsible travel that preserves",0.13774621486663818
1256,the gorillas were protected from both tourists and local people,Projects from which local people benefit directly are less likely to be affected by poaching and the,0.31040307879447937
1257,Preservation Corporation,"As another example, preservation Cooperation, Africa's largest ecotour operator, uses only local lab",0.28604674339294434
1258,naughty children,,0.0
1259,about 19.1 million,Thailand is seen to receive up to 23.1 million tourists from other countries around the world next y,0.16525951027870178
1260,Because tourists prefer better service and better living condition,Many of today's tourists are so _ and selective that they'd prefer quality places where personnel sh,0.2517117866448281
1261,Piyaman advocated the authorities not to limit the development of the condos.,"Thai authorities have been urged to see to it that condominiums  , apartment houses and other lodgin",0.43640532388346104
1262,sea creatures and plants,Countless billions of small sea creatures and plants lived and sank to the seabed.,0.31020641326904297
1263,people haven't opened any oilfield in the North Pole,The fourth area is the part near the North Pole.,0.4454387384297732
1264,The Origin and Distribution of the Oil,The rocks in which oil is found are of the marine origin too.,0.4723188281059265
1265,taking consequences into account,But this all doesn't mean that you should go ahead without considering the consequences of a mistake,0.17043770849704742
1266,Ok! Now I can learn something.,"Quite the contrary, when you try something new you have to be willing to set some reasonable limits",0.2597902715206146
1267,the author's jeep broke downon the road,I thanked them again and walked back to my jeep.,0.5136310512753401
1268,Because the Mexican man had refused to accept it.,Since then I've helped many people like the Mexican family.,0.2413637936115265
1269,it was possible that everyone might get into trouble,,0.0
1270,The author was inspired to help others by the Mexican family.,"This family, working on a seasonal basis where time is money, took a couple of hours to help a stran",0.4864833576149496
1271,Pet owners can be as devoted as the dog,"Having a dog can be a way to relieve the stress in people's lives, but mostly Beijing dogs have, as",0.34117043018341064
1272,The problems caused by dog keeping.,"Having a dog can be a way to relieve the stress in people's lives, but mostly Beijing dogs have, as",0.3866986036300659
1273,Dogs Reflect China's Rise,"A formal suggestion to ban the eating of dogs has been made by a law professor named Chang Jiwen, wh",0.31104228290124875
1274,To learn our lessons well and socialize frequently.,There are various group tasks designed which allow the students to learn to work together.,0.34402650594711304
1275,develop our qualities that exist,"These help develop leadership skills and management skills at an early age, which in turn is a way o",0.3065077066421509
1276,Supportive.,,0.0
1277,we take interest in,Make yourself take part in various activities and at the same time try to stand out in your studies.,0.2586522102355957
1278,Because she feels a sense of achievement,,0.0
1279,She aims to develop a good body shape,"It's a smile because the DVD is over , but a smile of success from pushing my body to its extreme li",0.45081567764282227
1280,international politics,It will provide more space to study particular issues such as relationship among countries in the Eu,0.24428686499595642
1281,know how to settle international problems,You will also have a better knowledge of methods of solving the international problems.,0.23466609418392181
1282,is built on important courses and the results of recent studies,"Related   courses
*BA (Hons) Community Management   * BA (Hons) Public Policy and Management
Employm",0.33651431903587603
1283,plan to choose courses,"Related   courses
*BA (Hons) Community Management   * BA (Hons) Public Policy and Management
Employm",0.2977533733446664
1284,a space experiment with ants,The project was termed a success because it did provide useful information.Students will continue th,0.3763683871813887
1285,some important things were learned,,0.0
1286,they dried out in the desert,The equipment designed by the students for their colony functioned perfectly throughout the long spa,0.3195509910583496
1287,should not be left in the desert too long,The equipment designed by the students for their colony functioned perfectly throughout the long spa,0.3136643171310425
1288,"Bikes are used as a means of transport in 21
 stcentury New York City.",But New York's widespread efforts to make streets safer for bikes have also left some locals complai,0.20686459944474847
1289,We took what used to be a full street so the road is broader than before.,You took what used to be a full street and you're shrinking it.,0.40411949157714844
1290,A Bike Lane Divides New Yorkers,"And on New York City's jammed streets, people are cycling on hundreds of miles of new bike lanes.",0.5982316732406616
1291,The similarities   and differences between a teacher's work and an actor's.,"Watch a good teacher, and you will see that he does not sit still before his class:he stands the who",0.4011553227901459
1292,knows how to hold the interest of his students,"To be a good teacher, you need some of the gifts of a good actor; you must be able to hold the atten",0.09737134791558244
1293,He has to deal with unexpected situations.,,0.0
1294,the students must take part in their teachers' plays,"He cannot learn his part by heart, but must invent it as he goes along.",0.29492223262786865
1295,The history of money,"A long time ago, before there was any money (coins or paper money), people got the things that they",0.4304739832878113
1296,many kinds of things were used for exchanging,"Later, some of the common things that were used for exchanging were tea leaves, shells, feathers, an",0.20499442517757416
1297,China,The Europeans discovered this thanks to Marco Polo who went to China in 1295. the Chinese had differ,0.23962801694869995
1298,Changes of zoos over the time.,"Until a few decades   ago, most zoos were organized by creatures -- monkeys in one area, cats in ano",0.36572107855941605
1299,create a natural environment for lions,"Ten-foot-tall mounds   give lions a place from which to survey their surroundings, just as they woul",0.20963223745818232
1300,the earliest zoos were probably rich people's gardens,"In the Middle Ages, wealthy people kept animals in their gardens.",0.4651808440685272
1301,in the afternoon,,0.0
1302,Bill McDermott.,"Mr. McDermott took a fire extinguisher  from the bus, doused   the flames, and several other workers",0.35304152965545654
1303,The woman driver was driving north before the accident.,The bus driver and his passengers were being hailed   as heroes last night after rescuing a woman fr,0.4322888667343342
1304,holding the camera and shooting randomly.,"One participating photographer is Pete Eckert, an artist with multiple degrees in design and sculptu",0.2816141712203247
1305,focus on different subjects.,"""I was very impressed by it.The technique and experience was amazingly different,"" says John Hesketh",0.3124447762966156
1306,They admire the blind photographers' hard work.,"""You never have a sense of feeling sorry for these people because they've worked very hard to prove",0.26838192343711853
1307,the exhibition can be very inspiring to the blind in the world.,How do the blind take their photographs?,0.21818561851978302
1308,It grows quickly after it's cut short.,Bamboo grows almost everywhere in the world except Europe .,0.2899615168571472
1309,a bamboo plant may grow 4.5 meters in three days,A Japanese scientist recorded one bamboo plant that grew almost 1.5 meters in 24 hours!,0.5445584058761597
1310,Because it is cheap.,"These African countries need cheap ways to find water because they have no money, and their fields o",0.1534249186515808
1311,Bamboo plants are able to grow well in any part of the world.,"There are more than 1,000 kinds of bamboo that grow around the world on both mountains and plains.",0.5091391205787659
1312,stories of Leonard Maltin,Be Leonard Maltin for the day and share your views of the latest blockbuster   with our readers!,0.3246583044528961
1313,It welcomes research developments and breakthroughs.,"Research:
If this noble line of work is your bread and butter or passion, we want to hear from you!",0.3218754231929779
1314,encourage contributions for the next issue,"We are calling for contributions to the following sections:
Lifestyle:
Do you travel widely, keep a",0.2165742963552475
1315,help you locate your important things,It's changing the way we keep track of the important things in our lives.,0.33475732803344727
1316,answering questions,,0.0
1317,A website.,You can buy it directly from the company's website by clicking here https://buy.thetrackr.co/gu/spec,0.34786662459373474
1318,governments to make right policieshave made efforts,They encourage students to make more effort.,0.3072000873861022
1319,Disadvantaged students can benefit from state tests.,They tell teachers what their students have learned--and have not.,0.3474816381931305
1320,To defend the role of testing in education.,"In their efforts to improve student performance, states are
increasing teachers salaries, testing ne",0.423625906486735
1321,his wife had found a job,A job we were afraid might take days for the two of us alone was done in just a few hours.,0.22054117918014526
1322,surprised,,0.0
1323,offer to drive them around,Many total strangers would either walk by or drive by to ask us if we were moving in.,0.25582262873649597
1324,He refused to make friends with strangers.,Unloading actually became fun as we connected with so many wonderful new friends as we worked.,0.3042104244232178
1325,kindness is the sunshine of social life,Many were delighted that this fine old house that had sat empty for so long was coming to life again,0.36933284997940063
1326,To hire language teachers to work in Japan.,*Applicants will teach their first language only.,0.4003046751022339
1327,get trained for the job,,0.0
1328,to see the manager of NOVA France,"Haussmann, 75009 Paris, France
Fax: 33148014804
Or visit our website: www.",0.3868688642978668
1329,know how to use computers,,0.0
1330,"About 3,500",,0.0
1331,Deep Impact was a fantastic success but the scientist regretted losing a spaceship.,The space mission to Tempel 1 cost $335 million and was called Deep Impact.,0.4219247102737427
1332,introduce an experiment,,0.0
1333,emphasize the condition of the poor at that time,"The poor, lower class people are always shown in very warm-coloured light that gives them a sense of",0.1557690054178238
1334,They were used to show the difference between the rich and the poor.,"The poor, lower class people are always shown in very warm-coloured light that gives them a sense of",0.2772274315357208
1335,"Though love is the main theme of Titanic, it also reflects some social problems.",There are also social problems addressed.,0.4967454969882965
1336,the reasons why Titanic became a blockbuster film,Why is this film so successful?,0.43035441637039185
1337,it is dark and cold,"More importantly though, he appeared safely seven hours later, completing with exciting-photos and v",0.21258360147476196
1338,Because there was something wrong with his submersible.,"He also lost some thrusters    and a whole starboard side,  causing the submersible to spin around i",0.22963587939739227
1339,"To rescue the little girl, her grandma died in the fire.","On the second floor lived a little girl and her grandmother; the little girl's parents had died, and",0.5207056999206543
1340,He left the girl to the crowd and left quickly.,"At this time, a man, through the crowd, walked straight in front of the little girl, and opened his",0.11571086198091507
1341,decide who would adopt the girl,"On the second floor lived a little girl and her grandmother; the little girl's parents had died, and",0.32777097821235657
1342,The girl recognized the man and was happy to be adopted by him.,Naturally the man adopted the girl.,0.5008183717727661
1343,Hobby is one's regular activity in his spare time.,But some persons who had spare time did enjoy hobbies.,0.5901779532432556
1344,have retired from their work,"Sometimes they even give financial profits.Hobbies help people relax after periods of hard work,and",0.21642452478408813
1345,they were engaged in making a living,"In early times,most people were too busy making a living to have many hobbies.",0.12231074273586273
1346,Surprised,,0.0
1347,inspire others to think positively.,I think I had more fun doing this than the mothers and the children.,0.3859582543373108
1348,Join them in being kind to strangers.,We are no longer strangers to each other.,0.3918988108634949
1349,the feeling of being less than valued,I also felt less than valued that my father didn't seem concerned about my safety.,0.3615078032016754
1350,he was concerned about his son's safety,I also felt less than valued that my father didn't seem concerned about my safety.,0.2868058979511261
1351,My Father's Secret.,"Upon closer observation,I realized it was the top of my father's head.",0.3621044456958771
1352,An insect.,,0.0
1353,When it was nearly dying.,,0.0
1354,Because the giant had given her an impossible job to do.,"""I'm the prisoner of a giant.""",0.31343284249305725
1355,He would eat her.,"""I know,"" the girl cried, ""and if I haven't finished by tomorrow, the giant will eat me for his supp",0.18105301505979401
1356,Her tears,Thus it was one of her tears that saved her life.,0.089596688747406
1357,The temperature is lower than the outside.,The evaporation process creates a drop in temperature of several degrees.,0.28270822763442993
1358,The harmful bacteria.,This cools the inner pot and helps keep food safe from harmful bacteria.,0.2483496218919754
1359,he made a contribution to common people,People throughoutNigeriabegan using the invention.,0.27893587946891785
1360,2007,,0.0
1361,kindness and weakness,,0.0
1362,never saw through his trick,"But I needn't have hurried; he never turned up.""",0.40764182806015015
1363,arranged the end of his namesake's life,"One afternoon Burton told me a ""funny"" story in a quiet, dry humour:
              ""There was a name",0.11249280720949173
1364,cruel,,0.0
1365,a shopkeeper,,0.0
1366,Because Henry was too lazy.,Henry was afraid and had to work hard.,0.28464844822883606
1367,He began to whistle to him.,"A driver saw him and began to whistle  , but he didn't hear it and went on running.",0.14536842703819275
1368,He didn't want to pay for the accident.,"The man drove aside, hit a big tree and was hurt in the accident.",0.26037299633026123
1369,Ten.,,0.0
1370,.last year's spelling bee also ended in a tie,The world's premier spelling bee ended Thursday in the U.S.for a second year in a row after an in-te,0.4317532181739807
1371,.there's no more word prepared for contestants to spell,"contest,Bailly said,was about to run out of words,and if Venkatachalam spelled his next word correct",0.4372968077659607
1372,it was an agreement with his brothers to keep up the family bond.,"You see, my two brothers live abroad at the moment, one - in France and another - in Italy.",0.22152313590049744
1373,news traveled fast in the town.,"The very next day all the town was talking about this news, some people pray for the soul of one of",0.38967809081077576
1374,he thought one of the man's brothers had passed away,"You see, my two brothers live abroad at the moment, one - in France and another - in Italy.",0.2779882252216339
1375,a customer left without paying the bill,"I believed her,but she left.",0.34040567278862
1376,a suggestion to cheer him up,,0.0
1377,was a person with honesty,,0.0
1378,An Unusual Present,"""I did,"" Ben said, ""It went to the children as a Christmas present!""",0.3650929927825928
1379,his middle finger on his right hand,Life is going to go on with or without my finger.,0.2212279736995697
1380,when he was picking up a pack of cigarettes that had fallen into the machine,"On May 27, 1999, I was working on an automatic machine.",0.37507727899838567
1381,By using only trusted websites.,Use only sites that have a trusted history and an excellent reputation .,0.21149533987045288
1382,delivery delay often makes online shoppers unhappy,Online shopping brings its own challenges.,0.3916119933128357
1383,It is a double-edged sword .,,0.0
1384,Listening practice after the proposal.,TV is an excellent resource for hearing and listening to English.,0.41963517665863037
1385,You may get a general idea about a story by using one or two sentence.,"While listening, you should pay attention to a few things that you may try to do:
* You can aim at j",0.41905707120895386
1386,How to Listen to TV News,TV is an excellent resource for hearing and listening to English.,0.3335232436656952
1387,Never have a bottle without a label in the chemistry lab!,Paul went to the cupboard to get a bottle of hydrochloric acid.,0.366249144077301
1388,Salt,"Continue to heat the mixture until the water evaporates, leaving the salt in the crucible.",0.4306616187095642
1389,Paul didn't check with the teacher that it was the right solution.,There was no label on the bottle and Paul didn't check with the teacher if it was the right solution,0.3218306005001068
1390,Becausethe liquid was a crylamide and that it is poisonous.,She realized that the liquid was a crylamide   and that it is poisonous.,0.5141443697164705
1391,Message in a bottle.,"""It looked like a German beer bottle and there was a message inside.""",0.5277035236358643
1392,he was travelling to Denmark by ship with his dad,"It said, ""My name is Frank, and I'm five years old.My dad and I are travelling on a ship to Denmark.",0.24636617302894592
1393,Daniil Korotkikh and Frank Uesbeck have got in touch with each other.,"A 13yearold Russian, Daniil Korotkikh, was walking with his parents on a beach when he saw something",0.4494676887989044
1394,Because he could have a positive influence on a life of a young person.,Uesbeck was especially happy that he was able to have a positive effect on a life of a young person,0.32558563351631165
1395,To lead to the topic he is going to talk about.,"I do not know the solution, but it seems that it should at least be a topic of discussion.",0.2004147320985794
1396,courses in areas of interest in high schools will benefit students,I have learned many college students do not know what they want to do because they haven' t seen wha,0.31715143202600726
1397,Schools should prepare students for the real life.,I have learned many college students do not know what they want to do because they haven' t seen wha,0.34165742938575033
1398,Mandy,"Ask Mandy, 01313377227.",0.2560009021219824
1399,Lunch.,,0.0
1400,Tree Nursery Volunteer.,"Tree Nursery Volunteer
Tasks are different according to season, but may include: collecting tree see",0.22440603375434875
1401,whale sharks,They're the only two whale sharks at a North American aquarium .,0.27407070994377136
1402,Atlanta,"""It's going to be the most unique aquarium in the world,"" said Marcus.Marcus said the aquarium was a",0.18702372908592224
1403,Marcus helped to build the aquarium to show his thanks to Atlanta.,"You can see Ralph and Norton at the world's largest aquarium, the new Georgia Aquarium in Atlanta.",0.48864516615867615
1404,the aquarium will attract a large number of visitors,Ralph and Norton can grow to be 40 feet long and live in a tank as large as a football field.What ar,0.27110227750466864
1405,he was over one year old,"Patrick Ivison, 15, suffered a severe injury in a car accident when he was 14 months old.",0.16040077805519104
1406,collect money for his treatment,"To raise money for Ivison's physicaltherapy , which is not covered by insurance, it was suggested th",0.20322943880919253
1407,Crazy.,,0.0
1408,She keeps the balance of the surfboard.,"The dog helps to balance out the board The teen remembered one pass when ""we were about to flip over",0.24642029404640198
1409,Website: www.boatcruises.com,"Infonnation and Reservations:604.689.0421
Website: www.",0.3393247425556183
1410,Harbour Cruises LTD is closer to downtown than Burnaby Village Museum.,Harbour Cruises LTD.,0.5951090455055237
1411,for great fun,,0.0
1412,"About 2,762.",,0.0
1413,Every coin has two sides.,,0.0
1414,"it is the ""leading birds"" that are popular with most people","Faced with the conflict between ""needed by the society"" and ""disliked by fellow beings,"" quite a lar",0.25710748246927456
1415,being disliked by others,"Faced with the conflict between ""needed by the society"" and ""disliked by fellow beings,"" quite a lar",0.1999613500657772
1416,By giving an example.,,0.0
1417,Because the school hasn't taught them how to consume wisely.,"Please come to the school gate and pick up your parcel.""",0.38699185848236084
1418,Students Shop on Impulse,Students should be cautious to avoid them.,0.4725170433521271
1419,is becoming a growing practice in the USA,"Now, there is a growing movement to pay the students in American schools---in some cases, even just",0.14549817144870758
1420,thinks people should make a careful plan for the paying program,Critics  say paying students sends a message that money is the only valuable reward.,0.33399051427841187
1421,introduce something about American paying students program,"He says paying students may improve performance in the short term, but students develop false expect",0.3653157353401184
1422,access not only books but other study resources,"In addition to borrowing books,there are online and electronic resources.These include a database se",0.27219118181911445
1423,database,"In addition to borrowing books,there are online and electronic resources.These include a database se",0.2654870234856064
1424,Books and articles.,"In addition to borrowing books,there are online and electronic resources.These include a database se",0.26807850342358946
1425,Library staff play an important role in college library service.,Another useful service in western college libraries is the Interlibrary Loan.This allows a student a,0.41213202476501465
1426,Because he had to make enough money to support his family.,"""I don't have money for the bus,"" Reagan replied.",0.2316950410604477
1427,warm-hearted,,0.0
1428,A Boss Who Took a Chance,,0.0
1429,Handwriting.,"The computer keyboard helped kill shorthand---a system of rapid handwriting, and now it's threatenin",0.24347198350130467
1430,prove how valuable handwriting is,Older students who never mastered handwriting say it doesn't affect their grades.,0.3328883647918701
1431,it doesn't take much to teach better handwriting skills,It doesn't take much to teach better handwriting skills.,0.31357136368751526
1432,Primary school.,"At some schools in Prince George's County, elementary school students use a program called Handwriti",0.30720740634719806
1433,Objective.,,0.0
1434,Americans are eating out more and more.,Many Americans spend more time in cars these days than in the kitchen.,0.34280622005462646
1435,Positive.,,0.0
1436,eating out can be as healthy as at home,"""People take in 50% more fat and sodium when they eat out than when they cook at home.",0.28321367502212524
1437,Alejandra Pachecho and Carl Khalid,Alejandra Pachecho:No.,0.3744494616985321
1438,thinks people can use phones in emergencies while driving,So most people who use cell phones to talk in the car usually pay more attention to what they are ta,0.3881010599203985
1439,her car broke down at an unknown place,So most people who use cell phones to talk in the car usually pay more attention to what they are ta,0.2255636721432553
1440,Should people be allowed to use cell phones while driving?,So most people who use cell phones to talk in the car usually pay more attention to what they are ta,0.280799567836338
1441,Celebrations across the Country,"Communities across the United States will host parades, parties, and other festivities to mark the o",0.41358187794685364
1442,Saluting the former president has become a main event on the occasion.,"The city will also salute one of its most famous former residents, President John F. Kennedy, by ope",0.39522712390483683
1443,Negative.,,0.0
1444,Japan.,Japan's the only country that is doing scientific whaling at the moment and South Korea is just tryi,0.10454618406176253
1445,it wants to achieve research and educational purposes,Environmental activists in South Korea are condemning a government plan to hunt endangered whales fo,0.11973600407524936
1446,Should whales be hunted or watched?,Environmental activists in South Korea are condemning a government plan to hunt endangered whales fo,0.4813024604901099
1447,great changes occurred between the 19th century and the 20th century,And almost everybody thought that the development would continue to be as slow as that in the 19th c,0.25370991230010986
1448,enjoy their life more comfortably and conveniently,"But civilization was not crushed  by the two great wars, and from the ruins people built a way of li",0.21248455331807084
1449,Because it was followed by the other world war.,No one could have guessed that new ideas would storm the world with a force and frequency at an amaz,0.27169168711533087
1450,USA had not planned to go into the war,"It was this very man who ordered the attack of prefix = st1 /Poland, only to meet with his failure w",0.24218769371509552
1451,Psychoanalysis.,,0.0
1452,She is very active in her high school.,Q My daughter is a junior in high school and has been on an individualized education program since f,0.3328152298927307
1453,Keep them secret,,0.0
1454,Supportive,,0.0
1455,a school leader,Q My daughter is a junior in high school and has been on an individualized education program since f,0.3888992965221405
1456,Air pollution.,"One thing I can not tolerate is all that poisonous pollution from vehicles, garbage burning and othe",0.2659590386661584
1457,It belongs to the insect family.,,0.0
1458,description of a ladybird'life,,0.0
1459,Do you have relatives living abroad?,"While residents of wealthy nations tend to have greater life satisfaction, new research shows that t",0.29968148469924927
1460,Religion may provide meaning to life in that people can get strong support from it in face of hardship.,"According to the researchers, religion may provide meaning to life to the extent that it helps peopl",0.39170981051189113
1461,Meaning in life doesn't have much to do with the amount of wealth one possesses.,"While residents of wealthy nations tend to have greater life satisfaction, new research shows that t",0.36812921935262505
1462,residents of poorer nations enjoy greater meaning in life,"While residents of wealthy nations tend to have greater life satisfaction, new research shows that t",0.31471192836761475
1463,stay for the night,"About a year ago, I went to stay at a Detroit hotel.",0.14870242774486542
1464,he wanted no trouble with the police,"If you don't hand it over immediately, I'll be forced to call the police.""",0.3016270697116852
1465,dishonest,,0.0
1466,The lawyer asked for 100 dollars as lawyer's fee.,"The lawyer said to him, ""I saw this gentleman give you a hundred dollars.",0.4048578143119812
1467,Sad,,0.0
1468,She had learned something from the farmer.,Many years ago a kind farmer bought a tank   of gas for a mom with two children.,0.2681962251663208
1469,one can't buy enough gas for a truck with 99 cents,"Everyone was saying, ""99 cents a gallon is so cheap - they can't give the gas away.""",0.564416766166687
1470,felt stupid for having mistaken the gas price,"Everyone was saying, ""99 cents a gallon is so cheap - they can't give the gas away.""",0.3840438723564148
1471,The author was foolish.,,0.0
1472,A Tank of Gas,"Everyone was saying, ""99 cents a gallon is so cheap - they can't give the gas away.""",0.43562814593315125
1473,who wanted a profitable job,"A man... willing to chances, wanted for an out-of-the-ordinary job which can be performed only once.",0.287754088640213
1474,he did not fully believe the advertiser,"He did so and learned on the telephone that the advertiser wanted him ""to get rid of somebody"" and w",0.24625088274478912
1475,the advertiser wished to kill his wife the next day,"After that, the advertiser suggested that the man should ""do the job"" the next morning.",0.24220676720142365
1476,the advertiser was arrested red-handed,"""A reader found this offer very nice and write to the advertiser.",0.3179064095020294
1477,$1300.,,0.0
1478,doesn't understand why hand-held cell phones alone should be banned among many others,"The ban will begin November 1, although drivers caught using hand-held cell phones will be given onl",0.38589002408603834
1479,a newspaper article,,0.0
1480,behave yourself,,0.0
1481,Because their dorsal-lateral prefrontal cortex appears undeveloped.,A part of the brain called the dorsal-lateral prefrontal cortex appears especially undeveloped in te,0.38476928432817953
1482,Their cultures have influenced their behavior more or less.,Mr. Epstein notes that teen behavior differs from culture to culture.,0.3145117163658142
1483,there is still a debate between researchers about people's behaviors,"While teenagers can look all grown up, studies have shown that their brains are still developing.",0.35342517495155334
1484,They do not have scientific basis.,"Such common beliefs, however, lack scientific basis, according to a paper published recently in theB",0.18479059292991987
1485,People need a total of 2.5 litres of water a day,"We must drink at least eight glasses of water a day
In 1945, the Nutrition Council in US suggested t",0.46984487771987915
1486,a newspaper,,0.0
1487,Unique scents.,,0.0
1488,show the advantages of brick-and-mortar stores,A smell may be attractive but it may not just be used for freshening air.One sports goods company on,0.37278351187705994
1489,inform and explain,,0.0
1490,A natural emotion of anger.,So what can we do to understand and calm this natural emotion that we call anger?,0.4196856617927551
1491,We should control it.,We have to control the anger or suffer what may be the negative consequences.,0.20060224831104279
1492,Suffer mental and physical health problems.,"Many experts say that if one holds his anger in, it can even lead to severe mental and physical heal",0.19484715163707733
1493,on the way to solving the anger problem,"Whatever solution one chooses, it is good to know that by trying to find the solution to the problem",0.22582359611988068
1494,doctor,,0.0
1495,Prizes for English and maths.,"In her ten years at Granite Falls,she has revitalized the music programs at both the elementary and",0.2497844099998474
1496,She combines her music class with other subjects.,"In her ten years at Granite Falls,she has revitalized the music programs at both the elementary and",0.2915695011615753
1497,His willingness to help the needy,And she is using her success to help others--producing child safety videos with John Walsh of the Na,0.203303523814217
1498,something he should do for his homeland,,0.0
1499,. Sell children's music and artwork,"So she borrowed some equipment, and began filming children's videos in her own house.",0.30875155329704285
1500,He saved a person without considering his own safety.,And she is using her success to help others--producing child safety videos with John Walsh of the Na,0.23462129030929837
1501,Fifty-one Impressionists' paintings are now on display in Beijingas part of the Year of France.,Fifty-one Impressionist paintings are forming part of an exhibition inBeijingto kick off the Year of,0.4839236603499387
1502,Beijing is the first place where the Impressionists' paintings are on display.,"When they first appeared, the artists were criticized for not finishing their paintings and for bein",0.539255859245065
1503,Beautiful lake in the sunshine.,,0.0
1504,People didn't like the Impressionists' paintings when they came into being.,They avoided black and earth color1s and as a result their work is often very bright and can also lo,0.3133669650157754
1505,"The word ""motel"" is formed by two words.","When you visit America, you will see the word Motel on signs and notice boards.",0.3139471709728241
1506,Meals.,"Meals are not provided, but there will certainly be a cafeteria  .",0.24136725068092346
1507,Asian people tend to save more money.,"""Asian people love food,"" she says.""",0.3936362862586975
1508,highcalorie food,"So although they may eat the same volume of food, their calorie intake  has increased.",0.1689841657659315
1509,they feel that they don't take good care of their children,"Dr.Chwang, director of the Department of Food Nutrition, says children are consuming more meat and s",0.20885199308395386
1510,explain why many Asian children are overweight nowadays,"When describing the physical condition of most overweight Asian children, Chwang says: ""there is a c",0.45816242694854736
1511,Cigarette ads are prohibited on television in America.,"This is in 1868, before they prohibited cigarette ads from American television.",0.3860121965408325
1512,The actor in the ad was too drunk.,"The scene included an actor crossing a river on horseback, but when the time came to shoot, the man",0.32936793921863083
1513,an ordinary man,One of the most striking things about the Marlboro Man is that success hasn't changed him much.,0.32427650690078735
1514,all the people were kind and equal in different activities,"But we took part in lots of activities and we were organized, but not in the sense that there were w",0.43546193838119507
1515,they didn't think it was very important who was the winner among their activities,"But we took part in lots of activities and we were organized, but not in the sense that there were w",0.4800531566143036
1516,people could spend their nights anywhere whether it was their home or not,We didn't always live at home.,0.5605583786964417
1517,Insurance is a good protection against accidents and illness.,"Today, business and professional men, farmers, industrial workers, clerks and those engaged in vario",0.35263379205073775
1518,more people injured in accidents than those who are constantly ill,Some accidents and illnesses are serious and may result in long periods of invalidism.,0.46538278460502625
1519,financial losses,"Today, business and professional men, farmers, industrial workers, clerks and those engaged in vario",0.3326112473473435
1520,covering their medical expenditure,Loss of time from school and work and medical and hospital expenses often make the pain seem worse.,0.2597291171550751
1521,to tell some differences between two kinds of explorations,They share a number of similarities with each other -- as well as some important differences.,0.2882486081327271
1522,before the undersea vehicles dive,"Thus, most undersea vehicles -- particularly ROVs -- operate at the end of long ropes.",0.34191131591796875
1523,Going to space needs power to escape the gravity.,"Though undersea exploration is more challenging than outer space in a number of respects, it has a d",0.49717509746551514
1524,he pushed his math teacher down the stairs,"Impulsively , I hade pushed Mr. Ford, my math teacher, down a flight of steps at school.",0.26301753520965576
1525,He changed a lot after the camp.,"Wild
I was 16 when my father finally decided he would send me to wilderness camp for several months.",0.3118160665035248
1526,Relieved,,0.0
1527,about whatever they want to,,0.0
1528,overcome their fear of silence,Silence is unnatural to man.He begins life with a cry and ends it in stillness.In between he does al,0.26645389199256897
1529,To explain why people keep talking.,Some of them are content if they are merely allowed to go on making a noise into other people's ears,0.35769519209861755
1530,meaningless talk sound,Those who hate to pick up the weather as a conversational opening seem to me not to know the reason,0.21751195192337036
1531,It mainly reports on a recent unique case of sleepwalking.,But this case is unique in that she wasn't just sleeping but doing complex things like turning on he,0.3424305021762848
1532,A boy whose parents are sleepwalkers may become a sleepwalker.,Studies have found that somewhere between 5 and 10 percent of people are sleepwalkers.,0.385334337287567
1533,The sleepwalking woman took a lot of complex actions.,The friend reminded the woman of the e-mail she had sent the night before -- an e-mail of which the,0.24390849471092224
1534,How to be a better person.,"""Our smallest actions ,said Chinese philosophers, have ripple effect .To really change our lives for",0.17402121424674988
1535,It wasn't expected that so many students would be interested in ancient Chinese                                         philosophers and their theories.,"As the third most popular course, it has drawn so many students that Harvard had to move the class t",0.38490280508995056
1536,Students won't pay enough attention to improving their daily lives.,"""Students who do this are not paying enough attention to the daily things that actually inspire them",0.32180055975914
1537,always lived a lonely life,"They are ""pop art"", art based on simple images of things and people from advertising, movies, music",0.19865070283412933
1538,art should be simple and easy to produce,"What's amazing is not that the pieces sold for so much, but the fact that they are not what you woul",0.24604764499380333
1539,Andy Warhol's world of pop art,Warhol wanted to show the world that art doesn't have to be complex or original; it can be created b,0.34840890765190125
1540,her second album ranked first in a row with the incredible average sales per week,"While the first single from 21, Rolling in the Deep, appealed to Radio 1 listeners and bloggers, the",0.34361186623573303
1541,"lies in gift, timing and something beyond sex, age and trust","She was (and still is) a megastar, but a megastar of a different age.",0.3601185977458954
1542,She stands out in a totally different way from Gaga and Beyonce.,While Gaga parades around in a dress made of meat and Beyonce orbits a world out of touch to the maj,0.3005470144437812
1543,Her universality and broad appeal.,Her selling point and appeal is precisely the fact that she exists at the point between everyday ord,0.30934333579795775
1544,disappointing,,0.0
1545,They don't know their personal data enriches Facebook.,"Even if they know what the company is up to, they still have no idea what they're paying for Faceboo",0.29285161554143746
1546,Working out regulations for social-networking sites.,He also urged the Federal Trade Commission to set guidelines for social-networking sites.,0.21412719786167145
1547,He doesn't want his personal data to be used in a wrong way.,"Even if they know what the company is up to, they still have no idea what they're paying for Faceboo",0.2272181550714108
1548,you can control the form filling with enough time,That you are given a form to fill out does not necessarily mean that you have to answer all the ques,0.21160455010410337
1549,Those who fail to get admitted into Stanford don't necessarily do worse than those who make it.,"This afternoon, my office sent out over 34,000 e-mail notifications to high school seniors who were",0.355000376701355
1550,To tell parents that there is no need to feel down if their children werent admitted to Stanford.,"While the number admitted into the undergraduate   class has remained unchanged for years, Stanford,",0.424468113773801
1551,thank the conductor for his good service,"""You know this conductor used to be very rude.",0.261262983083725
1552,Not known from the story .,,0.0
1553,has not changed his rude behavior to passengers,"""You know this conductor used to be very rude.",0.3229459524154663
1554,write your own stories in the book,"In the book, kids will be asked: What was the best dream you have ever had?",0.22633464634418488
1555,Train to Somewhere,"Then the train stopped at its final stop, a town called Somewhere...",0.4203985333442688
1556,15.,,0.0
1557,foreign children aged 6 to 10,"You save:           $4.38(40%)
Train to Somewhere
Marianne, heading west with fourteen other childre",0.3639025323775255
1558,Robin Kerrod's.,"Author:             Robin Kerrod
List Price:         $24.99
Price:              $16.49      Buy it o",0.4067772924900055
1559,Do you have a boy friend or girl friend?,,0.0
1560,It is easy to get along very well with others.,"91.7 percent of the students thought they could get along very well with others, the final 8.3 perce",0.3126363911284429
1561,the results of a survey of college students,"The research, conducted by the Social Survey Institute of China, covers more than 2,000 college stud",0.3415112104629616
1562,Translation work remains to be strengthened.,But the translation must be good.,0.3246242105960846
1563,has a deep feeling towards Chinese literature,"I believe more Chinese literature works will win the prize. """,0.4370342791080475
1564,he believes Chinese writer will win the Nobel Prize,He said that there had been a Chinese writer who won the Nobel Prize.,0.2912277579307556
1565,obey and respect the original,"One must obey the original,learn the original language. """,0.38187745213508606
1566,has mastered Chinese language and literature well,"""I'm glad to hear that Chinese literature works can win the Nobel Prize.",0.8131320476531982
1567,Plakuntos-picea-pizza,,0.0
1568,Because one topping was brought to Italy from these countries.,It's been one of America's favourite foods for over 50 years.,0.27574307568548206
1569,They have the same colours.,,0.0
1570,Global Pizza,"It is, of course, the pizza.",0.42033621668815613
1571,warn young people of the hardships that a successful writer has to experience,"I always encourage such people,but I also explain that there's a big difference between ""being a wri",0.37668961918356997
1572,The chances for a writer to become successful are little.,"Coat Guard to become a freelance writer, I had no hope at all.What I did have was a friend who found",0.39156374335289
1573,He hadn't seen a change for the better.,,0.0
1574,who regret giving up their career halfway,When I left a 20-year career in the U.S.,0.38196757435798645
1575,the state of uncertainty before one's final goal is reached,"After a year or so.However, I still hadn't gotten a break and began to doubt myself.It was so hard t",0.24836112558841705
1576,to find out the differences between the male and female sense of humour,And they want to find out the differences between the male and female sense of humour.,0.40278545022010803
1577,"psychologists and philosophers take interest in the ""laugh lab"" project","Dr Wiseman started ""the laugh lab"" project in September 2001.",0.3805440068244934
1578,Jokes created by computer are less appealing to people.,Dr Wiseman and his workmates also submitted jokes created by computer.,0.3380134403705597
1579,Funny or not?,Is this joke funny?,0.4602731764316559
1580,18,,0.0
1581,Because they were defeated by the People's Liberation Army.,"In 1949, the people's Liberation Army won in the Liberation War.",0.2861586809158325
1582,The Taipei Palace Museum,The Taipei Palace Museum was set up in 1965 to hold the national treasures.,0.4974319636821747
1583,book beforehand,"From the camp,you will go on daily walking tours to experience for yourself the beauty and diversity",0.13174401223659515
1584,Preserving the forest environment.,You will fly with your fellow adventurers to one of our special base camps at the edge of the forest,0.25992757081985474
1585,the wilderness,"From the camp,you will go on daily walking tours to experience for yourself the beauty and diversity",0.0517473965883255
1586,Walking tourists,"From the camp,you will go on daily walking tours to experience for yourself the beauty and diversity",0.23014618456363678
1587,It lasts 12 days.,Every year holidays Broughton teams up with Sopraviva Trekking to offer twelve days of unforgettable,0.23847529292106628
1588,to communicate without outside help,"First, people can communicate directly.",0.24008780717849731
1589,attitudes,Values and attitudes influence international business.,0.24893511831760406
1590,International Business Culture,It's ethnocentrism that leads to failure in international business.,0.4647535979747772
1591,how to avoid misunderstandings in business,It's ethnocentrism that leads to failure in international business.,0.387690007686615
1592,with the success of Pickwick Papers,"Busy as his social life was, he worked on two novels at the same time-Oliver Twist and Pickwick Pape",0.2666322206047813
1593,didn't think he could write a better novel than Pickwick Papers in his life,"Busy as his social life was, he worked on two novels at the same time-Oliver Twist and Pickwick Pape",0.3368409174214874
1594,was full of imagination,It has been said of Dickens that he grasped   the imagination of' his readers because his imaginatio,0.1983983915566769
1595,a character in Oliver Twist,"Busy as his social life was, he worked on two novels at the same time-Oliver Twist and Pickwick Pape",0.36123829561614623
1596,Dickens had wished to die in the course of his work.,Dickens had always wanted to die of working.,0.40353912115097046
1597,show nothing related with the words themselves,It's what anthropologist  Bronislaw Malinoski called a phatic  communication.Its message is not in t,0.32398319244384766
1598,helps establish or keep certain relationships,,0.0
1599,they feel uncomfortable to do it,There's embarrassment of being near people without acknowledging them.That uncomfortable feeling is,0.11222347617149353
1600,Greetings help an individual be connected with the society.,Your greetings prove that neither of you has become a social outcast.How are you?You are still a mem,0.3768539056311795
1601,All the schools can't afford so many diversified classes.,"Also, not all schools could offer so many diversified classes.",0.39112767577171326
1602,doubtful,,0.0
1603,Different opinions about changing classroom.,"Studying in one fixed classroom, students with different academic levels can help each other.",0.49629491567611694
1604,learn a lot from their elder siblings,How is it that siblings   can turn out so differently?,0.25589585304260254
1605,Siblings learned to get on together from fights.,Dr. Annette Henderson says firstborn children pick up vocabulary more quickly than their siblings.,0.3109140694141388
1606,having qualities of women,,0.0
1607,From dissolved limestone and the ground settling.,The Paynes Prairie basin was formed when limestone dissolved and the ground settled.,0.040040113031864166
1608,William Bartram was the first person to visit Paynes Prairie,Paynes Prairie is located near Gainesville.,0.49207645654678345
1609,attract people to this preserved park,It is occupied by visitors and Florida Park Service employees.,0.5947858691215515
1610,those who enjoy arts have better jobs and higher salaries,They found those who enjoyed the arts from an early age had better jobs and higher salaries than tho,0.3156103560793778
1611,Reasoning ability.,Other studies have found that students who study the arts exercise their reasoning  ability.,0.18657392263412476
1612,Nature.,In Shakespeare's plays you'll find lessons about character and morality .Chinese poet Li Bai brings,0.08740348368883133
1613,see things from different points of view,The arts help develop the ability to see things from many different points of view.,0.3402062654495239
1614,College Enrollment up in a Down Economy,Huddleston says seeing the enrollment rise in a failing economy is not unexpected.,0.49131545424461365
1615,to complete a degree,"They will often return to school if they have not completed a degree before.""",0.15619155764579773
1616,the cost of public schools is lower and they can save money,"""Students who went out of state, or even within the state, to more expensive schools are transferrin",0.15109060450104106
1617,She is working more hours than before because of the worsening economy.,"At a time when many Americans have had their work hours cut or have even lost their jobs, Sherian Hu",0.3216235637664795
1618,we don't have a good breakfast,Eating breakfast is good for losing weight.,0.3574337065219879
1619,made friends with some famous composers.,His alcoholism made him drift away from his circle of friends and worsened his situation in later li,0.37879154086112976
1620,He lost many friends,"When he turned nine, Mussorgsky had already started performing for family and friends.",0.220018208026886
1621,"Despite having won the 74
thHunger Games, Katniss doesn't feel much joy.","In the new film, last year's victors Katniss (Jennifer Lawrence) and her partner Peeta are back home",0.301613226676647
1622,The personality of the leading actress contributes to the success of Catching Fire,"Fast-paced and full of action, Catching Fire looks to outdo the success that the first film had in 2",0.4398367404937744
1623,he was not paid enough for what he was doing,,0.0
1624,It hires new workers constantly.,They hire new workers constantly.,0.4767879545688629
1625,McDonald's--Heaven or Hell?,Are McDonald's workers lucky to have their jobs?,0.5584813356399536
1626,who was not willing to meet his nephew,,0.0
1627,hid himself in the kitchen,"Mrs.Crump,the landlady,who was busy in the kitchen at the time,hurried out,wiping her hands.The youn",0.2907368431858323
1628,they frequently disturb their  s,,0.0
1629,They could feel safer from attacks.,His armies had to march on the right so he could keep his sword arm between him and any opponent.,0.24909598052125528
1630,Disapproval.,,0.0
1631,the US was no longer ruled by the UK,"After the American Revolutionary War (1775--1783), the US became independent and decided to make tra",0.3267061025675347
1632,Its high costs to change.,It would cost billions of pounds to change everything round.,0.29968610405921936
1633,"Tom, an athletic freshman",,0.0
1634,More than one survey has been done.,The survey also revealed that men were not only more likely to cheat but were also more likely to ad,0.2528195381164551
1635,There was a cheating scandal at the university.,Results showed that at least a tenth of the students polled admitted to having cheated on an exam be,0.1687520146369934
1636,Club members buy BabyCare products for free childcare advice.,"People who join the company's ""mother club""can get lectures and newsletters on baby and child develo",0.4400272791364149
1637,forming close relationships with parents,"Doctors, nurses, and teachers paid by BabyCare advise parents, explain toys that are designed for ch",0.2986180046636769
1638,Educational Toys in China,It is said that the demand for educational toys is low.,0.38374441862106323
1639,get some information,Newspapers are an important source   of information.,0.2170427441596985
1640,what the articles are about,,0.0
1641,the amusement section,"There are,besides the front page with the most important news,the sports news,the society page,the a",0.28229185938835144
1642,It has a wonderful jumping talent.,Rosie set the world record for frogs in 1986 by jumping more than 21 feet.,0.2801257073879242
1643,surprising,,0.0
1644,By making comparisons.,,0.0
1645,to deal with a lot of difficulties,,0.0
1646,sea travel provided easier routes,"to about A.D.1300, when sea travel offered new routes  .",0.4236653745174408
1647,1earned from one another,"However, the Silk Road was made up of many routes, not one smooth path.",0.12884061471455424
1648,The Silk Road:East Meets West,The Silk Road was not a simple trading network.,0.48341718316078186
1649,too many visitors,"""Other than being the symbol of national strength, they are among the Big Five, a main attraction fo",0.17915224443675623
1650,lions will disappear within twenty years in Kenya if not protected,"Kenya is losing an average of 100 of its 2,000 lions each year because of growing human settlements,",0.45040687918663025
1651,Lions face extinction in Kenya.,"Wildlife officials in Tanzania face similar challenges in protecting their lions, but there is far l",0.5470714569091797
1652,Lions' present living condition in Tanzania,"I'd be surprised if they even last as long as 20 years,"" said Laurence Frank, project director of Li",0.3670026361942291
1653,discuss music piracy on the Internet,"However, this
sharing of music -- a form of music piracy -- is doing harm to the music industry.",0.49629759788513184
1654,"Napster, a famous music website, broke down because of its piracy.","The music industry did win a legal victory against Napster, a famous music website.",0.5178856253623962
1655,There is a long way for music industry to go in fighting piracy.,"However, this
sharing of music -- a form of music piracy -- is doing harm to the music industry.",0.4588516056537628
1656,Optimistic,,0.0
1657,To promote a new product,"Showering typically sends water down the drain, but a new space-age shower could change that.",0.4122372567653656
1658,began to consider losing weight at 30,"1 was losing nine or ten pounds a month, and I had more energy.",0.5144109725952148
1659,Practice makes perfect.,,0.0
1660,Women do not run or swim in races with men.,Women and men do not run or swim in the same races.,0.7037783265113831
1661,Some women athletes are given hormone injections.,Women and men do not run or swim in the same races.,0.44928744435310364
1662,men are not always stronger and faster than women,Women and men do not run or swim in the same races.,0.6352227926254272
1663,Decoding the blueprint of life,"As part of this science course, the students, with the help of Hiroshima University, used a machine",0.2863752543926239
1664,hi-tech experimental facilities,"Here, students use the same type of hitech experimental laboratories as those found at universities.",0.3487461805343628
1665,make the results known by the whole world,A high school in Hiroshima City has been the first to do something with DNA in the world.,0.3835608959197998
1666,admiring,,0.0
1667,Homeless Teen Graduates as a Speaker of High School Class,A 17-year old student who spent much of high school living around homeless shelters and sometimes sl,0.5171362127467563
1668,By her cellphone.,"Chelsea Fearce, who held a 4.466 GPA and scored 1,900 on her SATs despite having to use her cellphon",0.25133570170182895
1669,have graduated earlier from high school than normal,"""You're worried about your home life and then worried at school.",0.2872299551963806
1670,Fearce often had to struggle with starvation,Fearce overcame her day-to-day struggles by focusing on a better day.,0.3599886894226074
1671,"Don't give up, and tomorrow will be better.","She starts college next year at Spelman College as a junior where she is planning to study biology,",0.2629563808441162
1672,People are happy when their friends leave them.,These people live longer than those people if those don't have friends.,0.48922500014305115
1673,both A and C,,0.0
1674,that people need friends,Everyone needs friends.,0.5002655982971191
1675,Because the instructor know exactly the girl's strengths and weaknesses,"""This is the only move you know, but this is the only move you'll ever need to know,"" the instructor",0.23792703449726105
1676,hardworking,,0.0
1677,The girl's opponent in the last match thought little of her but finally lost the game,"The third match proved to be more difficult, but after some time, her opponent became impatient.",0.4618086516857147
1678,Sometimes our biggest weakness may become our biggest strength,,0.0
1679,happy and interested,The old authoritarian methods of education were discredited rather a long time ago--so much that man,0.20776288211345673
1680,co-operation,,0.0
1681,Talking to ourselves is believed to be good for our health.,"The next time you finish a project, do well in a test, or finally clean your room, join me in saying",0.17835740745067596
1682,It is better to think twice before talking to others.,"If what we want to say doesn't pass this test, then it's better left unsaid.",0.3038443922996521
1683,Because friendly words cause positive responses.,It doesn't matter if the words come from someone else or ourselves-the positive and negative effects,0.34054088592529297
1684,We do not know much about them yet,We know very little about these new diseases A new bug may be kind at first.,0.21080845594406128
1685,may have to fight against more new diseases,We know very little about these new diseases A new bug may be kind at first.,0.31542012095451355
1686,admire the sunset,"When she got outside I said to her, ""Just look at that sunset!",0.27164071798324585
1687,put an end to her marriage,"One day, while my clothes were going around, I picked up a magazine and read an article about a woma",0.29956891873451935
1688,inspired,,0.0
1689,Poor adjustment of her body clock to seasonal changes.,"""Our research suggests it has something to do with shifting the body's internal clock,"" says psychia",0.329192259853703
1690,It proves to be an effective therapy.,"Until now, in three separate studies published last month, researchers report not only that light th",0.20999474460222659
1691,Light therapy could be misused by certain mental patients.,He is worried that the boxes may be tried by patients who suffer from mental illness that can't be t,0.33664628863334656
1692,Winter depressives prefer light therapy in spite of its inconvenience.,That's an inconvenience many winter depressives can live with.,0.4838418662548065
1693,both of them were worried about joblessness.,With each passing day we were getting increasingly worried and we continued to work together in orde,0.3470684019435566
1694,Hard but warm.,That's why it was so hard for me to watch him blame himself for our present situation.,0.27733778953552246
1695,We Have It All,,0.0
1696,"some famous singer, film stars and other music entertainers",Hollywood stars joined music entertainers in asking listeners and viewers to pledge cash donations t,0.3844371736049652
1697,"The organizers, stars and people who worked for the benefit didn't get any money for themselves.","All participants, from stars to stagehands, worked without pay.",0.3980029821395874
1698,U.S Telethon Raises Money for Attack Victims,Organizers say the two-hour telethon raised millions of dollars.,0.37868720293045044
1699,They have their own complicated  contents.,,0.0
1700,her devotion to the short story,"Munro didn't publish her first collection of short stories until she was 37 years old, but her stori",0.1935601888137849
1701,Alice Munro wins the Nobel Prize in Literature,"She is technically not the first Canadian to win the Nobel Prize for Literature, but many like to th",0.4902324054673876
1702,The importance of nonverbal communication,Nonverbal communication is significant in human interaction because it is usually responsible for th,0.5109708686900805
1703,a person's feeling can be reflected through his body languages,Meaning is conveyed not only by words or verbal languages but also by nonverbal communication system,0.3665805459022522
1704,We often get the first impression by what a person says.,We often get the first impression of a person based on the color1 of a person's skin or the manner i,0.4188854396343231
1705,To spend a special vacation.,The adventurous senator took a vacation from Capitol Hill and went on a fourday Robinson Crusoe styl,0.2546766875358374
1706,The Flakes took much trouble to get drinkable water on the island.,It took them hours each night to pump for just a few gallons of fresh water.,0.5752929226682229
1707,adventurous but interesting,The adventurous senator took a vacation from Capitol Hill and went on a fourday Robinson Crusoe styl,0.23792943655306972
1708,a medical journal,,0.0
1709,Dorms allow students in the U.S. choose to live in dorms,"Students might have to live in a dormitory, at least for the first year there.",0.19442209601402283
1710,the U.S. college always satisfies students' requests,Six or more students may line in one suite.,0.400499165058136
1711,housing polices in the U.S.,Housing policies differ from school to school.,0.4437827239136415
1712,help kids keep healthy,"The theme  of the day was ""Hop Into Healthy, Swing Into Shape.""",0.3266707956790924
1713,can be fun to do,,0.0
1714,you eat right and stay active,He's practicing and eating right and working out and training.,0.3369397521018982
1715,Health.,,0.0
1716,were involved in a truck accident,"The truck fell into a 20foot ravine .When it hit bottom,Rocky woke up.",0.2327294498682022
1717,found the truck was turned over,"Rocky Lyons was five years old when his mother,Kelly,was driving along the country road with him.He",0.14334896206855774
1718,I Think You Can,,0.0
1719,they hoped he could gain something from it,They felt Shane could learn something from the experience.,0.23527698503485012
1720,He had a unique opinion about life.,"He said, ""Everybody is born so they can learn how to live a good life: like loving everybody and bei",0.23093650319368147
1721,he didn't want others to know he had a disabled father,He was disabled and quite short.,0.22241155803203583
1722,a good heart,"What he looked for in others was a ""good heart"" -- a good heart in man.",0.2547995150089264
1723,find out the suitable time to do specific tasks,"The reality,however,is that most of us organize their time around work demands,school deadlines,comm",0.3551218770295201
1724,Disrupting our natural body rhythm can lead to obesity.,"Our body clock,or natural body rhythm,influences our energy and alertness.Paying attention to it can",0.637602593883979
1725,"When it comes to cognitive work,most people perform best in the late morning.","The reality,however,is that most of us organize their time around work demands,school deadlines,comm",0.32720050957149954
1726,when we are tired in the evening,"Surprisingly, tiredness may increase our creative powers.For most adults,problems that require open",0.1644410490989685
1727,Something about natural body rhythm.,"Our body clock,or natural body rhythm,influences our energy and alertness.Paying attention to it can",0.6845868825912476
1728,Rain.,Rain: Still in the number one complaint.,0.2924274802207947
1729,Pop music in Britain is as good as that in the US.,"Good news
Free museums: No charge for outstanding collections of art and antiquities .",0.2542317509651184
1730,At 12:00p.m.,,0.0
1731,The public transport is poor there.,"Poor public transport: Trains and buses are promised to defeat the keenest tourists, although the ov",0.47130041565316755
1732,It changes scientists' view about the environment bacteria exist in.,The bacteria might break down minerals and plant remains originally buried beneath the glacier or la,0.2715795338153839
1733,Many of the bacteria are in the process of dividing.,"Looking at the bacteria under a microscope , the researchers found that many were in the process of",0.20967452228069305
1734,bacteria can grow in extreme weathers,Researchers have previously collected small numbers of bacteria from ice in Antarctica and Greenland,0.4976170544856439
1735,under glaciers,"In contrast, the earth beneath two Swiss glaciers harbors large colonies of bacteria--hundreds of mi",0.42836091974759194
1736,American football,gets name from football.,0.346086323261261
1737,action,"There is no guarantee  that the action you ""Go for it!""",0.13769379258155823
1738,We need to make a quick decision at the last moment.,The team must make a critical decision.,0.2918495833873749
1739,a person who is new in a job,A person with a green thumb can make plants grow quickly and well.,0.21150866150856018
1740,who is good at growing plants,It is also the color of most growing plants.,0.39797443151474
1741,his friend gets a prize that he wants,It describes the unpleasant feeling when someone has something he wants.,0.30559301376342773
1742,"the word ""green"" and its story","Sometimes, the word ""green"" means young, fresh and growing.",0.37878116965293884
1743,that television is doing harm to our life,Whole generations are growing up addicted to the television.,0.27251943945884705
1744,To keep them quiet.,"In quiet, natural surroundings.we quickly discover how little we miss the King television.",0.22128839790821075
1745,television occupies too much of our spare time,"""Yes, but what did we use to do before there was television?""",0.23869803963706374
1746,Because the two men smelt terrible.,I smiled and asked two more breakfast meals on and gave them to the men.,0.356066863119294
1747,Because they didn't have enough money.,,0.0
1748,Very satisfying.,,0.0
1749,Helping others can bring pleasure to many people.,The class was asked to go out to smile at three people and document their reactions.,0.30054354667663574
1750,The worker enjoyed his work very much.,,0.0
1751,learn to take a positive attitude to job and appreciate valuable things in life.,"This guy had developed a philosophy, a mythology about his job.",0.2760782539844513
1752,has a bathroom,"Every bedroom has its own bathroom, telephone, and colorful modern materials and furniture in the lo",0.1580545079455606
1753,go across to the Wainiri Islands to swim or fish,Here you can swim in peace; or you can fish there.,0.4506063759326935
1754,on the beach not far from Nanoko's excellent shops,"In the Beach Bar, you can drink with your family and friends in air-conditioned comfort, listen to t",0.3161829710006714
1755,to tell an interesting experience,,0.0
1756,She did not follow the directions closely.,,0.0
1757,She didn't want her husband to see it.,"The third time he left, I went to the windows to see what he was doing.",0.25175267457962036
1758,The rising and falling movement.,,0.0
1759,curious to know what disturbed him,I don't know who was more embarrassed by the whole thing Doug or me.,0.26413172483444214
1760,the history and culture of Washington,"But what is more,Washington is also a city of history and culture.",0.46943098306655884
1761,"the east,on the middle point from north to south of the country","Washington was created in 1790,when Congress decided to place the nation's new capital in the east o",0.2559839189052582
1762,"general introduction,history,sights and culture","But what is more,Washington is also a city of history and culture.",0.27813100779786587
1763,Washington is a young city,"But what is more,Washington is also a city of history and culture.",0.4403930902481079
1764,In a textbook.,,0.0
1765,How do these forms of media compare for their producers?,"This is because plays and motion pictures are cooperative forms of narrative, using more than one ch",0.39011638219613853
1766,Because the novel is limited to a single channel of information---writing.,It is limited to a single channel of information---writing.,0.291690468788147
1767,Playwrights are frequently involved in revising their work.,"Although the script is the essential basis of both stage play and film, it is a basis for subsequent",0.32994397889881494
1768,TV critics often blame the wrong people for the failure of a program.,"The narrative can go, effortlessly, anywhere: into space, people's head, palaces, prisons and pyrami",0.37827558127756944
1769,Repairing musical instruments.,Jernigan's musical interests are varied.,0.3549612760543823
1770,enjoy music,"For them, it's important that students have a joyful experience with music.",0.3557548522949219
1771,They can play and repair musical instruments.,Jernigan's musical interests are varied.,0.4594573378562927
1772,Teamwork and patience.,"""This instant age has taken away from the sit-down, the patience.",0.3255656361579895
1773,The enjoyable job of two music lovers.,Being able to enjoy music on the job is one of the benefits of the job.,0.4524262249469757
1774,is celebrated in a special way with its own activities.,People will go to the temples to batheBuddha imagesand give special food to the monks.,0.3169144093990326
1775,believe it will bring good luck,People do good things such as fish or birds and other animals releasedfrom their cages.,0.30078585215436693
1776,traditional,People who get wet actually do not get angry because they know that it is traditional.,0.12288778275251389
1777,give freedom to some animals,People do good things such as fish or birds and other animals releasedfrom their cages.,0.3139367875813263
1778,their parents expected them to grow through travelling,Their parents were of the philosophy that they would receive a healthier and fuller education by tra,0.335224034391621
1779,the parents had great influence on the two brothers,"Hence, it's safe to say that the Forkan brothers are making their parents very proud.",0.4010288119316101
1780,Because Gandhi always helps orphans.,Gandys sells flip-flops and donates 10 percent of the profits from every pair sold to orphans around,0.3286426365375519
1781,Generous.,,0.0
1782,Rise Up from Tragedy to Success,Tragedy struck for brothers Rob and Paul Forkan when they lost their parents in the 2004 Asian tsuna,0.32180734991233717
1783,"Dolan made the film ""Mommy"" at the age of 25.","Now eight years later, she stars in his acclaimed film ""Mommy,"" which has been selected as Canada's",0.43106403946876526
1784,Three,,0.0
1785,it turned out a success.,,0.0
1786,"Their successful film ""Mommy""","Now eight years later, she stars in his acclaimed film ""Mommy,"" which has been selected as Canada's",0.44815200567245483
1787,a phrase or a sentence that doesn't mean exactly what every word says,"""Play by ear"" used to mean playing music using the sheet music, but now people often use it when the",0.19859720766544342
1788,She doesn't have plans for dinner and will decide later,"For example, if an American boy asks his mother what's for dinner tomorrow, she may say ""I'll play i",0.14213207364082336
1789,he needs your help,,0.0
1790,Idioms make your English more vivid and colorful so they are easy to remember.,"If you learn to use them, your English will be more vivid and colorful.",0.445621132850647
1791,interesting,"But, even more interesting is that Dana Cummings chose to learn the sport after losing a leg in a ca",0.11831802129745483
1792,In 2003.,,0.0
1793,change the attitude of the disabled towards life,"""Losing my leg made me realize how precious   life is and get off the couch and start living.",0.34116822481155396
1794,Disabled surfers ride the waves,"Now, nine years later, he helps other disabled   people learn how to ride the waves in AmpSurf.",0.5010359883308411
1795,the worries that kids experience vary from one to another,"It's natural for all kids to worry at times,and because of personality differences,some may worry mo",0.36012828741343106
1796,parents,"It's natural for all kids to worry at times,and because of personality differences,some may worry mo",0.152140204046874
1797,To arouse the interest of readers,,0.0
1798,Did Leonardo Paint Himself as 'Mona Lisa'?,"That Leonardo intended the ""Mona Lisa"" as a self-portrait in disguise is a possibility that has inte",0.37640795923156617
1799,Scientists doubt if the remains are those of da Vinci,The scientists would then exhume   the remains and attempt to date the bones with carbon testing.,0.40938007831573486
1800,Something unknown.,"The natural source of Ebola virus remains unknown, although bats seem to be the most likely source.",0.10238439589738846
1801,No cure has been found for the disease.,There is no known cure for the disease and no way yet to prevent it.,0.37726283073425293
1802,Positive.,,0.0
1803,physical exercise affected their health,Exercise is another common cause of an attack.,0.2937363386154175
1804,Medical officials should be blamed for asthma attacks,Asthma attacks like Jeremy increase in September and October.,0.4223685562610626
1805,unhealthy habits,,0.0
1806,helps control the greenhouse effect,"If such packaging is burnt, it gives off greenhouse gases which go on to cause the greenhouse effect",0.41068679094314575
1807,a boy was attacked by a shark at a Sydney beach,Sydney--A shark _ a schoolboy's leg while he was surfing with his father at a beach in Sydney on Feb,0.5507653868411696
1808,Sydney harbor is not far from the famous Opera House.,"The 15yearold boy and his father were in the water off Avalon, on Sydney's northern beaches, around",0.30518412590026855
1809,he was losing much blood when he was dragged out,"Lifesaving Club spokesman Nick Miller said, ""It got him around the top of his left leg and the fathe",0.22372934072241002
1810,the film Jaws has made the Great White famous,"Many shark species, including the Great White--the maneaters made famous in Steven Spielberg's Jaws-",0.3020007908344269
1811,She is too old to go to the market as before.,"However, now she begins to feel her age and gets tired when she goes out in the market.",0.2116425335407257
1812,She doubted the quality of online goods.,"Yes, I am talking about the online gift stores.",0.24070297181606293
1813,make her believe in online shopping,Initially  she was doubtful about shopping from these online gift shops and wasn't too sure about th,0.32841468762207743
1814,the author's mother was satisfied with the gift basket,The basket was so carefully decorated that it immediately became her friend's favorite gift.,0.3966895341873169
1815,didn't do so well in his studies,"His four novels, as well as a book about his own life, have been best sellers.",0.261768102645874
1816,Alan was first a gardening books editor,"Alan took an early interest in gardening---first on his grandfather's Yorkshire allotment in Ilkley,",0.42894384264945984
1817,Alan had had four years of training in Horticulture before being a journalist,"After two years as supervisor of staff training at Kew, Alan entered journalism where he became firs",0.494281359775619
1818,Easterners.,"Gardeners' World and the hugely popular Ground Force, second only to Easterners in the BBC1 ratings,",0.11816661804914474
1819,Botany Makes Him What He Is Today.,,0.0
1820,lay motionless but got ready to meet danger,The rattlesnake had not moved; he lay like a wire but more quickly than I could stride he shot into,0.33140867948532104
1821,its presence was a danger to the people and animals at the farm,After sunset on our last day at the farm I walked out into the desert.,0.22650964558124542
1822,It would not attack unless it was attacked.,The rattlesnake had not moved; he lay like a wire but more quickly than I could stride he shot into,0.3187200725078583
1823,felt a little sorry for the snake,"Before me a rattlesnake lay fixed, its head not yet drawn back to strike but only turned a little to",0.4150894284248352
1824,found children suffering from a lack of shoes,Children without shoes easily injure their feet.,0.29071223735809326
1825,They wondered how Mycoskie could manage it.,"While on vacation, Mycoskie saw children who couldn't afford even one pair of shoes.",0.18800324201583862
1826,they cure diseases caught from soil,They can catch a disease through soil that could make them sick or slow down their growth.,0.3383136987686157
1827,He gets help from the media and customers,"Their feet suffered cuts, and he wanted to help.",0.2582031190395355
1828,China is a country with a long history in sports.,"Seven hundred years ago, amazed by his incredible editions of a far away land of great beauty, peopl",0.28274788753754265
1829,Mount Qomolangma,"Carrying the message ""Share the Peace, Share the Olympics,"" the eternal flame will reach new heights",0.160927414894104
1830,"Marco Polo's stories will await athletes, spectators and the worldwide television audience.","Seven hundred years ago, amazed by his incredible editions of a far away land of great beauty, peopl",0.285384933162186
1831,there were so many true stories that he could only tell part of them.,"(part of Yanglan's speech in Beijing's bid for the 2008 Olympic games)
Mr. President, Ladies and Gen",0.23137372232733117
1832,spent much time outdoor,,0.0
1833,they need a space of their own,"Teens need the freedom to wander the digital street, but they also need to know that caring adults a",0.19714674353599548
1834,lose the chances of learning,"""Protecting"" kids may feel like the right thing to do, but it denies teens the chances of learning a",0.14387576282024384
1835,kids should be given freedom to deal with online risks,Rather than helping teens develop strategies   to deal with public life and the potential risks of i,0.4302392899990082
1836,the audience,,0.0
1837,Tele-courses.,,0.0
1838,Their courses are accepted by many universities in America.,"These courses are accepted and supported by more than 1, 800 colleges and universities throughout th",0.27555804022171937
1839,NBC,"The industry leader, NBC, however, attracts 11 percent of viewers.",0.20034316182136536
1840,attract students to the Open University,What else can the Open University offer you?,0.43196290731430054
1841,a willingness to learn,All that is required is a willingness to learn.,0.3993891477584839
1842,a computer so you can study online from home,"40,000 OU students study online from their home.",0.31605762243270874
1843,He is wild and full of spirit.,"And he has spirit!""",0.3655602037906647
1844,At the seashore.,,0.0
1845,She would like to have a smaller horse.,You must talk to a horse like Fiery.,0.21029885113239288
1846,How to make friends with a horse.,But I was too small to mount a horse.,0.2714056968688965
1847,Foolish.,,0.0
1848,He is in danger.,,0.0
1849,He outsmarts Coyote.,"""Brother Coyote,"" he called.",0.33933342574377995
1850,it is better to be clever than strong,,0.0
1851,not to believe everything you hear,,0.0
1852,felt ashamed,"The nobleman was ashamed to admit that he had burned his mouth and answered, ""Sir, I once had a brot",0.1464512773641271
1853,had no brother who was hanged,"The nobleman was ashamed to admit that he had burned his mouth and answered, ""Sir, I once had a brot",0.06845800566710193
1854,was angry with the nobleman,"When it was brought, the nobleman took a spoonful, but the soup was so hot that he burned his mouth",0.2654803991317749
1855,2005,"The statisticians, reviewing two sets of temperature data, found no trend of falling temperatures ov",0.2387950547814584
1856,3,,0.0
1857,The earth is not becoming cooler as some people are claiming on the internet,The case that the Earth might be cooling partly stems from recent weather.,0.47467461228370667
1858,people-to-people travel,You wilI need to obtain a visa to travel to Cuba.You'11 need to apply for the visa associated with y,0.22202982008457184
1859,$100,,0.0
1860,Fantastic buildings,,0.0
1861,Tips on Visiting Cuba,You can reserve a hotel room in Cuba online.Then you can call to confirm your reservation.You can al,0.39237961173057556
1862,It makes the earth neither too hot nor too cold.,"Without it, the earth would be freezing, or on the other hand it would be burning hot.",0.2639416456222534
1863,Watson' s son,Watson entered Mr. Smith's office.,0.3768535852432251
1864,didn't live to grow up,"Dad, when I grow up, I want to do something for Champ.",0.21194231510162354
1865,Mr Smith wanted to realize his son's dream,"For the moment I need the job to keep my son at Riverside School.""",0.2947697043418884
1866,nuclear radiation,"But unlike common radio waves, nuclear radiation is not harmless to human beings and other living th",0.2427005381621912
1867,if it damages few cells,Your body will replace the dead cells with healthy ones.,0.28189778327941895
1868,lead to all of the above results,,0.0
1869,The importance of protection from radiation cannot be too overemphasized  .,"Similarly, we can't sense radioactivity without a radiation detector.",0.45224276935608304
1870,People with mild obesity are less likely to die than people of normal weight.,"""Because we'd actually already read a lot of this literature and realized it was likely that mortali",0.3124567574587148
1871,"Because of the ne w findings, people should think about gaining extra weight.","Still, Dr. Heymsfield says people should not think gaining extra weight is OK just because of the ne",0.45877786882685406
1872,demonstrating interactions among all of Earth's parts,Earth system science involves observation and measurements on the Earth at all scales from the large,0.23112099029843947
1873,indications of ancient routes,"Archaeology, for example, has benefited from satellite observations that reveal the traces of ancien",0.09976102098982852
1874,New tools provide information about Earth that was once impossible to obtain.,"Important new tools that facilitate Earth system science include satellite remote sensing, small dee",0.47435839408061486
1875,the ability to learn languages increases with age,"Thus, at some point in our lives, maybe around age 12 or 13, we lose the ability to learn languages",0.4037652015686035
1876,more efficiently,"That is, they believe that children learn more easily and efficiently than adults.",0.09760113805532455
1877,Adults can read better.,"That is, they believe that children learn more easily and efficiently than adults.",0.22599457204341888
1878,Because he fell in love with the pretty girl.,the girl asked.,0.3212342858314514
1879,Don't wait to show your feelings.,That's the way life is.Don't wait to show those special people the way you feel.Tomorrow would be to,0.3142644166946411
1880,Looking after children at a kindergarten.,"I then found myself a job, looking after two little girls.",0.2742806673049927
1881,often worked long hours,"But unfortunately, it didn't often work out.",0.3533289134502411
1882,She decided to attend a parttime course.,My experience counted for a lot and I got on a parttime course.,0.26986464858055115
1883,Less successful students can still have a career.,"I wish I had known earlier that you could have a career, even if you aren't top of the class at scho",0.3161023405883506
1884,the development of advertisement,Advertisement is the difficult business of bringing information to great numbers of people.The purpo,0.3228189311617538
1885,Because it can bring information to great numbers of people.,Advertisement is the difficult business of bringing information to great numbers of people.The purpo,0.3161121762263367
1886,the Industrial Revolution,"The Industrial Revolution,in the 18th and 19th centuries,brought a new kind of advertising.Large fac",0.31376493122104016
1887,main streets and television are used in advertising,Manufacturers used the newly built railroads to distribute their products over wide areas.They had t,0.4311750531196594
1888,The fact that her friends have become grandparents.,Our friends are becoming grandparents.,0.3061148226261139
1889,Enthusiastic.,,0.0
1890,She is an accountant.,,0.0
1891,The author becomes more confident in life.,"At this point in my life I realize Paul Bowles was correct when he said ""security is a false God"".",0.3359176814556122
1892,the wine from famous vineyards,"The vast majority of wines at the store are meant to be drunk right away, so you make sure the wine",0.20745441317558289
1893,some winemakers keep the promise all the time,,0.0
1894,To frighten it away .,"Now the cougar's enemy looked even bigger , and it rose up , ready to move away , but unfortunately",0.14390909671783447
1895,They like to attack running people .,"The cougar hesitated , ready to attack Jeb , but ready to forget the whole thing , too .",0.27601051330566406
1896,keeping shouting and hitting,"The boy ran to his father's bag , while Jeb started shouting as well as hitting , to keep the cougar",0.0990620106458664
1897,Loving and determined .,"Cougars are not as big as most people think and a determined man stands a chance , even with just hi",0.3132941722869873
1898,he finds it can be safer to shop online,Don't leave the computer unsupervised   while shopping online--You don't want that someone else will,0.1937955915927887
1899,Don't buy things from those rated low.,Compare prices before you buy--There are many comparison sites and tools (such as PriceGong) that co,0.35078006982803345
1900,Safe Online Shopping Suggestions,"I love online shopping, but for years I did all my shopping offline since I wasn't sure if it is rea",0.4243909418582916
1901,Questionable,,0.0
1902,The social reality children are facing cannot be changed.,Strengthening social ties helps build communities and protect individuals against stress.,0.3002249598503113
1903,probably suffered less from anxiety,I usually doubt about any research that concludes that people are either happier or unhappier or mor,0.2498181015253067
1904,To get them more involved socially.,"Your family will thank you later.They will then have more time for face-to-face relationships, and t",0.23325958847999573
1905,Children's anxiety can be removed with more parental care.,Limit the amount of virtual   violence your children are exposed to.,0.4756665527820587
1906,most schools and colleges were open only to men.,But even that was not an easy profession for women to enter because most schools and colleges were o,0.20762638747692108
1907,women are in the business world,The idea that women could work in the business world had been accepted.,0.4266055226325989
1908,There are more men than women in professional jobs.,But even that was not an easy profession for women to enter because most schools and colleges were o,0.33779850602149963
1909,a laundry assistant,"""I knew all about your bandages because I had to send them upstairs to a girl in the laundry who had",0.2884092926979065
1910,the couple worked at the same laundry,"You see, I work in the engine-room of the same laundry where you work.""",0.3823207914829254
1911,A girl,She is a sweet girl.,0.36222851276397705
1912,faithful,,0.0
1913,Historic Centre of Siena,"Centered on Piazza del Campo, the historic district is a container of 12th-century Gothic, and a mir",0.44747437056333506
1914,to suggest some good places to go in Italy to visitors,Here are some places you should see on your vacations to Italy.,0.4516409933567047
1915,In a traveling magazine.,,0.0
1916,a newspaper report,,0.0
1917,Chen Jianqing and one of her partners,"""One of her business partners died later in the hospital, ""the Chinese consulate officials in Johann",0.2871390985154221
1918,4,,0.0
1919,leave others the impression of being rich,,0.0
1920,School students.,"The challenge invites, even dares school students between the ages of 5 and 14 to create artwork or",0.26886069774627686
1921,On April 21st.,Students who enter the Curiosity Challenge and are selected as winners will be honored at a special,0.261780321598053
1922,An announcement.,,0.0
1923,To make online banking attractive .,"Online banks are sometimes referred to as ""brick-to-click"" banks , both to tell them from ""brick-to-",0.2881687581539154
1924,customers can deal with their banking by a mouse click,"Unlike your corner bank , online banking sites never close; they're at hand 24 hours a day , seven d",0.41070556640625
1925,Development of Online Banking,"Banks view online banking as a powerful ""value-added"" tool to attract and keep new customers while h",0.42836856842041016
1926,The Internet seems to have contributed much to the problem of online plagiarism.,It is estimated that the market in online plagiarism is now worth 200 million pounds a year.,0.3160022497177124
1927,worry about the quality of students' coursework influenced by the World Wide Web,In the UK most school and university students complete coursework throughout the academic year which,0.3639136850833893
1928,A Surprise Christmas Gift,I said to her that I was going to buy a box of Christmas cookies but the only ones left were not to,0.40495046973228455
1929,Grateful,,0.0
1930,A simple action can bring other people happiness.,People there were all busy buying their last minute requirements.,0.45963606238365173
1931,It is an object in space that can be seen on the Earth.,Black holes are objects in outer space that are so dense that nothing can escape their gravity.,0.21576347947120667
1932,Because Chandra can help them see black holes in X-rays.,"Because there is no light near black holes, astronomers cannot actually see them; they are completel",0.37996438282605427
1933,How black holes come into existence.,Two black holes!,0.5367001295089722
1934,Two black holes appear to be advancing toward each other.,Two black holes!,0.3412749469280243
1935,to enter the Europe-wide student competition,"co. uk
Enter the Europe-wide student competition!",0.582345187664032
1936,two,,0.0
1937,at 2 p. m. at Christmas,,0.0
1938,Cafe Hub is a popular place in the local area,"Cafe Hub
Next to the Castle lies The Hub, home of the Edinburgh International Festival and one of th",0.39449950940270156
1939,Their pet dog Reckless went missing.,"Reckless was a cute dog which brought much pleasure to the  whole family, and the youngest daughter",0.3020195960998535
1940,the Monmouth County SPCA,The family of five went to the Monmouth County  SPCA( Society for the Prevention of Cruelty to Anima,0.2632420737561723
1941,A family looked for a new dog but found the old one instead.,A New Jersey family was one of them.,0.6101537942886353
1942,The broken car in the valley,Duffy stopped his car and got out to examine.,0.4184434711933136
1943,with its wheels upward,,0.0
1944,three,,0.0
1945,to help people in danger,"Duffy rushed to call for help, then returned and got down to reach the injured driver.",0.2587526738643646
1946,He could hardly make ends meet.,"I could not seem to control my spending, and my checking account ran dry.",0.386312335729599
1947,"saved 5,000 dollars altogether.",,0.0
1948,He lived a life without strict budgeting.,"Unfortunately, life stepped in.",0.4007616694178531
1949,We should balance our budget.,"However, as I look back, I realize that I did not research enough about balancing my budget before s",0.33724716305732727
1950,The color1 of the universe,What is the color1 of the universe?,0.6837812662124634
1951,Mark Fairchild,Mark Fairchild of the Rochester Institute of Technology in New York was the first person to identify,0.19231359660625458
1952,It is called turquoise now.,"They said that the universe would appear to the human eye to be a light greenish color1, called turq",0.11388242580046216
1953,Between the 2nd and the 3rd paragraph.,,0.0
1954,The new color1 of the universe hasn't been named now.,What is the color1 of the universe?,0.544622540473938
1955,eat as much candy as they want,"While other kids ate candy for breakfast, I had to have cereal  , eggs or toasts.",0.3301238715648651
1956,Grateful,,0.0
1957,do their best at school and be educated and respected citizens,Our marks in school had to be up to par.,0.3732515871524811
1958,"As a parent, the author is following her mother's example.",My sister and two brothers had the same mother as I did.,0.3786585330963135
1959,vain and ambitious,,0.0
1960,To find something new to inspire himself.,Matt has just designed a new international symbol for peace.,0.335109144449234
1961,The hero is disappointed at the college students failing his expectation.,The town is filled with thousands of middle class college kids living off their parent's money.,0.5378037691116333
1962,when she was a child,,0.0
1963,Mother was cold on the surface but kind in her heart to her daughter,I've loved my mother's desk since I was just tall enough to sit above the top of it.,0.4446854293346405
1964,Neither the author nor her mother had a happy family.,I loved my mother and thanked her for our happy family.,0.5328888297080994
1965,She read the letter again and again till she died.,It was my letter.,0.2046491950750351
1966,My Mother's Desk,"Years later, during her final illness, Mother kept different things for my sister and brother.",0.4251549243927002
1967,The frogs were easy money.,"This seemed like money for nothing.There were millions of frogs in the fields around,and they were n",0.17665477097034454
1968,There were too many insects.,"Now,the people are still poor.But in the evenings they sit in the village square and listen to sound",0.2238905131816864
1969,The harmony between man and nature is important.,Then the people realized what was happening.It was the frog.They hadn't been useless.They had been d,0.24632900953292847
1970,The shirt itself.,Your shirt changes from sky blue to deep red.,0.14327622950077057
1971,By checking the nutrition details of the food.,A list of possible food appears on the counter as the kitchen checks its food supplies.,0.23255035281181335
1972,vaccines,Ordinary foods contain specific vaccines.,0.3173135221004486
1973,In order of time.,It's time for you to go to work.,0.4310944080352783
1974,it was believed he was recovering well from bypass surgery,Armstrong died because of heart problems after surgery.,0.18161572515964508
1975,NASA has had to cancel a number of missions because of a lack of funds.,"Today, things are very different: NASA has cancelled a number of missions because they don't have en",0.26977223576808773
1976,He was very disappointed.,Armstrong was disappointed by what NASA has become.,0.18109031021595
1977,as a historic moment that changed the world,"He added: ""And when Neil stepped on the 
moon for the first time, it was a moment of human achieveme",0.15799460541571453
1978,The most important things,"In other words,effective   time management is important if you want to succeed.",0.26226675510406494
1979,Do as many tasks as you can at the same time,"There are only 24 hours in a day,but people can use the time wisely.",0.24060069024562836
1980,Effective time management can help one to succeed,"There are only 24 hours in a day,but people can use the time wisely.",0.35712048411369324
1981,you can manage your time wisely,"There are only 24 hours in a day,but people can use the time wisely.",0.38627222180366516
1982,ways to manage time effectively,"There are only 24 hours in a day,but people can use the time wisely.",0.5191588401794434
1983,they may feel they are different from others,"When you feel ready, create your own zone of comfort by _ yourself surrounded in a warm white light",0.21614140272140503
1984,be open and warm to others,"When you feel ready, create your own zone of comfort by _ yourself surrounded in a warm white light",0.22373676300048828
1985,How to feel at ease at a social gathering.,"The next time there is a social event you feel nervous about attending, you may want to try this exe",0.46773672982082354
1986,worried about his studies,,0.0
1987,an American company,"In fact, that was his first investment in the company.",0.2641117166329292
1988,It is a world-class company.,"In fact, that was his first investment in the company.",0.3582681715488434
1989,In a park in the mountains.,Garland Valley is close to the town of Garland hut is part of the National Park.,0.40355145931243896
1990,Flashlight Adventure,"Cost: $ 15       When: May 8, May 15
Trip 3 Flashlight Adventure
Put on your warm clothes, bring a f",0.32241207361221313
1991,A sleeping-bag,,0.0
1992,There is no need to book early.,"Numbers are strictly limited on night trips, so be sure to book early.",0.2880048453807831
1993,Discovery Trips in the Blue Mountains,The mountains are a dangerous place.,0.5258545875549316
1994,New York was the first city in the world to have electric lights,"Edison set up the first central electric power station in 1882, so New York became the first city in",0.6171553730964661
1995,Edison's teacher thought Edison was not worth teaching,"After his teacher said that he could not learn, Edison's mother decided to teach him at home.",0.4034101665019989
1996,Americans dimmed their lights in memory of the great inventor.,"Edison set up the first central electric power station in 1882, so New York became the first city in",0.21087229251861572
1997,"Edison, a Great Inventor",There are many people who say Thomas Edison invented the twentieth century.,0.3952414393424988
1998,many freshers are worried about how to fit university life,"It's a great opportunity to make new friends, join lots of clubs and settle into university life.",0.3850967288017273
1999,To help make friends with other freshers.,Who should you make friends with?,0.4060041606426239
2000,tell the newcomers how to make a new start in universities,"It's a great opportunity to make new friends, join lots of clubs and settle into university life.",0.43023747205734253
2001,Malawi Lake,"Malawi Lake
Home to 1,000 species of fish, Malawi Lake is Africa's third largest lake at 363 miles l",0.336428701877594
2002,is the only fish in Malawi Lake,"Malawi Lake
Home to 1,000 species of fish, Malawi Lake is Africa's third largest lake at 363 miles l",0.48464035987854004
2003,Visitors can go hiking in winter on Crater Lake.,"If winter hiking and cross-country skiing aren't your thing, wait until early July to visit, when th",0.5566920797130801
2004,It's dangerous for people to visit Taal Lake.,"Taal Lake
This dangerous beauty, situated just 37.28 miles south of Manila, is the deepest lake in t",0.6135257482528687
2005,How clever is a fish?,Can a fish hear fishermen moving along the stream?,0.3895246386528015
2006,what the earring owner said moved him,"In the evening, the owner did come to look for her earring.",0.3742559552192688
2007,delighted,,0.0
2008,Not mentioned,,0.0
2009,One should hold a positive attitude towards life.,I should change my attitude towards life.,0.4908655881881714
2010,"takes in foreign students, from beginners to the advanced","Classes for foreign students at all levels
3 months, 6 months, 9 months and one year course Open all",0.31823381781578064
2011,the family you have chosen,,0.0
2012,"much less than PS1, 380","Classes for foreign students at all levels
3 months, 6 months, 9 months and one year course Open all",0.24177329242229462
2013,friends should share happiness as well as problems,"In order to have friends, youhave to be a friend.",0.3931480050086975
2014,we should be there when we are needed by our friends,"In order to have friends, youhave to be a friend.",0.3324078917503357
2015,there were signs of  hibernation in human sleeping habits,"Apparently, at times in the past , peasants in France liked a semi-state of human hibernation .",0.24493922293186188
2016,to guard against possible dangers,,0.0
2017,Follow their natural sleep rhythm.,"It offers us medicines for a full night's continuous sleep, which sounds natural ; however, accordin",0.39439867464921935
2018,To throw new light on human sleep.,"In the past , without the artificial light of the city to bathe in, humans went to sleep when it bec",0.37591475234300736
2019,the earnings for the holiday quarter was disappointing,"The sales of the iPhone, which include both the iPhone 5 and older models, came in at the low end of",0.1778191477060318
2020,Apple tends to offer a lower sales forecast.,"As Apple tries to maintain its growth and success in China, the world's largest smart-phone market i",0.4446550160382789
2021,the promotion of lower-end iPhone will face a challenge,"In China, a big missing piece for Apple is China Mobile Ltd. , the biggest local telecom carrier tha",0.3322834238390253
2022,the challenge Apple faces in China,"As Apple tries to maintain its growth and success in China, the world's largest smart-phone market i",0.43210819363594055
2023,plants are important for life,Plants are very important living things.,0.5191143155097961
2024,All fruits have seeds in them,But a few fruits have no seeds at all.,0.6451994776725769
2025,little sunshine,,0.0
2026,"how Jeremy Lin saved the Knicks, probably including the NBA","With his game-winning three-pointer at the buzzer, Jeremy Lin   finished the New York Knicks' dramat",0.6059639354035942
2027,Coach Isiah Thomas,"Lin, not team's high-paid stars, has saved the Knicks season and likely coach D'Antoni's job.",0.25682148337364197
2028,The NBA delayed the season because of players' wage disagreements,"Although the season is still _ , the Knicks have reversed course in just one week from the NBA's mos",0.24534579092378236
2029,The Knicks didn't satisfy its fans for nearly 15 years until this season,"After nearly 15 years of disappointing, sometimes unsuccessful seasons, Madison Square Garden is ali",0.5234256982803345
2030,to be a clerk in a certain government,"A man heard that a certain government wanted a clerk, so wrote and asked for the position.",0.14212758839130402
2031,someone else got it and then brought it to him,"Several months later, while the man was working in the department, he got a letter that had been sen",0.1837958835955363
2032,He was too careless.,,0.0
2033,Smaller plants may have many advantages over their neighbors.,"Smaller plants have many advantages over their overbearing neighbors, Professor Aarssen notes.",0.4807853102684021
2034,Smaller plants produce seeds at a higher rate than their bigger counterparts.,"They also produce seeds at a much younger age and higher rate than their bigger counterparts, and se",0.4502618558062123
2035,Kanika Sahi is the youngest meaner.,Thirteen-year-old oboe player Kanika Sahi is the youngest member.,0.22202312266479865
2036,more challenging,,0.0
2037,teacher,,0.0
2038,He is very satisfied.,,0.0
2039,The participants' activities were monitored through trackers.,"Led by Bruce Bailey, professor of exercise science, researchers followed 300 female college students",0.1697203814983368
2040,Women who get 8 to 8.5 hours of sleep a night.,Women who slept between 8 and 8.5 hours a night had the lowest body fat.,0.2044050544500351
2041,A study on the relationship between sleep and body weight.,The difference in body weight was greater with more variation in sleep pattern.,0.5284201502799988
2042,Whether the poor or the rich maybe have a bad diet.,"The Low Income Nutrition and Diet Survey showed that like the rest of the population, the poor's dai",0.37307361850787013
2043,The poorest.,"The poorest families were eating only slightly more sugar and slightly less fruit and vegetables, ac",0.17396339033257072
2044,the number of smokers in the poor is bigger than that in general people,For years experts have argued that poor households are consuming less nourishing food than the rest,0.37137264013290405
2045,A diet survey.,"The Low Income Nutrition and Diet Survey showed that like the rest of the population, the poor's dai",0.5000756151727884
2046,was small in size,"People fell in love with Elizabeth Taylor in 1944, when she starred inNational Velvet-the story of V",0.10778935253620148
2047,successful when very young,"People fell in love with Elizabeth Taylor in 1944, when she starred inNational Velvet-the story of V",0.06540132313966751
2048,28,,0.0
2049,doing business and helping others,"Her parents, both Americans, had moved there for business reasons.",0.3171471655368805
2050,polite and friendly,,0.0
2051,there is always someone that we can help,"When you help someone, it's not always about money, it's about love.",0.4420825242996216
2052,Studying a foreign language,,0.0
2053,To put limitations on immigration.,"When well-developed countries see that their homeland is being ""invaded"" by lots of immigrants, they",0.09459304064512253
2054,Immigrants are never accepted no matter how hard they try.,"As a result of this, many illegal immigrants cross the borders and are eager to work, although they",0.4291995167732239
2055,many people go to other countries with great determination,"Women go to meet their men who have chosen other countries to start a new life, even if they miss th",0.3754341121532058
2056,It is like taking drugs.,Do you know any people like these?,0.38061970472335815
2057,More and more of the teens will become addicted to the Internet.,Studies show that about 6% to 10% of Internet users become addicted.,0.2992856204509735
2058,some of the Internet users have already been seriously addicted,Internet addicts spend at least thirty to forty hours online every week.,0.39244887232780457
2059,Don't be addicted to the Internet.,Studies show that about 6% to 10% of Internet users become addicted.,0.4150668680667877
2060,The Family: The Real Story of the Bush Dynasty and America's Secret War.,"The Family: The Real Story of the Bush Dynasty
By Kitty Kelley
Imprint: Doubleday
Hardcover: 736 Pag",0.4404394049577195
2061,the truth about Bush,"Misleading explanations, instead of telling the full truth, about the 9/11 attacks.",0.3846374750137329
2062,The Lies of George W. Bush.,"David Corn, theWashingtoneditor of ""The Nation"", details the many times the Bush administration know",0.2764435112476349
2063,America's Secret War.,"In ""America's Secret War"", George Friedman identifies the Untied States' most dangerous enemies.",0.30330246686935425
2064,be beyond Gilbert's ability,My son Gilbert was eight years old and had been in the Cub Scouts   only a short time.,0.1513986438512802
2065,Gilbert.,My son Gilbert was eight years old and had been in the Cub Scouts   only a short time.,0.33359628915786743
2066,His performance inspired his mom.,,0.0
2067,victory is the power to overcome difficulties,,0.0
2068,perform and earn some money there,One day an out of work mimic  is visiting the zoo and attempts to earn some money as a street perfor,0.13543665275336506
2069,the real gorilla died but the keeper does not want to lose its visitors,"As soon as he starts to draw the crowd,a zoo keeper grabs him and drags him into his office.",0.1265031099319458
2070,He likes it because he has enough freedom in the job.,He discovers that it's a great job.,0.27475395798683167
2071,he wants to attract the attention of his audience,"He can sleep all he wants,play and make fun of people and he draws bigger crowds than he ever did as",0.2940671145915985
2072,The mimic and his job,He offers the mimic a job to dress up as the gorilla until they can get another one.,0.5837060213088989
2073,The hut village in the Valley of the Kings.,The first field season is now over at the hut village of the workmen who built the tombs in the Vall,0.5165131924559625
2074,It has a lot of real treasures somewhere in it.,The workmen's huts they discovered were seen as a necessary evil in the quest for the real treasures,0.2882498800754547
2075,Examining everyday life and work in the Valley of the Kings.,The hut village offers rare insight into everyday life in ancient Egypt.,0.34656408429145813
2076,is one of those in favor of Toivari-Viitala's ideas and plans,"Judging from the construction methods, settlement in the village can be divided into two separate pe",0.34430336184225957
2077,people know little about the hut village by now,The first field season is now over at the hut village of the workmen who built the tombs in the Vall,0.4299511716956971
2078,Confusing but amusing.,"Although accompanying pictures can be a helpful relief, the translations often make the whole experi",0.28390067404985647
2079,the fun the author had ordering food in China's restaurant,"At home, ordering food from a menu is a normal, everyday routine.",0.373422771692276
2080,examples and statements,,0.0
2081,purchase online for a lower price,"To cut down on showrooming, many retailers are adopting new methods to keep shoppers in their stores",0.22067803144454956
2082,The wide use of smartphones.,Smartphones have pushed showrooming into the front.Shoppers no longer have to wait until they get ho,0.19962250384317315
2083,with the help of a map of honey bee genes,Many crops and trees depend on pollination   by bees to help them grow.,0.2727387845516205
2084,"Studies are being carried out on the causes of the bee disorder, but questions remain.",He says it may work with other causes to produce the collapse disorder.,0.47647741436958313
2085,Three.,,0.0
2086,the crop and plant production in U.S may be influenced by the bee disorder,He says it may work with other causes to produce the collapse disorder.,0.5317557454109192
2087,Mr. Dong is in favor of the digital hongbao,"However, as people's enthusiasm for digital hongbao increased, the amount of the time they spend wit",0.26032814383506775
2088,Digital Hongbao is a double-edged sword.,There has been widespread criticism  over digital hongbao that it has _ family reunion.,0.47080811858177185
2089,you can keep in touch with others through your blog,The teenagers were divided into six groups.The first two groups were asked to blog about their socia,0.18165518646619006
2090,prove blogging is more effective in solving teens' emotional problems,All of their blog records were then read through by four psychologists to determine the authors'   s,0.2697373628616333
2091,communicated with readers about their troubles,"""The only kind of surprise we had was that almost all comments made by readers were very positive an",0.37330949306488037
2092,Active and energetic.,The local people are active bicyclists especially in summer.,0.4124284088611603
2093,are fond of different sports,Sports clubs in X organize activities in a wide arrangement of sports.,0.39378952980041504
2094,Helsinki,,0.0
2095,Charge,"Hong Kong
Tipping is customary in this money-mad metropolis .Most restaurants add a 10% service char",0.3753549035864505
2096,Seoul,"Seoul
Tipping is not part of Korean culture, although it has become a matter of course in internatio",0.22666041051392938
2097,One ringgit,"At five-star hotels, one or two ringgit will satisfy a porter.",0.23516026139259338
2098,to give the readers some advice on how to tip,"But at local restaurants, there's no need to add a tip.",0.4858458936214447
2099,psychological effects,"In fact, those effects have been the subject of serious research and experiments and have been scien",0.2349153742616307
2100,Because it is difficult to separate the psychological from the cultural.,"In part, because it is very difficult to separate the psychological from the symbolic, the symbolic",0.3079964816570282
2101,preferred by bridals,,0.0
2102,Different cultures can have the same properties of colors.,"That having been said, there is some ""overlapping"" in the properties different cultures attribute to",0.2694796919822693
2103,language,Language is the first.,0.2431519478559494
2104,people can also be successful in China if they work hard,We know that there are many famous people who succeed in great things through their hard work in Chi,0.28414799005853947
2105,Studying abroad will make it easy for students to learn well.,Students must also learn to live without parents' care and deal with all kinds of things they haven',0.3765162229537964
2106,the problems of studying abroad,"Finally, studying abroad brings a heavy burden  to the family.",0.4802667498588562
2107,began to be poplar with American people in the 1960s,Many young people follow them.,0.3453137231926069
2108,Donald Freeland gave jeans a whole new design,It was Donald Freeland who gave jeans a whole new look and brought it to the front.,0.6172142624855042
2109,published in European languages,"Designed to help you greatly improve your listening,  vocabulary, and cultural IQ, these unique Euro",0.380888432264328
2110,European journalists,"Work on language fluency while driving to work, exercising, or cooking--- anytime and anywhere you w",0.33754485845565796
2111,They are convenient for the users.,"To help you integrate language study into your busy life, we've made each audio- magazine convenient",0.24777433276176453
2112,What Exactly Is A Hero?,That got me thinking about what a hero is.,0.3316214978694916
2113,he led an extremely unhappy and uncomfortable life,That wonderful card probably saved my life.,0.2702200412750244
2114,Being kind to someone who has a hard time.,"Most of the time that would be no big deal, but this time let's say it was for someone who was deepl",0.40569081171735055
2115,express themselves,,0.0
2116,share ideas with their friends there,"Through these personal websites, people can share their experiences, ideas and opinions with anyone",0.22286894917488098
2117,websites,Many websites offer free services to create personal Web pages and fill them with writings and pictu,0.3208569478187253
2118,create and share videos,Many websites offer free services to create personal Web pages and fill them with writings and pictu,0.31615460840061355
2119,learns to live in a society,He had to learn how to live in a new society.,0.45270803570747375
2120,independent,"""We like to be independent.""",0.30486729741096497
2121,doing something unusual,,0.0
2122,Everybody.,,0.0
2123,Because the two cars were so alike that she mistook it.,,0.0
2124,Mrs. Anderson stole Charlie's car at the request of her daughter.,"Kate Anderson became an accidental ""car thief"" when picking up her daughter's car near an Ohio Unive",0.5609071301916293
2125,He is blaming Toyota for the poor quality of the car keys humorously.,"Kate Anderson became an accidental ""car thief"" when picking up her daughter's car near an Ohio Unive",0.2713932907022328
2126,Charlie would ask the Toyota Company to give him an explanation.,"Woman Uses Daughter's Key to ""Steal"" Car 
Charlie Vansant, a college student of Athens, Ohio, who re",0.31365126371383667
2127,A news report,"According to the police report, the case was closed ""because of mistaken car identity"", and Anderson",0.22722533345222473
2128,More people will lose their jobs.,"Unfortunately, with robots taking all the jobs, unemployment will be high.",0.2634272277355194
2129,convey messages silently,,0.0
2130,much easier to operate,,0.0
2131,more environmentally friendly,,0.0
2132,The predictable future life.,In the future they will be more complicated and useful.,0.4350844621658325
2133,People from northern Asia,"Over thirty thousand years ago,people from northern Asia   went to America.Today, we call these peop",0.2764434828562572
2134,northern Asia became very cold,The Indians went to America because the weather began to change.Northern Asia became very cold.,0.24552546441555023
2135,America,How did the first Indians go to America?,0.4059043824672699
2136,by boat,,0.0
2137,limited,,0.0
2138,self-control,,0.0
2139,National service should be canceled.,"There is no problem until you realize that taxation is theft, that war is murder, and that national",0.2841390073299408
2140,To give a warning to other countries,The Pacific island nation of Nauru used to be a beautiful place.Now it is an ecological disaster are,0.3245984613895416
2141,Peaceful and attractive,,0.0
2142,Its leaders misused the money,"Unfortunately, the leaders invested the money unwisely and lost millions of dollars.In addition, the",0.3186025619506836
2143,Joan Lussier,"Richards,who had oesophageal cancer,died in a Washington state hospice ,Universal Music said.The mus",0.24090804985441552
2144,He is a musician behind many hit songs.,"Motown songwriter-producer Deke Richards,who was behind songs including The Jackson 5's first three",0.31137585639953613
2145,The Corporation has a history of more than 40 years.,"The Corporation,which consisted of Motown label head Berry Gordy,Alphonzo Mizell,Freddie Perren and",0.2925269305706024
2146,Richards had deep love for music.,"The Hollywood Reporter said Richards' ""love of music"" kept him involved with a variety of projects,i",0.4351259768009186
2147,Entertainment,,0.0
2148,The salt desert.,He cut big blocks of salt from the desert and used the blocks to build it.,0.2893308997154236
2149,The heat from the walls and roof.,The sun heats the walls and roof during the day.,0.20899741351604462
2150,A special hotel.,"In Turkey, there is a cave hotel.",0.5604517459869385
2151,instruction,,0.0
2152,Being hit by a missile.,"The missiles will fly straight at you, but they are difficult to hit, so do not shoot at them until",0.2054322212934494
2153,many more points,"Expert players can gain scores of around 150,000 points at this game.",0.20232853293418884
2154,run after a flying saucer,"After this, the supertanks, missiles and flying saucers appear.",0.2630836069583893
2155,72 years,"Two years later, the Olympic fire was brought into the stadium ofLillehammerby aski jumper.",0.234002485871315
2156,By swimming.,,0.0
2157,the lighting of the Olympic flame in the stadium is always appealing to people.,"An employee of the Electric Utility of Amsterdam, lit the first Olympic flame in the Marathon Tower",0.4396904408931732
2158,"The picture can play what's been recorded as if the person in the picture ""talks"".","The ""talking picture"" has a special pen.",0.24547512829303741
2159,All of the above,,0.0
2160,You can make a talking picture by just raising a finger.,"The ""talking picture"" has a special pen.",0.5171565180470644
2161,Uncertain.,,0.0
2162,An ice-cream taster.,How about an ice-cream taster?,0.34517624974250793
2163,have a degree in related subjects,"No--there's more to the job than that, says Harrison, who has a degree in chemistry.",0.159817636013031
2164,He lets the ice cream warm up.,"Some people think that it would be easy to do this job: after all, you just have to like ice cream,",0.2060876339673996
2165,One Cool Job,"Yes, there really is a job where you can get paid to taste ice-cream.",0.41597411036491394
2166,"10, 200 yuan","Those who break the law will face fines of up to 200 yuan( $32),and owners of the establishment will",0.23173953592777252
2167,Getting wonderful gifts on International Children's Day.,The award is a wonderful gift to people of Beijing and a wonderful gift to children of Beijing on In,0.3869452476501465
2168,a newspaper,,0.0
2169,the lemmings' self-killing,"When their food supply is large, the lemmings live a normal and undisturbed life.",0.45618048310279846
2170,think they can cross the sea,"Upon reaching the coast, the lemmings do not stop but swim by the thousands into the sea.",0.2993937134742737
2171,Because it is very unusual for animals to kill themselves.,Why would an animal kill itself?,0.31590327620506287
2172,a person's memory becomes weak if he does not practise remembering things,"If you do not use your arms or your legs for some time, they become weak.",0.40744248032569885
2173,it is his own fault,"If a friend complains that his arms are weak, we know that it is his own fault.",0.24980534613132477
2174,how to improve our memory,"When someone says that he has a good memory, he really means that he keeps his memory in practice by",0.4706030786037445
2175,he is interrupted by something unexpected,,0.0
2176,listeners' attention is often drawn to something else,His expression and the appreciation of your consideration by the rest of the group are often reward,0.2949117124080658
2177,Give them a chance to finish.,"Most joke and story tellers are too shy to say, after the interruption, ""Now, as I was saying..."" In",0.0832132026553154
2178,We can win someone's heart by getting him back to his story.,"Someone in a group is telling a story and, just before their big point, BOOM!",0.4331541657447815
2179,expensive watches with unnecessary functions still sell,Expensive cars go faster than cheap cars.,0.4465220272541046
2180,It targets rich people as its potential customers.,Rolexes are for those who spend their weekends climbing icy mountains; a Patek Philippe is for one f,0.23894958198070526
2181,Watches? Not for Me!,But these days all watches tell the time as well as all other watches.,0.4130907952785492
2182,Changes to the American lifestyle.,"Many people would interpret ""The American dream"" as ""living like an American""--a two-story house wit",0.40973058342933655
2183,American lifestyles are being reshaped and will continue to change,"Many people would interpret ""The American dream"" as ""living like an American""--a two-story house wit",0.2699859096613578
2184,A growing number of people are forced to share their homes with other  s in the US.,The number of divorces has been falling for 25 years as people wait longer or choose to live togethe,0.40179158411047833
2185,he enjoyed seeing new places,"""I just like seeing places,""Johnny told them.",0.23662012815475464
2186,tried to stop him froIli slipping away,"""But it,s difficult to become an explorer in this modern age,""they tried to tell him.But it was no u",0.3083975926973741
2187,Johnny went exploring along the Amazon River,"Johnny the Explorer
    Johnny was three when he ran away from home for the first time.Somebody left",0.4494263529777527
2188,praise for efforts should be more encouraged,But child experts are now learning that too much praise can lead to the opposite effect.,0.3395146429538727
2189,in the middle of England,"Stratford is a very interesting town, right in the center of England.",0.7196000814437866
2190,in two different places,,0.0
2191,in a cottage,"After lunch we walked across the fields to the old cottage, about a mile out of Stratford, where Sha",0.2973035534663893
2192,Because his parents wanted him to do better in his math.,"His parents had tried everything -- tutors, cards, special learning centers -- in short, everything",0.20222577452659607
2193,worked so hard but said too little,Books and paper were spread out all over the room and little Tommy was hard at work.,0.2177768498659134
2194,Tommy was afraid of being nailed,Finally they took Tommy to a catholic  school.,0.42589056491851807
2195,more and more people begin to care about women's life,"Since 1960, the percentage of married women in the work force has jumped from 31.9 per cent to 59.4",0.43229687213897705
2196,Few married women used to work outside,It is not only experts in China who are arguing over whether women should work after marriage or not,0.4944261908531189
2197,they want to improve their living conditions,,0.0
2198,A kid-invented device calm dogs' separation anxiety.,"This path includes guidance on how to test the potential product, which combines a video chat device",0.3777540326118469
2199,allowing video chat,"This path includes guidance on how to test the potential product, which combines a video chat device",0.28902894258499146
2200,They are possible solutions to everyday problems.,,0.0
2201,use for their schoolwork,"People use them on trains and airplanes, in airports and hotels.",0.27990952134132385
2202,It is an old college in America.,"Within five years, each of the 1500 students at the college will receive a laptop.",0.17322266101837158
2203,We don't know the result yet.,,0.0
2204,Her daughter.,"That same year,her mother passed away after a tenyear battle with  multiple  sclerosis,which  deeply",0.30938276648521423
2205,at the age of 6,"J.K.Rowling,author of the Harry Potter book series,began writing at the age of 6.In her biography,sh",0.14174948566274656
2206,her mind suddenly went blank,"That same year,her mother passed away after a tenyear battle with  multiple  sclerosis,which  deeply",0.20190861821174622
2207,encouragement contributes to one's success,"Success is often measured by the ability to overcome  adversity.But,it is often the belief of others",0.3499689996242523
2208,are more likely to stick to driving laws,The evidence is on their side: Men are 3.4 times more likely than women to get a ticket for careless,0.2928749918937683
2209,have the lowest amount of money on insurance claims,Auto safety unavoidably matters to Money.,0.20451320707798004
2210,women are generally safer drivers than the opposite gender,Nowadays women appear to have a positive image of themselves as safer drivers than men.,0.5415933728218079
2211,the Internet has reduced people's contact,"While most people would agree that thank-you notes under these circumstances are a necessity, there",0.1773529201745987
2212,modern technology is driving people apart,"While most people would agree that thank-you notes under these circumstances are a necessity, there",0.29541683197021484
2213,Promising to come back,"The more we do it, the more it comes back to us, and it's a benefit to us all.",0.3090021014213562
2214,the changes of the homeless in the late 20th century,"It was not until the early 1980s that these people received a new name,when activists named them the",0.40526527166366577
2215,By expressing their viewpoints in street newspapers.,"Street newspapers,such as Chicago's Streetwise and Boston's Spare Change,had stories,poems,and essay",0.2751916368881699
2216,Government agencies.,Some spoke to Congress and to government committees controlling funding for social programs.,0.279450923204422
2217,Not only the disabled belong to the homeless family.,The homeless of the 1980s lived in packing crates   and doorways.,0.4136269688606262
2218,to clear the mind,"You must clear your mind, relax and ""take it as it comes"".",0.31046733260154724
2219,Its benefits are not immediately obvious.,"Maintain the practice with a sense of discipline and devotion, and eventually benefits of inner peac",0.3067681620853285
2220,Increasing employment instability.,,0.0
2221,People interested in starting to learn meditation.,"For those interested in taking up the practice, instruction in meditation for beginners can be found",0.36977070569992065
2222,wash your hands and face,"""You just go and wash up,and you will feel a lot better.",0.2924017906188965
2223,Englishwoman,,0.0
2224,to spend his holiday,"Like most English children,I learned foreign languages at school.When I made my first visit to the U",0.17341123521327972
2225,but they mean two different things,,0.0
2226,you can give your girlfriend a ring when you get married,"""""Well,that's nice.Are you getting married?",0.4555380344390869
2227,Listening to music is far from enjoyable for them.,"For some people, music is no fun at all.",0.44066548347473145
2228,Some people's inability to enjoy music.,"For some people, music is no fun at all.",0.5182566046714783
2229,do well in tests,,0.0
2230,have improper self evaluation,,0.0
2231,the awareness of one's ignorance contributes to one's improvement,The most important mental power is the ability to know what you don't know .The recognition of a fau,0.2591282076144924
2232,he was seriously ill,,0.0
2233,Randy is a visiting professor in Carnegie Mellon.,"This week, 46-year-old Randy Pausch said goodbye to his students at Carnegie Mellon University with",0.4918341040611267
2234,He became a soldier in Navy.,"It was why Rowan's mother, Julie Van Stone, said Joseph joined the Navy and went to MIT to get two m",0.18763332068920135
2235,8 years.,"A young boy recently received an unexpected message in the mail from his father Joseph, who died two",0.1623491644859314
2236,He is quite an able person as a prisoner.,"I found out that what he really had in mind was keeping me in his house and under his thumb, like a",0.3178545832633972
2237,he had to stay in prison,"I came to Shawshank when I was just twenty, and I am one of the few people in the prison who is will",0.32711154222488403
2238,he had been angry for a long time with his father-in-law,"That fixed up any chance of parole  I might have, for a long, long time.",0.45053836703300476
2239,He regrets having committed the crime.,I committed murder .,0.3877446985409632
2240,They may still miss the country they studied in.,They might be troubled by the wealth and waste they see back home or they might feel homesick for th,0.24653294885657945
2241,dissatisfied with,,0.0
2242,"Returning from studying overseas, students face more trouble than they expected.",Some California universities have organized conferences to help students make the most of their time,0.44173866510391235
2243,positive,,0.0
2244,her life will be richer and more meaningful,"One is mastery, which includes self-esteem, a sense of control over your life, and low levels of anx",0.24029784388038086
2245,Family life,"One is mastery, which includes self-esteem, a sense of control over your life, and low levels of anx",0.19128835918852655
2246,She played the recording instead of practicing.,"She knocked on the door, and, receiving no answer, came in to check on me and found that I had falle",0.3075273766808081
2247,devoted and stubborn,,0.0
2248,art should be treated as a joy rather than a burden,"I'm a sculptor now, and every day I experience afresh the joy of being fully absorbed in the act of",0.36987385153770447
2249,the author's class regulator,My goals for the class include a full discussion of historical themes and ideas .Because I want stud,0.1900533596675036
2250,keep students from doing independent thinking,I love technology and try to keep up with it so I relate to my students.,0.24243313074111938
2251,they have gradually changed people's way of life,"""They sent this message to all parts of Brazil and made people realise other patterns of family life",0.20174509286880493
2252,The desire for consumption helps to reduce birth rate.,"Martine _ ,among other things,soap operas and installment plans introduced in the 1970s.Both played",0.19461511075496674
2253,Brazil:reducing birth rate by accident,Brazil's population growth rate has dropped from 2.99% a year between 1951 and 1960 to 1.93% a year,0.5199695229530334
2254,many other Third World countries are suffering a population growth rate now,Brazil's population growth rate has dropped from 2.99% a year between 1951 and 1960 to 1.93% a year,0.486651211977005
2255,Lower running costs.,"Boiler rooms are often dirty and steamy,but this one is clean and cool.Fox Point is a very new 47uni",0.2067617466638947
2256,people's daily life causes many carbon emissions in New York City,"Michael Bloomberg,New York's mayor,plans to create 165,000 affordable housing units for 500,000 New",0.4941954016685486
2257,"To introduce healthy,environmentally clever and affordable housing.","ECP has created national standards for healthy,environmentally   clever and affordable homes which a",0.48759689927101135
2258,take part in a horse racing,"It was a Saturday morning,a day I believed would end in victory.For weeks,I had been preparing for t",0.18286782503128052
2259,Unexpected kindness is a light that shines in the darkness,,0.0
2260,Diary of a Wimpy Kid: The Third Wheel,That is when The Third Wheel story begins.,0.3709874153137207
2261,Bean.,"So Bean and her best friend, Ivy, decide to create their own camp.",0.23737408220767975
2262,The dogs' experience of stealing food.,But dogs aren't the only things that need to be saved.,0.40290408155053187
2263,Literature.,,0.0
2264,People are fairly interested in climbing nowadays.,"Here,people are learning on special climbing walls.",0.5062336921691895
2265,to control your fear,The most difficult part is to control your fear.,0.3099266588687897
2266,To introduce the sport of wall climbing.,The climbing wall goes straight up and has small holding places for hands and feet.,0.4725720286369324
2267,improving their agricultural techniques,,0.0
2268,It tells people how much food they have wasted.,"However, people in developed countries throw away as much as half of the food they purchase.",0.3538530468940735
2269,Talking people out of buying so much food.,But he is also worried that it could get people to waste more food because they no longer have to pa,0.16487981369869617
2270,have an unpleasant taste,First a willow tree attacked in the woods by caterpillars   changed the chemistry of its leaves and,0.13351312279701233
2271,changing its leaf chemistry,"Then even more astonishing, the tree sent out a special smell---a signal causing its neighbors to ch",0.20564682962678973
2272,giving off a special smell,"Then even more astonishing, the tree sent out a special smell---a signal causing its neighbors to ch",0.22504865356512488
2273,seems completely reasonable,,0.0
2274,surprising,,0.0
2275,save money,,0.0
2276,Obesity links to poorly-heated homes,Scientists fear rising energy bills may lead to an increase in obesity   after discovering a link be,0.49490028619766235
2277,To put one's whole life on a schedule .,Tom Hanks ranks as one of Hollywood's most popular actors.,0.26117825508117676
2278,All the passengers but Chuck Noland survive the air crash.,Only Noland survives.,0.4317789375782013
2279,he ate little and exercised a lot,"To take off the pounds, Hanks ate little and exercised a lot.",0.22478796541690826
2280,he wanted to get help from the driver,He kept the dent  to remind him not to go through life so fast that someone has to throw a brick at,0.25284016132354736
2281,Josh was a kind-hearted man.,"Straining, he lifted the young man back into the wheelchair and took out his handkerchief and wiped",0.4610925316810608
2282,trying to be more understanding seeing others in trouble,,0.0
2283,Because he wants more students to choose these fields .,"More students will choose these ""high-demand"" majors and get jobs after graduation.",0.17587393522262573
2284,Keep tuition low for majors leading to more jobs .,"More students will choose these ""high-demand"" majors and get jobs after graduation.",0.33587032556533813
2285,It was performed in space.,"He performed while floating weightlessly, with images of planet earth and space appearing in the win",0.2767893373966217
2286,Normal.,,0.0
2287,To study the changes in the body when staying long in space.,"For more than 40 years, scientists have sought to learn how well human beings can adapt to long peri",0.2763343941895534
2288,it makes your mother healthy,"Sure, flowers can always brighten Mother's day and a dinner out is always appreciated.",0.24670010805130005
2289,take an active part in physical activity,Daily physical activity reduces stress and can help you sleep better.,0.2932961583137512
2290,encourage moms to do more exercise,All Moms would find these fitness benefits extremely invaluable.,0.23133055865764618
2291,"This Mother's Day, Give the gift of Fitness","When you give a woman the gift of fitness, you are helping her open a door to better health.",0.43302521109580994
2292,The Wall Street firms,If you were to come up with a list of organizations whose failures had done the most damage to the A,0.1156744584441185
2293,Many colleges are experiencing low rate of graduation.,"In fact,well-off students attend the colleges that do the best job of producing graduates.Meanwhile,",0.32730475068092346
2294,finishing college education,"The United States does a good job enrolling teenagers in college,but only half of the students who e",0.34023669362068176
2295,Because they have financial difficulty.,,0.0
2296,"low rate of American college graduation, its cause and its influence","""As the authors point out, the only way to lift the college graduation rate significantly is to lift",0.48550447821617126
2297,a new currency used both online and in real life,"You may not be aware, but digital currency   is a big part of the Internet world.",0.2170940786600113
2298,books in physical shops,"In China, Bitcoins can be used to buy goods at about 134 online shops on Taobao.",0.18572352826595306
2299,the value of it can rise and fall wildly.,"The fixed amount of Bitcoins also means they cannot lose value through inflation , as all forms of p",0.18355140089988708
2300,Interested.,,0.0
2301,they left the coffee shop immediately,"One cold day in winter, my wife and I were walking back home from the grocery store as usual when we",0.365497350692749
2302,She ordered a cake for them.,My wife ordered a coffee at the counter.,0.3825492858886719
2303,They were full of happiness from giving.,Maybe it was the gentleness of their difficult experiences or an unclear familiarity   with the situ,0.20720832694287172
2304,Employees should be constantly warned about virus threats to ensure the normal functioning of the company's computer system.,"The IT staff were amongst the fittest departments in your company, running from Personal Computer (P",0.4450105012397785
2305,they criticize their employees for what they don't do well,"Employees see anti-virus software, firewalls and IT departments as guarantees that their computers w",0.2713800370693207
2306,to educate computer users,"The IT staff were amongst the fittest departments in your company, running from Personal Computer (P",0.2626429200235632
2307,wanted better things than those they themselves could provide,"He was content with very simple forms of shelter, made his own rough tools and weapons and could pro",0.4358159899711609
2308,more and more goods which had no fixed exchange values appeared on the market.,"Another problem arose when those who made things wanted to get stocks of wood or leather, or iron, b",0.27135565876960754
2309,the exchange of one thing for another became too complicated,"As he became more civilized, however, he began to want better shelter, more efficient tools and weap",0.37758641364398954
2310,Shells,"If the smith had any shells left when he had bought his food, he could get stocks of the raw materia",0.38131042447557734
2311,whom and how many people to invite,Is this the reason why you do not want to invite those people?,0.28520339727401733
2312,didn't understand friendship,,0.0
2313,The mother paid a lot of attention to relationships.,My wife had often blamed me for not paying enough attention to communication with other people when,0.47020426392555237
2314,My Birthday Party,My son wanted to give a party for my birthday.,0.5001418590545654
2315,she hadn't learned it yet,,0.0
2316,she brought him love and comfort,,0.0
2317,Positive.,,0.0
2318,he is uncertain about what will happen to the dolphins,Dozens of dolphins swam out of the polluted waters of Haifa Harbor on Tuesday.This was the first tim,0.36422523856163025
2319,were curious,,0.0
2320,dolphins made a surprise visit to the polluted harbor,Dozens of dolphins swam out of the polluted waters of Haifa Harbor on Tuesday.This was the first tim,0.45484545826911926
2321,Germany in 1609,"Europe didn't have a regularly printed newspaper until 1609, when one was started in Germany.",0.08411168307065964
2322,1702,"The first daily English newspaper was the Daily Courant, which came out in March 1702.",0.0
2323,History of newspapers,"Today, as a group, newspapers in English have the largest circulation  in the world .But the largest",0.41356924176216125
2324,To make more new friends.,Some people make you feel comfortable when they are around.,0.2888822853565216
2325,Three.,,0.0
2326,can change the topic of the conversation properly,First it means not to change the subject of conversation.,0.30781131982803345
2327,you'd better let him know it,"And once we know what it is, we can try to do it ourselves.",0.3692083954811096
2328,It can be avoided if human values are translated into their language.,Some robots are already programmed with basic human values.,0.24689234793186188
2329,They are ill-bred.,,0.0
2330,By picking up patterns from massive data on human behavior.,"This danger can be avoided, according to computer science professor Stuart Russell, if we figure out",0.24347159266471863
2331,Do sufficient testing before taking action.,The biggest concern with robots going against human values is that human beings fail to so sufficien,0.20036730260598498
2332,Determine what is moral and ethical.,"It will be possible to create more sophisticated moral machines, if only we can find a way to set ou",0.22790910303592682
2333,They were being hunted.,,0.0
2334,To drive as far as possible and then walk.,"We will get as far as we can before proceeding on foot,"" Mark explained.",0.23013070225715637
2335,The desert heat would kill them.,"""We'll still be crossing the desert when they catch up with us.",0.2893153727054596
2336,Mark was the leaders in the action.,"We will get as far as we can before proceeding on foot,"" Mark explained.",0.3567170798778534
2337,got her clothes dirty,"They had just put on clean clothes, so I was a little worried about the mud on the playground.",0.36642584204673767
2338,special way to show her love,Here is a heart for you --just because I love you!,0.26022183895111084
2339,children may find happiness more easily in life,I will spend a lot more time on the playground with my children.,0.3182837963104248
2340,It's effective to use.,,0.0
2341,apply the procedure of downloading the courses,The plan of the largest publishing companies to get in line with the trend is to save a large quanti,0.2656384223715212
2342,Being for.,,0.0
2343,giving smile cards,You don't need cards to make someone smile.,0.39521726965904236
2344,who may be a salesman,,0.0
2345,the older gentleman would smile later after he got the smile card,"In the produce department, she gave a card to a young man and she hoped it would make him smile.",0.41623878479003906
2346,how to deal with stress in life,"When you get tense  about something that happens in your life, you are experiencing stress.",0.4487786293029785
2347,Too much stress is bad for our health,"Too much stress can cause anger, depression and other related symptoms, which you need to seriously",0.3840993642807007
2348,warn him of the danger of being killed,"In the fight that followed, four of them were shot dead, including Catesby and Percy, who were actua",0.26910172118133685
2349,13,,0.0
2350,He was shot dead in the fight.,"In the fight that followed, four of them were shot dead, including Catesby and Percy, who were actua",0.3424931508540572
2351,describe one event in the British history,"The plot failed because one of the conspirators, Francis Tresham, sent a letter to his relative, who",0.26092150807380676
2352,To have it replaced.,"Several months ago ,I bought a tent that leaked the first time I used it and wanted it replaced .",0.17036856710910797
2353,Ima didn' t have the receipt,Your employees refused to give me my money back even though I had the receipt.,0.23935574293136597
2354,Dissatisfied.,,0.0
2355,time,"Several months ago ,I bought a tent that leaked the first time I used it and wanted it replaced .",0.24697545170783997
2356,complain about poor service,"Dear Mr. Plant,
I am an enthusiastic camper and longtime X-Ports customer, but after being offended",0.30826854705810547
2357,The use of new technologies in teaching.,"Virginia Berninger, professor of educational psychology at the University of Washington, says it's i",0.31770166754722595
2358,focused on the difference between writing by hand and on a computer.,"With the coming of new technologies like computers and smartphone, writing by hand has become someth",0.40417167766444734
2359,Spelling ability is closely related to writing ability.,Berninger and her colleagues conducted a study that looked at the ability of students to complete va,0.30249759554862976
2360,Handwriting still has a place in today's classrooms.,"However, while today's educators are using more and more technology in their teaching, many believe",0.3191449046134949
2361,Suckers.,"6 years ago, scientists discovered that suckers only were not enough.",0.27287423610687256
2362,to produce friction and static adsorption,It is the bristles   on each foot that adds friction   and static adsorption   that makes a lizard m,0.23997899889945984
2363,serving as another leg,"A further study showed the lizard's tail can prevent it falling over backward and, what's more, that",0.14782080054283142
2364,low price,,0.0
2365,Huge e-commerce market for the elderly,"Yet, the market seems not to be valued as it should be.",0.41560953855514526
2366,everyone seemed to be free for others,"The Sunday visit was something to desire strongly.It was the repetition to church, our reward for an",0.14969824254512787
2367,"Nowadays, Sunday has almost lost its association as a day of rest.","Sunday as a day of rest is, or was, so deeply rooted in the culture that it's surprising to find tha",0.479222973758701
2368,what a parrot thinks,Alex was a one-year-old African grey parrot and Irene taught him to produce the sounds of the Englis,0.2714392378604232
2369,rehearing them,,0.0
2370,understand some words,"""He has to hear the words over and over before he can correctly say them.""",0.3751066327095032
2371,mental ability can evolve in animals,They thought animals were more like robots but didn't have the ability to think or feel.,0.3633311688899994
2372,to tell the students how to study well,There are many students who know many good learning methods but don't study well.,0.39806288480758667
2373,you must enjoy learning,It doesn't mean that you must always like the subject.,0.33269646763801575
2374,To study at any possible time and place.,"By using your time properly, you can do your homework more quickly.",0.3386528789997101
2375,"Knowing good methods, you can't be good at study without working hard.",Here's some advice for you: have a certain time each day and a quiet place with good lighting for st,0.3478160500526428
2376,"No pains, no gains",,0.0
2377,city development and birds,"""While urban development usually reduces the number of birds in a city, building more compact   citi",0.40399163809201366
2378,It is bird-friendly.,,0.0
2379,is worth praising,,0.0
2380,It suggests leaving more green spaces for birds.,"""While urban development usually reduces the number of birds in a city, building more compact   citi",0.46197817697638116
2381,A news report.,"Now the Queensland Government has adopted the more compact urban growth strategy, which, Dr Richard",0.28921595215797424
2382,a machine,,0.0
2383,The bus driver sent the girl to the hospital.,"The child, Nicole Hobson, was being taken by her mother to Children's Memorial Hospital about 11 P.",0.4397101104259491
2384,The child could have been saved.,The child was stricken about a mile from the hospital.,0.4604545533657074
2385,keep the classroom clean and tidy,"School Toilets
For good hygiene  and convenience of all, please keep our toilets dry and clean.",0.5930156111717224
2386,clean them and wash their hands,Always clean them with water after use and wash your hands after that.,0.31134504079818726
2387,School rules,It is so important that the school provides a pleasant environment.,0.4366929531097412
2388,Cook's Academy.,Come along and learn how to cook with a top chef!,0.236552894115448
2389,You will learn climbing both indoor and outdoor.,At the end of the week you'll get to use all your new skills when you visit a local cliff for some o,0.2437177300453186
2390,Cook's Academy and Film Making,"Film Making
You and your group will be able to choose what type of film to make - adventure, fantasy",0.4073553681373596
2391,You can create your own film in Film Making holiday.,"Film Making
You and your group will be able to choose what type of film to make - adventure, fantasy",0.5547003746032715
2392,to help the students to learn about university life.,"Since many of you are planning to study at a college or university in this country, you may be curio",0.32499990251980065
2393,require the students to read beyond the textbooks,So it isn't enough to just read your textbooks; you have to attend lectures as well.,0.3609780967235565
2394,working under the guidance of university professors,"Since many of you are planning to study at a college or university in this country, you may be curio",0.3346636068196592
2395,read and write less than non science majors,So it isn't enough to just read your textbooks; you have to attend lectures as well.,0.35421544313430786
2396,people should be careful when receiving e-mails,People are also connected through phones.,0.42326802015304565
2397,your phone bill increases for unknown reasons,"For example, these virus may have the power to record your phone conversations and make others hear",0.1607000231742859
2398,Mobile phone users,But mobile phone producers are _ .,0.5945271849632263
2399,Gorilla Grill.,"Gorilla Grill is the spot for toasted food, kids' meals, snacks, and ice cream.",0.2165805548429489
2400,3 pm. on March 5,"Hour
The Zoo is open from 10 am to 5 pm every day of the year except Christmas Day.",0.256187379360199
2401,$18.,,0.0
2402,have a picnic on the Zoo grounds,"Admission Prices 
Adults (aged 13 and above): $ 9
Seniors (aged 62 and above): $ 6
Children (aged 2",0.2419937402009964
2403,He is very fond of traveling.,"I like traveling, so when the chance came, I jumped at it,"" he says.",0.3264799118041992
2404,Estrella doesn't often feel homesick because of his work.,"Estrella is responsible for the cleanliness of the ship, making sure that 160 crew work properly.",0.4966696500778198
2405,strange,Now I am in a strange world.,0.35950982570648193
2406,an earth monster,"There are many earth monsters   here, too.",0.24278877675533295
2407,a wing on its body,,0.0
2408,a TV set,,0.0
2409,Behavior considered unacceptable to the society.,You know that to take the action is wrong in some way and that other people will not accept your beh,0.24841695016289606
2410,thin people are more successful,"Unlike many other taboos, fat is a topic that people talk about constantly.",0.2631731927394867
2411,their concern for health,Recent research has shown the importance of diet and exercise for personal health.,0.1559632122516632
2412,A famoust American magician,"In 1891, Houdini became a professional magician, but at first he met with little success.",0.13595805033199757
2413,Houdini was famous for his astonishing magic.,Harry Houdini(1874--1926) was a world-famous magician and a performer of death-defying stunts .,0.4173256456851959
2414,The discouraging economy and unemployment,Many point fingers at the poor economy.,0.2313021868467331
2415,understandable,,0.0
2416,Redefinition of American Dream,"You may have heard of the American Dream, an ideal that has powered the hopes of Americans for gener",0.38807647934716244
2417,a kind of tree in South America,Nowadays Brazil is the most powerful country in South America and one of the most important nations,0.24690018594264984
2418,black slave's hard work,"During that time, Portugal brought millions of black slaves to work in its sugar refineries .",0.2833896279335022
2419,coffee,"During that period of time, lots of European immigrants were crossing the ocean to find jobs in the",0.12886463105678558
2420,students,"In fact,teachers want to get along well with you and enjoy seeing you learn.But teachers and student",0.1981966495513916
2421,have more pleasant time in the classroom,"Do your best,whether it's a classroom assignment,homework,or a test.",0.20021963119506836
2422,if you fulfill your basic responsibilities as a student,"However,if a certain teacher isn't your favorite,you can still have a successful relationship with h",0.36969250440597534
2423,lose enjoyment,,0.0
2424,Winning the World Cup gives weight to Argentina's position in the world.,Sports fans and supporters get quite _ about the World Cup.,0.1936921924352646
2425,remind people of the real sense of folk music.,"""People coming off a busy spring and summer have a moment of relaxation.""",0.27847859263420105
2426,Riedel has volunteered for the festival for at least developed 5 years.,"For five days, Edmonton's Downtown Park is transformed into one huge stage where artists are able to",0.4675721824169159
2427,the Edmonton Folk Music Festival is well organized .,"The Edmond Folk Music Festival begins on Wednesday, Aug 4 with Van Morrison plaything the special do",0.5280721187591553
2428,One Festival for All.,"The festival has completely sold out of tickets, and in record time, so using the same Park and Ride",0.3594500422477722
2429,might have been put into prison,I have friends who ended up in prison.,0.26804134249687195
2430,a book,"He started giving lectures about education, and wrote a best-selling book based on his classroom rul",0.20611087359611122
2431,None,,0.0
2432,a good teacher has a good influence on his or her students,He said he would draw three names out of a hat  ; those students would go with him to Los Angles to,0.25203847885131836
2433,She envied what the lady owned.,"A couple of weeks later,sitting in our usual parking lot,I was holding a book,watching her over the",0.2618661114162287
2434,Knowing the lady's suffering.,"I couldn't watch them drive away as the tears were blinding me.Through my tears,I told my husband ab",0.2945361909918244
2435,Looks can be deceiving.,,0.0
2436,Jane suffered from unbearable pain and depression after she got the concussion.,"It started two years ago, when I hit my head and got a concussion  .",0.4264863431453705
2437,feel more optimistic and more open to others' opinions,I knew from researching the psychology of games for more than a decade that when we play a game -- a,0.10381536930799484
2438,Peer Tutoring.,Meetings: All tutoring is done on an individually scheduled basis.,0.2909366190433502
2439,"6:00 p.m., January 5, Thursday","Meetings: First Friday of the month in Room 5 at 7:00 a.m.
Advisor: Ms Mary Beth Nawor, _ 
Peer Tuto",0.2853335758065242
2440,They need to be academically proficient to join Peer Tutoring.,"Meetings: First Friday of the month in Room 5 at 7:00 a.m.
Advisor: Ms Mary Beth Nawor, _ 
Peer Tuto",0.24285623913831145
2441,Someone or something appearing different from others.,,0.0
2442,The doctors will force you to stay in hospital.,,0.0
2443,making mistakes is a must in making progress in learning English,"Among the four skills in learning English ,which of these is the ""Odd-Man-Out""?The answer is speakin",0.3233919700518874
2444,Recite poems loudly along the riverside.,,0.0
2445,The US population has been aging rapidly since 2005.,"April 19, 2035
Of the total US population of 378 million, people over 65 years of age now make up 20",0.3420737385749817
2446,Re-Hydro will be widely used in the future.,Most analysts believe that Re-Hydro will be the .dominating fuel in the future,0.38397887349128723
2447,observe space weather,It will replace a satellite that has been observing space weather.,0.4508800208568573
2448,during the worst of the 11-year-long solar cycle,He says these ejections are much more dangerous than solar particles.,0.3405396342277527
2449,ejections are far more dangerous than solar particles,DSCOVR will gather information about a continuing flow of particles from the sun.,0.3477919399738312
2450,between 15 and 60 minutes,Mr. Berger says the warning will provide NOAA about 15 to 60 minutes to let people know that a very,0.2705273926258087
2451,future models will be able to tell what part will be more likely to be hit,But Mr. Berger says a new system may be able to give more-targeted warnings.,0.43862658739089966
2452,the second Sunday in May and the third Sunday in June,She was the one who chose the second Sunday in May and also began the custom of wearing a carnation.,0.396024227142334
2453,Woodrow Wilsson and Margaret Chase Smith,Mother's Day was proclaimed a day for national observance by President Woodrow Wilson in 1915.,0.11194931694193157
2454,"With people making their own presents, stores do less business during these holidays.","Greeting card stores, florists, candy makers, bakeries, telephone companies, and other stores do a l",0.348428338766098
2455,To introduce two traditional festivals.,These two special days are celebrated in many different ways.,0.4180988669395447
2456,worn by being exposed to the weather,"Since then, the dome has become weathered and worn.",0.2547426223754883
2457,To replace the cast iron frame.,"""The capitol dome, being cast iron, has been hit by lightning countless times.",0.31843236088752747
2458,They held different views on the Capitol's current appearance.,The last major repair work on the U.S. Capitol took place in 1960.,0.19496826827526093
2459,a news report,,0.0
2460,activities to make the ties between the Chinese and American students stronger,Seventy-five American students were selected to visit China.,0.35867759585380554
2461,visited China,"The Summit was to mark the 25th anniversary   of President Nixon's journey to China, which was the t",0.32759255170822144
2462,the youth Summit,"The Summit was to mark the 25th anniversary   of President Nixon's journey to China, which was the t",0.4116747975349426
2463,the result after the tsunami,Psychologists are warning that mental health problems caused by the tsunami could prove harder to re,0.31203776597976685
2464,has reached 5 million,Relief teams hope to reach all of the estimated 700 000 hungry in Sri Lanka within three more days.I,0.21876032650470734
2465,disease,"For those who survived the tsunami's force,disease is now the No.1 problem.Five million people are s",0.31625574827194214
2466,mental health problem,Psychologists are warning that mental health problems caused by the tsunami could prove harder to re,0.24005798995494843
2467,get away from the farm,One day his boss told him to sell some odds and ends ( ) for as much as he could get.,0.24531474709510803
2468,knives were ordered in large quantities directly from the factory.,"He took a short business course, and went to work as a salesman in a large city.",0.29531675577163696
2469,His business skills and his wealth.,"He always run his business according to strict rules, of which the most important was: "" The custome",0.329717380464162
2470,stores should do their best to meet the customer's needs if they want to be successful.,Frank decided he did not want to be farmer.,0.3405739963054657
2471,a family secret,"""Why pick my family?""",0.3190573751926422
2472,terrified,,0.0
2473,She needed it for her school task.,"""You just destroyed the school's skeleton, Mum,"" explained Mary.",0.13943243026733398
2474,They understood what had really happened.,"""What happened?",0.3103060722351074
2475,The history of Tin Pan Alley.,"The start of Tin Pan Alley is usually dated to about 1885,.but the end of Tin Pan Alley is less clea",0.5639935232255807
2476,the American music publishing industry.,"In the late nineteenth century, ^5,000 pianos were sold in the United States each year and, with ove",0.1703559325691582
2477,sheet music,"The start of Tin Pan Alley is usually dated to about 1885,.but the end of Tin Pan Alley is less clea",0.1340984281967522
2478,very noisy,,0.0
2479,"the term "" Tin Pan Alley"" was perhaps first used by Rosenfeld.","The start of Tin Pan Alley is usually dated to about 1885,.but the end of Tin Pan Alley is less clea",0.5086582070899933
2480,It is formed to develop commercially practical eye-controlled technology.,"Johansen and some of his colleagues have formed a new company, The Eye Tribe, which is hoping to dev",0.30523543332373776
2481,the development of eye-controlled computer technology began a very long time ago,The GazeGroup has been developing eye-controlled computer technology   for nearly 20 years.,0.43110546469688416
2482,a replaceable filter,"Since most smartphones and other mobile devices can't come standard with an infrared device, Johanse",0.172176047120816
2483,Keep them company.,,0.0
2484,She was loved by everybody she met.,"Brownie, in return, loved each other and every one of us.",0.25947803258895874
2485,smiled,,0.0
2486,Caring,,0.0
2487,People who disbelieve the serious situation of our planet.,"The ""eco-guilt"" brought on by the discouraging news about our planet gives rise to the popularity of",0.3286730213376541
2488,Some big businesses intend to protect their own interests.,"Unfortunately, that is often inaccessible as blocked by the desire to be shocking or to defend some",0.2824523150920868
2489,voice a different opinion,"But only a different review appeared in Nature, a respected science magazine with specific readershi",0.15511086142173727
2490,To show the importance of presenting overall information by the media.,"A critical   eye is valuable, and the media should present information in such a way that could allo",0.3676689202673625
2491,the winds and tide were too strong,"Nearly worn out while swimming against the tide, they finally made it to the shore.",0.24156038463115692
2492,To create a story describing a rescue at sea.,"Violent winds swept the ocean, and waves thundered to shore, shaking the lookout tower at Pea Island",0.49907350540161133
2493,All the passengers of a shipwreck were rescued because of heroic the efforts of a special leader and his crew.,"After the ship's crew dragged the line onboard, the surfmen would fire a second line and carry survi",0.4281639239853795
2494,The American dream of owning a house.,"For millions of people,the American dream of owning a home seems to be slipping out of
reach.",0.35007596015930176
2495,buy a house,"""Maybe young couples can no longer afford to buy a ready-made house as their parents did,' says 40-y",0.35433152318000793
2496,Most of the owner builders design their homes.,"""An astonishing 50 percent of these owner builders hammer every nail.1ay every pipe,and wire every s",0.48906055092811584
2497,Less than 40 percent of owner-builders buy commercial plans.,One survey revealed that 60 percent of owner-builders also design their homes.Many others buy commer,0.43519636922591015
2498,Development of the National Flag,The national flag as we know it today is in no way a primitive artifact.,0.33266589045524597
2499,they were believed to stand for natural forces,They believed that the power of the wind would be added to the good wishes of the gods and ancestors,0.15339402854442596
2500,He doubts where it started.,,0.0
2501,The second ancestor of the national flag.,"The flag, the most common symbol of a nation in the modern world, is also one of the most ancient.",0.3657771944999695
2502,ask for some advice,"If you still have no idea of what to do, don't be shy about asking the person next to you; it's bett",0.23436013618680482
2503,should arrive on time or five to ten minutes late,You should arrive on time or five to ten minutes late.,0.35647401213645935
2504,keep silent at table,"At the dinner table, how can I know which fork or knife to use?",0.2590393126010895
2505,Daniel had to be sent back to his father,"When the tests came back, they showed Daniel was a perfect match.",0.28031373023986816
2506,He tried his best to make her laugh.,"He tried as hard as he could to make me laugh, to bring back the grandma who loved to clown around",0.12480673938989639
2507,She wasn't at all happy with his offer.,He could see I wasn't at all happy with his offer.,0.31664493680000305
2508,He would also give up his life's dream: to play football.,Things were going along just fine until the diabetes   I've lived with most of my adult life started,0.24122288823127747
2509,She was full of life.,"I was living, but I couldn't really call it a life -- it was an existence.",0.2748711407184601
2510,"Daniel agreed with grandma that the transplant was worthwhile for her, not for him.","My grandson, Daniel, and I have always been very close.",0.5168486833572388
2511,Cigarette smoking contributes to decreased IQ and thinking.,The team found that men with higher scores on the lifetime alcohol problems scale(LAPS)and those who,0.5050516724586487
2512,nicotine exposure can improve mental functioning temporarily,"Thus,though smoking did not account for all of the decreased mental functioning observed among the a",0.5303922295570374
2513,other factors can cause the poorer mental functioning besides smoking,"Thus,though smoking did not account for all of the decreased mental functioning observed among the a",0.5335333347320557
2514,to warn us of the bad effects of smoking on IQ and thinking,"In her study,""Cigarette smoking has a bad effect on IQ and thinking,"" she said.",0.4766104221343994
2515,has been written for ten years,"Ms Sykley said she had been working on the book for 10 years to help young people feel happier , hea",0.26112027509960706
2516,To help teenagers with their mental health problems.,Dementors were depressing spirits used in her book to help teenagers learn how to prevent mental ill,0.1830667108297348
2517,a newspaper report,,0.0
2518,children should be educated at home.,"Today, it is estimated that about one million home schooled children in the United States and tens o",0.3526782989501953
2519,can develop their practical skills,And they will interact with each other and develop social skills.,0.2981245815753937
2520,supportive,,0.0
2521,collect donations for the homeless people,"Countless people long to make a difference this holiday season, yet they don't realize that opportun",0.2800389115795166
2522,He got help from others,Any talent can be used to help the community in meaningful ways.,0.25651246309280396
2523,Writing,"For me, I love to coordinate  events and write , and so my way of reaching out to the community is t",0.21444928646087646
2524,Make a Difference in Your Holiday Season,"Countless people long to make a difference this holiday season, yet they don't realize that opportun",0.5058268376445421
2525,organic foods cost more but are not necessarily better than conventionally grown foods,"Conventionally grown food generally costs less, but is organic food a better choice?",0.5238370299339294
2526,value food safety and nutrition,"Conventionally grown food generally costs less, but is organic food a better choice?",0.23114433884620667
2527,Doubtful.,,0.0
2528,creative and competent,,0.0
2529,Developing passion for what one is doing.,Follow your passion.,0.25167950987815857
2530,Disapproving.,,0.0
2531,"The North Star, together with some other stars, make up the Little Dipper.","If you were to stay up all night looking at the stars, you'd slowly see them move around a point in",0.3128911554813385
2532,Now the North Star is no longer a navigational tool used by sailors.,"Due to its position in the sky, at one time sailors used the North Star as a navigational tool.",0.5145391225814819
2533,What makes the North Star so special?,The North Star is the brightest star in the constellation known as the Little Dipper.,0.46762987971305847
2534,You can sleep in the tree house.,"Coolest Hotels in the World
Artau Aragon Towers
The Ariau Amazon Towers hotel lets you sleep in a tr",0.08583352484877897
2535,htlp://www.bahamabeachclub.com,,0.0
2536,The Ice Hotel.,"For more information, visit the website: http://Hwww.ariautowers.com
The Ice Hotel
Every winter in J",0.24008864164352417
2537,pray for grandfather.,My grandfather died the next week.,0.34895673394203186
2538,She is very kind.,,0.0
2539,The old lady's smile.,"The old lady was sitting next to me, smiling.",0.3546251952648163
2540,Students were not allowed to ask questions.,Students couldn't ask questions.,0.4291495084762573
2541,Einstein gradually loved mathematics with his uncle's help.,"Albert said he felt as if he were in prison..
One day Albert told his uncle Jacob how much he hated",0.37151607871055603
2542,modern technology,"Because of modern technology like the satellites that travel around the world, information travels f",0.25994613766670227
2543,the world now seems smaller because of faster communication,It means that the world seems smaller.,0.5678368806838989
2544,by sea,,0.0
2545,in America,"In the seventeenth and eighteenth centuries, it took six weeks for news from Europe to reach America",0.21799568831920624
2546,by constantly changing the fashions in women's clothing,"When comparing men and women in the matter of fashion,the conclusions to be drawn are obvious.Do the",0.3966219425201416
2547,a waste of time,Changing fashions are nothing more than the intentional creation of waste.Many women spend vast sums,0.08544798940420151
2548,comfort,Changing fashions are nothing more than the intentional creation of waste.Many women spend vast sums,0.12242123484611511
2549,New fashions in clothing are created for the commercial exploitation of women.,"When comparing men and women in the matter of fashion,the conclusions to be drawn are obvious.Do the",0.5166064600192133
2550,Buy something in the general store.,Going to the store was like going into battle.,0.24010774493217468
2551,She served herself.,,0.0
2552,Her tricks made the author finish shopping in a shorter time.,But by summer's end the shopping trip that had once taken me an hour was done in 15 minutes.,0.3393445312976837
2553,tell readers Miss Bee's influence on her.,"She looked up and said, ""I'm Miss Bee.""",0.3836006820201874
2554,a TV show,"which, since its first show in October, has become one of China's most popular television shows, cov",0.24852638301961683
2555,how the fathers look after and guide their children,lies in the chance to have a close look at the lives of popular Chinese stars and their children.,0.33472585678100586
2556,"While they bring up their children, parents are improving their parenting styles.","""As they raise their children, parents are growing up at the same time,"" said Wang Renping, a popula",0.5005125507609967
2557,audiences enjoy laughing at others' failure in life,"Audiences fancy watching the failed attempts of star dads making dinner, braiding hair , and discipl",0.24266580351373843
2558,temperatures and water levels in the air,Snow is a form of frozen water.,0.18976378440856934
2559,the reflected light is white,This is because the light we see from the sun is white.,0.28932368755340576
2560,It contains air which helps hold heat.,The shape depends mainly on the temperature and water levels in the air.,0.23969468474388123
2561,He asked some of his sailors to get onto the boat to sail it.,"During the past 30 years, the triangle has claimed the lives of some 1,000 sailors and pilots.",0.23821356835461807
2562,The Mysterious Bermuda Triangle,"During the past 30 years, the triangle has claimed the lives of some 1,000 sailors and pilots.",0.41641765832901
2563,a book for language learners,,0.0
2564,cities,"Many large Russian cities such as Chelayabinsk and Irkutsk, have taken steps to protect their cultur",0.3059364564392376
2565,"we should think before, while and after reading a passage",Think while you are reading.,0.42900848388671875
2566,children behave worse than they did in the past,"Beside him sits his wife, with their children around her: Granny and her elder brothers.",0.32443082332611084
2567,the writer was not so well raised as she was required to pretend,"We would always be warned in advance to be on our best behavior, since my mother made a great effort",0.18293903768062592
2568,it called to mind the values of good old days.,"If you give her the chance, she then takes out of her drawer the old photograph album which she keep",0.2953484058380127
2569,hoped happiness would be everlasting,"We would always be warned in advance to be on our best behavior, since my mother made a great effort",0.20612506568431854
2570,the brain grows at its fastest rate during the first three years of life.,Parents were questioned about the types and frequency of the food and drink their children consumed,0.21440210938453674
2571,Good nutrition at any stage may encourage excellent brain growth.,Scientists stressed good diet was essential in a child's early life as the brain grows at its fastes,0.45883443210470853
2572,have a lower IQ whether he improved his diet,"The effect is so great that researchers from the University of Bristol said those children with a ""h",0.24402104318141937
2573,Healthy diet improves children's intelligence,Children brought up on healthy diets are more intelligent compared with their junk food eating partn,0.5140927077861783
2574,increasing urbanization takes place in China,"As China becomes increasingly urbanized  , it has to find space for its urban and rural citizens as",0.2996210753917694
2575,benefit the environment and lower living costs,Less transportation means we have fresh agricultural products at lower costs and less carbon emissio,0.3514637661677775
2576,hopeful,,0.0
2577,UNICEF Goodwill Ambassador,"Three months after his nomination  , Lang went to Tanzania with the UNICEF team to visit children th",0.4260395440400867
2578,help children who are in great need,"""I love children very much, and playing piano for them is my favorite,"" Lang said, beaming with deli",0.163344432242232
2579,To help those children facing serious diseases.,"""I love children very much, and playing piano for them is my favorite,"" Lang said, beaming with deli",0.22561992528489294
2580,Children's passion for music.,"So far Lang has chosen five children from the United States and Germany, providing them with scholar",0.15970443189144135
2581,strange flying objects,Burdens noticed that the moon looked strange that night.,0.23255079984664917
2582,when they were walking across a yard to Burdens' room,"Dennis Burdens, who wrote an article, tells us that he once saw a UFO himself.",0.3001275956630707
2583,a large plate,It seemed to be an object rather like a big plate.,0.09326065331697464
2584,by several people,People call these strange objects Unidentified Flying Objects(UFOs).,0.17403076589107513
2585,got better grades than men,"Women work harder at school, harder at university, and do better at both, but they still receive les",0.19373340232918448
2586,They play a lot more than women.,"""It also shows something about the inequality for working women in terms of pay and promotion.",0.290572851896286
2587,"compared with men, women are in an unfavorable condition in the male-dominated world","In contrast, men were more likely than women to miss lectures due to ""other affairs"" and ""laziness"",",0.31004810333251953
2588,make all students work hard and realize the importance of higher education,"Women work harder than men at university and get better degrees as a result, according to a study at",0.34065696597099304
2589,They rushed back and shut the door.,"Hopeless,they tried to break the windows,but the glass was not breakable.Everything they threw at ju",0.22039474553844635
2590,get the reader's attention,"Get out of there!""",0.5918207764625549
2591,breaking the windows to get some fresh air,"Get out of there!""",0.48116499185562134
2592,She remained calm in the face of danger.,,0.0
2593,by sharing their feeling and reading their minds,Books introduce us into the best society; they bring us into the presence of the greatest minds that,0.2394278198480606
2594,Companionship of books,Books possess an essence of _ .,0.41366368532180786
2595,analyzing causes,,0.0
2596,a flexible pay to the future assistant professor,"Assistant Director of Media Resources Center
Maryland Institute College of Art is seeking an Assista",0.21406358026066136
2597,Maryland Institute College of Art,"Assistant Director of Media Resources Center
Maryland Institute College of Art is seeking an Assista",0.3760421878039723
2598,Employment Information,For complete information see http://finearts.wichita.edu.,0.3613939881324768
2599,American children begin to learn how to manage money when very young.,American parents usually think that their child should not have more pocket money than the children,0.47906628251075745
2600,have most of it saved in the bank,"The idea of a bank account is too early for so small a child, although he can be made to understand",0.1958681046962738
2601,Because he can not manage his money and is kept himself in an unfavorable position,"He will be saving, earning, and spending suitable quantities all along in order to learn how to mana",0.3167121073555905
2602,the world's best places for beach walks,"Co. Uk, we've been searching the globe to find you the world's best and most glorious beach walks, a",0.44822341203689575
2603,you will be fascinated by the scenery,"Walking from the city's famous Bondi Beach to the sweeping curve of Bronte Beach takes just an hour,",0.14383596181869507
2604,It provides visitors a variety of great landscapes.,"Beaches are not only great for lying on and doing water sports, and in fact one of the best ways of",0.1761450469493866
2605,His life in the Grammar School.,"He almost certainly attended the Grammar School in the town, but of this we cannot be sure.",0.3109089136123657
2606,not all the comments on Shakespeare's works have produced good effects,Most of us use about five thousand words in our normal use of English; Shakespeare in his works used,0.2586198151111603
2607,People pay more attention to the comment than the poetry of Shakespeare.,"Shakespeare, more perhaps than any other writer, made full use of the greatest resources of the Engl",0.33130779101620567
2608,the people whose native language is English,There is probably no better way for a foreigner to appreciate the richness and variety of the Englis,0.21835210040965886
2609,often perform seemingly dangerous actions,"Often a stuntman's success depends on careful timing .For example, when he is ""blown up"" in a battle",0.32673880457878113
2610,selling their special skills,,0.0
2611,his safety is generally all right,"Often a stuntman's success depends on careful timing .For example, when he is ""blown up"" in a battle",0.2474195957183838
2612,Exactness,,0.0
2613,Sometimes an accident can occur to a stuntman.,"They often get seriously injured, and sometimes killed.",0.32005178928375244
2614,An experience at sea.,We finished lunch and then decided to rent a boat because the sea and the weather were beautiful.,0.3311752676963806
2615,In the afternoon.,,0.0
2616,they went on rowing,"When I was in medical college, I went camping with some of my friends.",0.40149058216764605
2617,the boat shook too much,"The sea changed a lot, the waves got very high, and the boat began to shake like a cradle .",0.26146772503852844
2618,Steve had ever doubted whether Katie could survive,For three years Katie received a lot of treatment at the Nemours Hospital for Children in Wilmington,0.3477230668067932
2619,They were great.,,0.0
2620,He didn't get even half the pay he used to.,"The job change came with a 65% pay cut from what he was making as a lawyer, but Steve thought he was",0.17592346668243408
2621,raise money to save more children's lives,For three years Katie received a lot of treatment at the Nemours Hospital for Children in Wilmington,0.16012640297412872
2622,lived in so many underground cities,Many cities have underground car parks.,0.38109150528907776
2623,"Tunnels, car parks, shopping areas.","In some cities, such as Tokyo, Seoul and Montreal, there are large underground shopping areas.",0.3800765409620917
2624,"Building down, not up.",Supporters  of underground development say that building down rather than building up is a good way,0.3599822223186493
2625,on holiday,,0.0
2626,it polluted the sea,I have been working as a policeman on the sea for eight years.,0.3340235650539398
2627,Happy.,,0.0
2628,71%,,0.0
2629,bathrobes and towels.,Four in ten U.S. survey-takers said they'd stolen something - mostly towels (28%) and bathrobes (8%),0.26466044783592224
2630,The global worst travellers were announced.,"Those in the U.S. ranked themselves as the worst travellers by a shocking 20 per cent, followed by 1",0.4256954491138458
2631,Digging sand to find something.,"Building sand castles, digging sand to find something, riding bicycles and flying kites are also pop",0.31948909163475037
2632,Travel information about Long Beach,"Long Beach, a 28-mile area of beach, lies in southwestern Washington, and is generally called Long B",0.4353545606136322
2633,a travel guide,,0.0
2634,The brief introduction of Ji Xianlin.,"With his achievements in the history of Sino-Indian cultural relations, Buddhism history,  Indian li",0.38317450881004333
2635,The ultimate target of cultural exchange is to achieve a kind of Great Harmony.,Only by learning from each other's strong points to make up for shortcomings can people constantly p,0.3378886878490448
2636,European-American culture.,"According to him, human culture is divided into four parts: Chinese culture, Indian culture, Arabic-",0.24576598405838013
2637,Institutions worldwide are hiring administrators from the U.S.,The decline in government support has made fund-raising an increasingly necessary ability among admi,0.2958916128226591
2638,Most of their money comes from the government.,But government support has failed to keep pace with rising student numbers.,0.24160416424274445
2639,They will view a lot of things from a new angle.,"For example, when the board of the University of Colorado searched for a new president, it wanted a",0.20156732201576233
2640,Global Headhunting in Higher Education,"""We didn't do any global consideration,"" says Patricia Hayes, the board's chair.",0.37956352843781027
2641,Life after retirement.,"Since my retirement from teaching music in 2001, I have spent a good deal of time painting as an art",0.3605545461177826
2642,he couldn't stop missing his father,"so perhaps I was trying to recover from the loss of my father, or maybe it was just that it brought",0.22584334015846252
2643,believed Wyeth to be the best in watercolor1s,"However, watercolor1s remained my first choice, and I think I did my best work there, showing my pai",0.3452697559657557
2644,Very enjoyable,,0.0
2645,if the animal makes a wrong decision,"Animals' ability to act reasonably is believed to come partly from what we may call ""genetic  learni",0.26896451402502497
2646,their environments change all the time,,0.0
2647,individual learning plays a less important role,"The more important individual experience is likely to be , the less important is genetic learning as",0.40096408128738403
2648,their natural action pattern with their own experience,"The more important individual experience is likely to be , the less important is genetic learning as",0.26493600010871887
2649,his breakfast should begin.,He read the paper all through breakfast.,0.38246533274650574
2650,each of them had to start and finish her job just on time,Her job was to stop the bus when it came.,0.23894882202148438
2651,Reading newspaper.,"Ready now, he was still reading the paper.",0.34950292110443115
2652,remember important things better,"As a result, you will get enough time to plan your schedule in a better manner.",0.22265347838401794
2653,Public transport shouldn't be only considered time-wasting.,"Well, the option of using public transport to save time, at first glance, may not seem to be a good",0.32405516505241394
2654,Easy ways to set aside time for yourself.,"Waking up early gives you ample time to exercise, have your breakfast peacefully, look after your ga",0.52429138576443
2655,"health, medicine, education, sports","* New Games sports may be added
The International Olympic Committee has canceled the 28-sportcap for",0.2737652361392975
2656,Australian study most expensive,"They have to spend an average of $ 42,000 ( about 258 ,000 yuan) a year to study at Australian unive",0.40681997387602936
2657,Some events may be held outside the host country in future summer Olympics,"* New Games sports may be added
The International Olympic Committee has canceled the 28-sportcap for",0.368613600730896
2658,Because they have no idea about how to listen.,"So if you thought that the music of some foreign culture (or Jazz) sounded like the crying of cats,",0.14666424691677094
2659,be trained to like particular music,This shows the importance of training or nurturing   the brain to like particular sound of combinati,0.3263879160592292
2660,Love of Music Is Not Natural But Nurture,"Our love of music and appreciation of musical harmony   is learnt and not based on natural ability,",0.42153531312942505
2661,The culture and tradition of the company.,"She once worked as the training manager for a large newspaper, where she found the corporate culture",0.2832646071910858
2662,To express her anger.,"But she found that she hadn't left her resentment, frustration, and anger behind when she resigned.",0.22289574146270752
2663,her painful experiences there was valuable for her,"If I hadn't had those painful experiences, I would never have written a book.",0.2853200435638428
2664,By giving examples,,0.0
2665,living with parents is common in some countries,"Of course, living with your parents is not unusual in some countries.",0.44213244318962097
2666,To show the present situation of young people living with their parents.,And he's not alone: a quarter of young adults in the UK now live with their parents.,0.40492209792137146
2667,ranges over at least four states,"Stay close to home and enjoy the following:
MNA Ventures 
              The MNA Ventures   program o",0.19419726729393005
2668,There are classes at varying times.,Discovery classes take place mainly in the Museum grounds but may include field trips to go with the,0.21113018610668044
2669,Custom Tours,"Custom Tours
              The Museum of Northern Arizona's Custom Tours offer opportunities to disc",0.35137468061671345
2670,Travel.,,0.0
2671,"From January 1,2007, Hong Kong bans smoking in most public places.","Hong Kong Bans Smoking
Do you plan to go to Hong Kong Disneyland with your family?",0.19279431219070703
2672,It is a holy place for Buddhists.,"Big Wild Goose Pagoda
The Big Wild Goose Pagoda has a history of over 1,300 years and is a typical a",0.03395743520579907
2673,In the Ming Dynasty.,"Xi'an Ancient City Wall
As one of the landmarks of Xi'an, Ancient City Wall still stretches round th",0.07843914164148522
2674,Tourists.,"Terra-cotta Warriors
As the greatest archaeological findings of the 20th century, Terra-cotta Warrio",0.1797331617601794
2675,inform us of fear and phobia,"But for some people, fear develops into a ""phobia"", which is a strong and unreasonable fear of somet",0.4269888987805436
2676,By giving examples.,,0.0
2677,They have succeeded in helping some people ignore memories related to phobia.,"""People with spider phobia would stay out of their home or dormitory room for days if they thought a",0.2733389437198639
2678,Fear is not a completely bad thing.,"But for some people, fear develops into a ""phobia"", which is a strong and unreasonable fear of somet",0.32523187155042116
2679,Keeping coins in his shirt pocket.,"As they prayed side by side, during one of the prostrations  , the coins fell down onto the carpet.",0.2720315456390381
2680,To help those in need in a proper way.,,0.0
2681,the man who hid the coins was probably living a hard life,The man reacted fast and picked up the coins and went off into another corner of the mosque.,0.4503740668296814
2682,Michael's company was trapped in trouble,Michael's company continued to slide.,0.4666929543018341
2683,They got an RV to serve their travel,We listed our house for rent and got a great deal on an RV .,0.3552188277244568
2684,historic sites,,0.0
2685,The family won't travel like this again,"""At midnight, I'd wake up and see him sitting in a chair,with his hand on his forehead",0.3232530653476715
2686,an organization,,0.0
2687,to call on people to offer their help to Africans,"For $10, anyone can send a net to Africa and help save a life.",0.32508432209394683
2688,She started working for NBN at the age of 5.,"Most of these people live in Africa, and are under age 5.",0.3811444938182831
2689,Their communication environment.,"Professor Sue Roulstone said, ""These findings are an encouragement to all parents to provide a posit",0.17151186148080563
2690,the very early years had a big effect on children's school performance,"And the better our children are at talking by the age of two years, the better they will do when the",0.3557591140270233
2691,speaking,,0.0
2692,The research could help children who suffer from learning difficulties.,The research also showed that although social background has a noticeable effect on a child's readin,0.38887445878020477
2693,education,"""This is a very positive message, as it gets us away from the belief that a child's educational futu",0.2233350146980961
2694,The sight of a father with a child in his arms.,A young father who held a child in his arms walked past me.I felt as if I saw my childhood from anot,0.34867273545873756
2695,Perhaps the father has got used to doing that.,All the lights were off except father's.,0.21695742011070251
2696,The father is actually kind to his son.,A young father who held a child in his arms walked past me.I felt as if I saw my childhood from anot,0.3361677520220502
2697,It focuses on how he worked as a politician.,The film focuses on the last four months of his presidency.,0.2926909625530243
2698,ended slavery to keep the country united,"""His main objective when the war began was not the freeing of the slaves but to keep the country uni",0.2492807342040156
2699,He looks very similar to Lincoln. ks5u,"In previous movies, Lincoln was shown as a simple yet almost perfect man.",0.2638978958129883
2700,It is of high quality.,,0.0
2701,Entertainment,,0.0
2702,A carriage.,,0.0
2703,Dutch or English,"And while you're there, check out the various inexpensive ways to tour the city.Don't worry about ge",0.14653721967154718
2704,The life of Jewish during World War II.,The city has a historic past.One impressive place to visit is the Anne Frank House on Nine Streets.I,0.10050476342439651
2705,offer readers some information about Amsterdam,"And while you're there, check out the various inexpensive ways to tour the city.Don't worry about ge",0.30666735768318176
2706,Water from it contains a lot of impure substances.,Sand and mud cannot dissolve in water.,0.4753524079285914
2707,to kill tiny microbes,Many microbes are harmful.,0.2799018323421478
2708,to get more people together,But what Fred truly wanted to do was to bring people together.,0.2828572988510132
2709,The race of life with intent.,"Fred would say that it's not about how long you live, but how you run the race of life.",0.38933953642845154
2710,Guling might have originally been pronounced as Kuling in English.,"In 1992, when Xi Jinping worked in Fuzhou, he came across a newspaper report about ""My Guling,"" writ",0.36705842971948577
2711,was deeply impressed by Guling's people and environment,"""She said that she would value this bond of friendship between her husband and the people of China,",0.3097253143787384
2712,Mr. Xi's concern and arrangement.,"In 1992, when Xi Jinping worked in Fuzhou, he came across a newspaper report about ""My Guling,"" writ",0.28004112925896724
2713,the Gardners' story is a moving one with a happy ending,But a Chinese student lodging at the Gardners' recognized the small town as Guling near Fuzhou City,0.3803502917289734
2714,A penguin came ashore on a beach thousands of miles away from its habitate.,"The black and white bird came ashore on a beach in the south of the North Island nearly 4,000 miles",0.47124415501550243
2715,the young bird's appearance in New Zealand is due to its hunt for food and delay of returning,The most likely explanation for its appearance in New Zealand is the hunt for food.,0.3396599590778351
2716,The young penguin didn't realize the sand wasn't going to melt inside it like snow it eats.,"""It doesn't realize that the sand isn't going to melt inside it because they typically eat snow -- t",0.3629801273345947
2717,they don't have anything to protect them,The sea turtles have no way to protect their eggs.,0.1673380583524704
2718,taken to the living-room,,0.0
2719,rules for dinner time are not strict,But there are no strict rules about time in Ghana.,0.24035799503326416
2720,Why do large animals tend to dominate the upper canopy of the rain forest?,"The canopy, the upper level of the trees in the rain forest, holds too much of climbing
mammals   of",0.5076108574867249
2721,A trip to Portugal is relatively cheap.,"Porto, Portugal
+351 220 409 620
Aruba
Set your sights on Aruba for an unforgettable Caribbean holid",0.2889797259636968
2722,Aruba,"Porto, Portugal
+351 220 409 620
Aruba
Set your sights on Aruba for an unforgettable Caribbean holid",0.374983172369371
2723,"1, 449 dollars.",,0.0
2724,he didn't expect the writer to recognize him instantly,,0.0
2725,the consequence would be very severe if Simpson didn't obey his wife,"""My wife gave me a letter to post, and I've just noticed it isn't stamped.""",0.35079339146614075
2726,The letter was just addressed to the writer.,"""My wife gave me a letter to post, and I've just noticed it isn't stamped.""",0.2434520125389099
2727,Stupid and careless.,,0.0
2728,It has negative effects on personal ties,"The rapid spread of Facebook, which has more than 500 million users worldwide, has prompted concerns",0.1823725402355194
2729,update their personal statuses,"Contrary to common belief, social media websites such as Facebook do not weaken personal ties, they",0.2936394914873421
2730,Men concentrate more on the functions of Facebook,"The researchers also found that although about the same number of men and women use Facebook, they d",0.4636915624141693
2731,watch TV programs online,The BBC's iPlayer - which allows Web users to watch TV programs on the Internet -adopted the title i,0.36908969283103943
2732,young readers,"Along with ""Google"" and ""blog"", readers of BBC Magazines voted ""i"" as one of the top 20 words that h",0.1586328148841858
2733,portable,,0.0
2734,"the popularity of ""i"" products may not last long","The iPhone, the iPad, each of Apple's products sounds cool and has become a fad  .",0.32824188470840454
2735,Advertisers perform a useful service to communities.,What a tremendously useful service they perform for the community!,0.49937912821769714
2736,appreciative,,0.0
2737,Comparison.,,0.0
2738,A letter from a reader about his experience.,,0.0
2739,Because his backpack had no room his clothes.,"""Only this backpack,"" Brian answered.",0.2400256097316742
2740,it saves time,,0.0
2741,promises to accompany the elderly,"The apartment is inside homes for the elderly, and the young renter must spend between three to five",0.1849978268146515
2742,The population explosion.,"And with population growth, comes an inevitable rise in the cost of living, and of course, sharp inc",0.22548061609268188
2743,in short supply,,0.0
2744,search for minerals,They were merely putting to use one of the newest methods of locating minerals in the ground -- usin,0.24601588851842557
2745,there were larger amounts of gold in the seeds growing closer to the tree trunk than in the seeds farther from it,"At Watson Bar Creek, a mineral search group gathered bags of tree seeds.",0.22489416599273682
2746,Leaves.,,0.0
2747,A new method of searching for minerals.,They were merely putting to use one of the newest methods of locating minerals in the ground -- usin,0.35483523727217237
2748,Thankful.,,0.0
2749,Five.,,0.0
2750,Smile brightens people up.,They smile and wish me the same.,0.45323082759832545
2751,They have no interest in anything,,0.0
2752,white collars suffer from material and mental pressure in life,"In the eyes of outsiders, they enjoy a comfortable life: they lead the fashion trend in the city and",0.4305213391780853
2753,The blocking of solar radiation,"Moreover, urban areas have fewer trees and less natural vegetation which help to control the heat by",0.10245080292224884
2754,presenting the effect and analyzing the cause,"The surfaces of leaves also provide water for evaporation which cools the air, further worsening the",0.3903656303882599
2755,Her interest was in public health.,"A similar degree in health economics cost less than $ 17,000 for a one-year program.",0.20498579740524292
2756,obtaining a loan from a bank,"To finance her education at Erasmus University in Rotterdam, Fuller took out a $30,000 bank loan thr",0.15739756859372914
2757,choose t study overseas,"The cost may be lower, but is the quality of education overseas just as good as an American universi",0.20680889915890271
2758,the behavior of the drivers,"Road politeness is not only good manners, but good sense too.It takes the most cool-headed drivers g",0.24790656550930473
2759,drivers should show road politeness properly.,"Road politeness is not only good manners, but good sense too.It takes the most cool-headed drivers g",0.3568827785285785
2760,associates' recommendation,,0.0
2761,they themselves are treated well,You can't make them believe that your company is wonderful when they felt they were treated badly.,0.1838032305240631
2762,A good name will bring you money.,The good news is that because there are so many different businesses chasing after your customers' m,0.2908996045589447
2763,Good communication is one of the qualities that women possess.,Women in their 20s outearn men in their 20s.,0.4783487915992737
2764,men are more rigid and less able to adapt to new circumstances,"They see a new social context, and they flexibly adapt to .new circumstances.",0.27520856261253357
2765,The reasons why men fail compared with women.,Women in their 20s outearn men in their 20s.,0.5705192685127258
2766,Food and Health,"Nowadays, the food we eat seems to have great effects on our health.",0.40442562103271484
2767,Drugs are always given to animals for medical reasons,"Sometimes similar drugs are given to animals not for medical purposes, but for financial reasons.",0.49413779377937317
2768,"Because of the application of science, some potentially harmful substances have been added to food.","Yet, these carcinogenic additives remain in our food, and it becomes more difficult all the time to",0.25320616364479065
2769,They preserve the color of meats.,"In 1945, about 68 years ago, government researchers realized that nitrates, commonly used to preserv",0.14876971384760054
2770,cancer-causing,,0.0
2771,The Dodo lacked the ability to protect itself from other animals,The Chinese government has set up 33 panda reserves to protect these beautiful animals and made poac,0.26054062274718426
2772,"The Dodo and the Bali, Javan, and Caspian tigers.",The flightless Dodo was native to the Island of Mauritius in the Indian Ocean.,0.33025309443473816
2773,The Rhino horn and tigers' bones and organs,"Like the Rhino horn, tigers' bones and organs are sought after for traditional Chinese medicines.",0.38848307728767395
2774,The Whale is the representing mark for the World Wildlife Fund.,"Despite the fact that one-third the world's oceans have been declared whale sanctuaries , 7 out of 1",0.4101199805736542
2775,Animal Conservation,This has led to the animal being hunted in its natural habitat.,0.5545395612716675
2776,spend years paying off their debts,These students spend much of their adult lives paying off the gradual increasing debts.,0.2701631486415863
2777,avoid the risk of the future financial trouble,"While not every young person makes financial mistakes, those who do can face years of difficulty try",0.24612750113010406
2778,argue and persuade,,0.0
2779,computers bring advantages as well as disadvantages,It often isn't until 10 that kids realize that the Internet is a network of millions of computers.,0.1506592686276457
2780,children must be prevented from having access to unhealthy websites,"In searching for and visiting websites, kids can come across words and pictures that they may not be",0.20261764526367188
2781,simple,,0.0
2782,The mystery about nuclear radiation.,"Nuclear radiation has a certain mystery about it, partly because it cannot be detected by human sens",0.4910552560183632
2783,Nuclear radiation can cause cancer to human beings.,"But unlike common radio waves, nuclear radiation is not harmless to human beings and other living th",0.4058717833395685
2784,By killing many cells in important organs.,"This is the case when only a few cells are hit, and if they are killed immediately.",0.20325282216072083
2785,Nuclear radiation can kill a person very easily.,"Nuclear power's danger to health, safety, and even life itself can be summed up in one word: radiati",0.17816349661835637
2786,all of the above,,0.0
2787,his wife had found a new job there,where she was starting a new job.,0.38654202222824097
2788,were glad that the old house would have its new owner,where she was starting a new job.,0.4014049172401428
2789,The author is very satisfied with his new home and new neighbors.,where she was starting a new job.,0.6189231276512146
2790,kindness is the sunshine of social life,Many were happy that this old house that had sat empty for so long was coming to life again.,0.4613165557384491
2791,He was in his dormitory,"""It felt like our dormitory building was being hit by a tractor,"" recalled Diao.",0.21329429745674133
2792,Calm,They were on the fifth floor and they feared there might be trouble if they didn't remain calm.,0.19201762974262238
2793,After the quake,,0.0
2794,wise and caring,,0.0
2795,an earthquake,"""Earthquake!",0.5523006319999695
2796,afraid,,0.0
2797,hope,,0.0
2798,Doubtful.,,0.0
2799,went into the store through the broken window,She said the man then went back to the car and got a bag out of the back seat before going into the,0.3625432848930359
2800,The value of the stolen jewellery hasn't been worked out yet.,A woman was working next door to the jewellery store.,0.4309421479701996
2801,the robbers frightened workers in the jewellery store,Ram-raiders armed with hammers smashed  their way into an exclusive  jewellery store in central Sydn,0.37217316453548416
2802,Sir Winston Churchill's.,Lord Randolph Churchill.,0.3567790687084198
2803,The nobleman wanted to pay back the farmer for saving his son.,An elegantly dressed nobleman stepped out and introduced himself as the father of the boy Farmer Fle,0.2078650519772626
2804,"Kind, brave and honest.",,0.0
2805,The farmer saved the nobleman's son twice.,An elegantly dressed nobleman stepped out and introduced himself as the father of the boy Farmer Fle,0.5320131347576117
2806,people are getting dependent on attraction online,"A poll, for a Sunday paper, also found that 54 percent of people checked Facebook, Twitter or other",0.4053306579589844
2807,"Up till now, at least six groups have claimed to support it.","A ""Stop Phubbing"" campaign group has been started in Australia and at least five others have sprung",0.18522444367408752
2808,the woman ignored respect and manners by focusing only on her phone,It is the act of looking at your mobile phone instead of paying attention to others during a social,0.30250081419944763
2809,The iPad is so expensive that he cannot afford it.,"I'm not sure if I got a thrill when I borrowed Goodwin's iPad, but it did feel good to make a connec",0.20926961777556766
2810,connects borrowers and lenders for stuff sharing,- and there are people who have stuff they want to lend.,0.343626673252062
2811,Favorable,,0.0
2812,"Borrow, Don't Buy: Websites That Let Strangers Share","Some sites have a narrow, obvious focus (like SwapBabyGoods.com) while others are more obscure (Neig",0.41090637400206764
2813,The family wouldn't see it suffer in its later life.,I cry when I see pet commercials on television.,0.2676262855529785
2814,she thought of her lovely cat,"We did not want to see him suffer, so we chose to kill the cat in a painless way.",0.1860203593969345
2815,The winner will join in the production of the musical.,The winner will also get the opportunity to perform in the show or serve as the assistant director o,0.2431940883398056
2816,Dream House Raffle,"Dream House Raffle  
Enter to win a $ 4 million home in Rancho Santa Fe or $ 2.1 million in cash in",0.34406715631484985
2817,www.kohlskids.com,,0.0
2818,inform the readers of some contests,"Contests from the Community
Annual Playwright   Challenge
Attention, students!",0.4095556139945984
2819,how aggressive pedestrians cause traffic accidents,"For example, the number of pedestrians killed last year was 24 percent less than the number killed i",0.47535228729248047
2820,They believe individuals are always first.,"If their machines can go faster, they believe they have the right to go faster.",0.24823476374149323
2821,Overspeeding driving.,,0.0
2822,Obey traffic signals at crossroads.,The bad news is that the basic causes of pedestrian deaths remain pretty much the same----disregard,0.3237631022930145
2823,Concerned,,0.0
2824,save Jewish children,Nicholas Winton was among those people who helped to save Jewish children.,0.2577331066131592
2825,did a lot to help Jewish children out of danger,Nicholas Winton was among those people who helped to save Jewish children.,0.25921306014060974
2826,Warm-hearted and cautious,,0.0
2827,his wish to express his own feelings,,0.0
2828,Topsy-Turvy and Drawing Workshop.,"Illustrator Workshop
Go straight to the experts for an introductory course in book illustration .",0.36680811643600464
2829,"Foyer, Level 3","Date   Friday 27 July, 10:30 am--3 pm
Venue  Foyer, Level 3",0.4704569876194
2830,on June 24,"Dates  Sunday 8,15,22,29 July, and Tuesday 24--Friday 27 July, 12 noon--3 pm
Venue  Theatre, NGV Aus",0.4156034933988581
2831,The cashier was playing a joke on him.,"I was left staring at the cashier, who was staring at me.""",0.19964447617530823
2832,He lost face in front of the cashier.,"I was left staring at the cashier, who was staring at me.""",0.30252984166145325
2833,He was always well-prepared.,I've always admired people who are over-prepared.,0.3926066756248474
2834,"In fair weather, prepare for a rainy day.","One day he was giving a presentation on an overhead projector   and in the middle of his talk, the l",0.4611152410507202
2835,How to use the mind against disease.,Another application of using the mind to help cure disease is the use of suggestion therapy.,0.44007608294487
2836,The treatment of a patient by treating the body and the mind is necessary.,"In this way, the patient uses his mind to help his body respond to treatment.",0.3201127052307129
2837,the patients' attitudes towards themselves have changed,Patients may feel they are treated like broken machines.,0.23215460777282715
2838,help cure patients of insomnia,"Many doctors, together with their patients, are looking for alternative methods of treatment of phys",0.22758509779757954
2839,The working principle of suggestion therapy.,"They are now using psychological therapy, in which the patient is working with the doctors against t",0.41476866602897644
2840,Nicole and her husband had an agreement on how to name the children.,A group of foreign residents married to Japanese talked about their children's names.,0.3568829894065857
2841,Lenny is a name familiar to Japanese when written the Japanese way.,All names had to be easy to say and familiar in both Japanese and English.,0.41912683844566345
2842,How do you choose your child's name?,"John McCracken
Company general manager, 27(American)
My son's name is Aiden.",0.3350732624530792
2843,a wedding ceremony can be held on the wing,It is held on a concrete foundation with the landing gear secured in steel cradles.,0.33145949244499207
2844,the jet plane was out of use for about a decade,But in some respects this hostel remains a plane - most customers have to share the jet's nine bathr,0.33049168856654604
2845,introduce a new kind of hostel,But Swedish entrepreneur Oscar Dios thinks they can be persuaded otherwise and he has created a new,0.33362698554992676
2846,He now lives in Baddeck.,"He now lives in Montreal with a summer home in Baddeck, site of his first flight.",0.4833270311355591
2847,a plane designed by McCurdy,McCurdy gave proof of his flying ability and of the development and the use of the aileron by being,0.2442251443862915
2848,fly from Key West to Toronto,"In 1911 he had made the longest flight to date, and that over open sea 90 miles from Key West to Hav",0.38923645427881953
2849,McCurdy's Legendary Experience,"John A. D. McCurdy and the life story of this still vigorous , distinguished Canadian is at once and",0.3374509811401367
2850,It makes us know what we are like and what we want to be like.,"Therefore, being a bit jealous of others lets us know what we are like and what we want to be like.",0.4462347626686096
2851,In the bathroom.,"When Meera came out of the bathroom, her eyes fell on the envelope.",0.16877132654190063
2852,Satisfied.,,0.0
2853,compare her mother's home and their home,Never compare your mother's home and their home.,0.27417615056037903
2854,Accepting her help in the kitchen.,The kitchen is one place where small fights can appear.,0.22886770963668823
2855,how to adapt to her married life,My darling is getting married!,0.2716173231601715
2856,There is only one way to reach the forests in South Africa.,This unbelievable journey invites you to be among the few humans who have dared to go to the South A,0.4375018775463104
2857,4.,,0.0
2858,They have an age limit.,,0.0
2859,International official papers are programmed as its major sources.,"Och, who speaks German, English and some Italian, feeds hundreds of millions of words from parallel",0.21874560415744781
2860,hold different opinions towards Google's new approach,"Google's approach, called statistical  machine translation, differs from past efforts in which it do",0.23927204310894012
2861,It's hard to find enough African translation documents.,"But for some tasks, a mostly correct translation may be good enough.",0.2659827172756195
2862,counting how frequently a word is used in the language,"""I would hope that the language model would say, well, Schroeder is...very rare but Bundeskanzler Ge",0.3008841872215271
2863,3,,0.0
2864,A love of words,"Above all, crossword puzzles are the most familiar word game, with clues ranging from words which ha",0.29489588737487793
2865,To entertain readers with what is written in the article.,"About 15 years ago, readers of The Independent, a daily national newspaper, were asked by its travel",0.2709832191467285
2866,turn to Internet pharmacies for help,"Every day, more than six million Americans turn to the Internet for medical answers ---most of them",0.2256876677274704
2867,are afraid to face the truth of their health,"Patients may a1so fear what they might learn about their health, or they distrust physicians because",0.2689739763736725
2868,about l/10 of the websites surveyed are of high quality,"Of the l69 websites the researchers rated, only l6 scored as ""high quality"".",0.28152236342430115
2869,It's dangerous to be your own doctor.,But p1aying doctor can also be a deadly game.,0.38217756152153015
2870,The information about the role of vitamins and minerals in health.,But vitamins and minerals are only one part of the nutritional puzzle.,0.28009846806526184
2871,are ineffective in supplying fiber,A diet rich in fiber   and balanced in carbohydrates and protein is essential for good health.,0.2728304214645783
2872,to show girls possibilities for work and careers,"Perhaps because the program had become so widespread and successful, TOD had been criticized for exc",0.30085864964239956
2873,They are not encouraged to work in these fields.,"April 22,2010 will be the 18th celebration of the annual Take Our Daugluers to Work Day (TOD), a pro",0.31069356203079224
2874,thought it was not fair to boys,"""We should also show boys that becoming a child care provider is as acceptable a choice as becoming",0.27764418721199036
2875,Boys are now included on Take Our Daughters to Work Day.,"April 22,2010 will be the 18th celebration of the annual Take Our Daugluers to Work Day (TOD), a pro",0.5879412889480591
2876,It is also acceptable for boys to do what girls are supposed to.,"""We should also show boys that becoming a child care provider is as acceptable a choice as becoming",0.383751779794693
2877,Healthy-minded people also like money,So all healthy-minded people like making money--- ought to like it and to enjoy the sensation of win,0.5697611570358276
2878,the wish to fight bravely and win battles,"He is glad of his pay--- very properly so, and justly grumbles  when you keep him ten months without",0.2595042884349823
2879,Soldiers and doctors are brave and well-educated,So with doctors.,0.5659133195877075
2880,has light of its own,"Stars give out  light, but the planets don't have any light of their own.",0.4554855525493622
2881,The worlds are very bright.,"Our sun is a star, and nine worlds move round it.",0.5226683020591736
2882,any other star,"And sometimes we can see this, Then we know that the star has a planet.",0.17510676383972168
2883,"Sometimes they see that the planet pulls the star to one side and makes it move slower
.","While a big planet goes round, it pulls its star to one side.",0.17146908412149353
2884,To find the reasons for myopia.,But outdoor activities may better help avoid myopia than indoor sports activities.,0.2262200564146042
2885,Because Sydney children do more outdoor sports.,The major finding is that children in Sydney spend longer hours on outdoor activities than those in,0.13068221509456635
2886,Outdoor activities do more good to eyes.,"Indoor and outdoor sports activities both make the eyes focus on more distant objects, which prevent",0.4988972246646881
2887,Focusing on distant objects can help the eyes keep their original shape.,"Indoor and outdoor sports activities both make the eyes focus on more distant objects, which prevent",0.5252068042755127
2888,No one knows why the shooter opened fire.,"""Everybody wants to know why the shooter opened fire,"" Sparks vice chief Tom Miller said at a news c",0.3740304708480835
2889,He tried to persuade the shooter to put down his gun.,"The teacher was calm, he was holding out his hand like, 'Put the gun in my hand.'",0.29491689801216125
2890,many students thought highly of Landsberry's action,""" 
Students, parents and fellow teachers are calling Landsberry's actions heroic.",0.4752500057220459
2891,Because the police didn't want to affect the shooter's parents' life.,""" 
Students, parents and fellow teachers are calling Landsberry's actions heroic.",0.23824666440486908
2892,The two wounded students were out of danger.,CNN reports that two students who were wounded by the shooter - who used a Ruger 9 mm semi-automatic,0.39993011951446533
2893,Low-price is Xiaomi's advantage over Apple's iPhones.,BEIJING -- Rising smartphone star Xiaomi is moving upmarket and taking aim at Apple's iPhone.,0.5143458843231201
2894,More than 45 million iPhones will be sold this year.,"Apple is still a relatively small player in China, selling about 45 million iPhones there last year,",0.33786818385124207
2895,Positive.,,0.0
2896,"He told her to write down all that her"" enemy"" had said about her and payattention only to the things that were true.","Pay no attention to the other things she said.""",0.4159269595079124
2897,"Week by week she discovered more shortcomings of mine and pointed them 
out to me.","To my great surprise, I discovered that about half the things were true.",0.23681506514549255
2898,"Because he believed that what her daughter's ""enemy"" said was mostly true.","When something said about you is true, you'll find it will be of help to you.",0.3726780414581299
2899,The Best Advice I've Ever Had,"Janet, didn't you ever wonder what you're really like?",0.30361250042915344
2900,prevent the AIDS virus from spreading,Researchers want to fool the virus by putting copies or clones of the CD4 protein into the blood.Thi,0.41428327560424805
2901,the genetic material of T4 lymphocytes,American researchers have developed a technique that may become an important tool in fighting AIDS v,0.20413854344285948
2902,"cloned protein floats freely,and many more can be put into the blood",American researchers have developed a technique that may become an important tool in fighting AIDS v,0.16355784237384796
2903,The new technique is now under clinic test.,"In a new technique,however,the cloned CD4 protein is not connected to a cell.It floats freely,so a l",0.44201162457466125
2904,A new technique in fighting AIDS,Researchers think they may be able to stop AIDS from connecting to T4 ceils.When AIDS virus finds a,0.5012136101722717
2905,treasure their lifetime to fulfill their own business,,0.0
2906,His pancreatic cancer can be curable with surgery.,"The doctors told me this was almost certainly a type of cancer that was incurable, and that I should",0.2831668257713318
2907,he could leave death alone and had enough courage to become what he wanted to.,And yet death is the destination we all share.,0.33569639921188354
2908,At 6 p.m.,"Post office branches open at 9 a.m. and close at 5 p.m. while main branches close at 6 p.m.
Buying S",0.06381111592054367
2909,a retail mailing store,Bring the package to the post office or retail   mailing shop instead.,0.2301481068134308
2910,"She kept Dewey, an abandoned cat at home.","When Dewey died in 2006 at the age of 19, his _ appeared in over 250 newspapers , including the New",0.27061915397644043
2911,"Dewey, an abandoned cat who touched the world.","Dewey, as the townspeople named the kitten, grew into a friendly cat whose funny behavior kept peopl",0.35027836983983923
2912,Reading hour,,0.0
2913,"discuss how to give a good definition to the word ""heart""","What does the word ""heart"" mean?",0.4996741712093353
2914,By losing what one owns.,"When lovers separate, one will often claim to have a broken heart, yet remain living.",0.18376480042934418
2915,both of you will talk about others' affairs instead of yours,Having a heart - to - heart talk means sharing something from the center of our being with someone e,0.11849156767129898
2916,is looking forward to her father's return,"Every evening he would return from work with dates   or sweets, his hands were never empty.",0.4031465947628021
2917,thought of her father seeing the title,Do they care that I have spent my childhood with my sense that my father actually existed?,0.3172665238380432
2918,He showed much concern for his kids.,,0.0
2919,The author usually talked about her father in a low voice.,"My mother, who does nothing all day but sit by the door in wait of his return, may as well have disa",0.43960411890680323
2920,Global warming makes fish smaller.,"Fish species are expected to shrink in size by up to 24% because of global warming, say scientists.",0.6690085530281067
2921,The lower level of oxygen in the water.,The researchers built a model to see how fish would react to lower levels of oxygen in the water.,0.17029239237308502
2922,fish tend to move towards the colder areas,The group believes that most fish populations will move towards the Earth's poles at a rate of up to,0.16061333989365378
2923,teenagers' constant connection to cell phones,Teenagers spend too much time using their cell phones and being connected online these days!,0.4452868402004242
2924,It forces teenagers to do several things at the same time.,So how is this constant connection affecting the new generation who has been born with the opportuni,0.2461043053256935
2925,Disapproving,,0.0
2926,speech draft,,0.0
2927,She was aware of her parents' sacrifices and expectations.,"And every day, like so many of you, I felt the weight of my parents' sacrifices on my shoulders.",0.31187477707862854
2928,Strong-minded,,0.0
2929,We should work hard and get good educations.,"And as he got sicker, it got harder for him to walk, and it took him longer to get dressed in the mo",0.32647307265096925
2930,"PS142,000.",,0.0
2931,emotional demand,"The study shows mothers matter all year long and not just on Mother's Day.The emotional,physical and",0.18748663365840912
2932,Mothers'labour is of a higher value than it is realized.,"Across Britain,burnt toast will be served to mothers in bed this morning as older sons and daughters",0.2850525975227356
2933,Because people may be misled to stop the battle.,"The World Health Organization has for the first time expressed ""cautious optimism"" that the growth i",0.17899679569099283
2934,data updated with old cases,"The WHO's official total number of Ebola cases has reached 13,703 - a big jump from the10,141 cases",0.21795380115509033
2935,An official guide.,,0.0
2936,Blue Sky Cafe,"DINING
Blue Sky Care: Speedy service leaves you time to keep an eye on the arrivals gate.",0.30279460549354553
2937,Mambo and Stussy,"Top surf, street and fashion labels including Mambo, Stussy and Quicksilver, including children's si",0.31226092658209287
2938,You'll save money if you buy alcohol or perfume at Downtown Duty Free.,Downtown Duty Free: Make sure you shop at Downtown Duty Free for great savings on a range of items i,0.536569356918335
2939,How to Make a Good Impression at Work,Here are some ways to make a good impression at work.,0.5535613894462585
2940,Think out a solution to your mistake.,Take responsibility and come up with a solution to fix your mistake.,0.25926896929740906
2941,stop working and ask for a leave,,0.0
2942,Employees who deal with the crisis quickly and effectively.,Of course it's the employee who deals with the crisis quickly and effectively.,0.32535314559936523
2943,Televisions.,"Televisions varied in size from big to bigger, with at least two companies -- Samsung and HiSense --",0.24956026673316956
2944,offers a personalized experience,Another TV from Panasonic offers a similar personalized user experience.,0.25708261132240295
2945,CES offers a glimpse into the future.,"That glimpse into the future included a look at digital health and fitness devices, which were also",0.4430166780948639
2946,HiSense,"Televisions varied in size from big to bigger, with at least two companies -- Samsung and HiSense --",0.23089078068733215
2947,"at the 2013 CES, the TV section was crowded","In addition to television technology, size also played a major part in CES 2013.",0.4800487458705902
2948,"The ""Unseen"" Language of Plants","Many gardeners believe that ""talking"" to their plants helps them grow---it turns out that _ may not",0.3900366723537445
2949,The nearby cabbage plants tried to warn the near plants.,"Many gardeners believe that ""talking"" to their plants helps them grow---it turns out that _ may not",0.29095423221588135
2950,don't live a passive life,What the scientists are not sure is whether the plants are trying to warn the other leaves or the ne,0.1451115000360123
2951,Because they are proud of their own food.,"In fact, food is an important part of French culture.",0.2729102075099945
2952,opening a chain in tourist spot is rewarding,But many French people can't understand why this American chain is opening in the heart of French cu,0.302343705605409
2953,They have negative effect on a country's culture.,"In fact, food is an important part of French culture.",0.33213162422180176
2954,The advantage of spending time with one child at a time.,"Our ""Mommy and Me"" time began two years ago.",0.4430275857448578
2955,curious,,0.0
2956,Tom has less difficulty in speaking.,"My stuttering   son, Tom, doesn't stutter once during our activities since he doesn't have to strugg",0.2758541090113014
2957,every child needs parents' full attention,Every child deserves   to be an only child at least once in a while.,0.5358605980873108
2958,children's high consumption   of products,Children are spending lots of it.,0.5433348417282104
2959,they encourage children to care about the latest fashion,They even encourage children to keep asking their parents for something until they get it.,0.17845232784748077
2960,people have more money than in the past and saving is out of date,Banks give out credit cards and loans all the time so people are saving less and less.,0.18429456651210785
2961,Rainfall and wind.,"""These two changes--lower temperatures and more rainfall--may be connected by humidity,"" Changnon sa",0.23983897887254774
2962,the Climatologists have told us two aspects about the reason for the climate change,The scientists suggest that the change in the Midwest climate may have happened because of farming.,0.4267188012599945
2963,Why Climate in Midwest Is Changing,"A climatologist studies the climate of an area, which includes measuring rainfall, temperature and w",0.5067671537399292
2964,You need to light the paper with a match.,3) Light the paper by dropping a burning match into the bottle.,0.39321210980415344
2965,The outside air pressure forced it into the bottle.,"The air pressure must equalize, so more air from outside must enter the bottle.",0.29752999544143677
2966,the pressure of air around us has a powerful force,This proves that air is all around and that it is pressing down on us.,0.5008869171142578
2967,ResQMe.,"B
ResQMe,The Keychain Version of the Original Life Hammer (Black)
Product Dimensions:7x9x2 inches
AS",0.2870910167694092
2968,B and D,"B
ResQMe,The Keychain Version of the Original Life Hammer (Black)
Product Dimensions:7x9x2 inches
AS",0.2766222655773163
2969,Swiss Tech UKCSB1.,"D
Swiss Tech UKCSB1 UtiliKey 6in1 KeyChain MultiTool
Product Dimensions:6x5x1 inches
ASIN:B0001EFSTI",0.1207529678940773
2970,are easy to carry,"D
Swiss Tech UKCSB1 UtiliKey 6in1 KeyChain MultiTool
Product Dimensions:6x5x1 inches
ASIN:B0001EFSTI",0.21173430979251862
2971,You perhaps be given more responsibility.,"If you regularly work extra hours, you may be given more responsibility.",0.17475517094135284
2972,you have crucial family obligations,*Changes in family roles.,0.48240599036216736
2973,You will have no sense of exhaustion.,"When you quit doing the things you only do out of guilt or a false sense of obligation, you'll make",0.3067028820514679
2974,Examining priorities and deciding what is the most important to you.,"You may miss out on important events, such as your child's first bike ride, your father's 60th birth",0.2792600095272064
2975,wheat bread and eggs,2.Feed your head.The brain runs badly if it doesn't get enough fuel.That means protein and complex c,0.229564368724823
2976,reducing blood pressure,2.Feed your head.The brain runs badly if it doesn't get enough fuel.That means protein and complex c,0.23990575969219208
2977,teenagers learn quickly when they are fond of something,"6.Learn what you love.Because emotional systems develop fast in teenager brains,teenagers learn thin",0.3419700562953949
2978,Katherine of Aragon,"The book was about a hare ,and a month before it came out, Williams buried a gold hare in a park in",0.24466970562934875
2979,to show respect for Henry VIII's first wife,"The book was about a hare ,and a month before it came out, Williams buried a gold hare in a park in",0.17868322134017944
2980,A modern treasure hunt,It was only after he had spent several nights digging around the cross that he decided to write to K,0.2640305757522583
2981,She wanted to find out what he needed.,Emma asked Jake to make a list of the school supplies he needed.,0.17348550260066986
2982,To make Jake avoid feeling embarrassed.,Emma asked Jake to make a list of the school supplies he needed.,0.18127945065498352
2983,An act of kindness.,,0.0
2984,you worried a lot and the anxious thoughts will increase your anxiety,"The anxiety, in turn, increases the number of anxious thoughts.",0.3187027871608734
2985,reduce your anxiety,"The anxiety, in turn, increases the number of anxious thoughts.",0.302250474691391
2986,sense of humour,,0.0
2987,Frist Aid to Anxiety----Senses,"The anxiety, in turn, increases the number of anxious thoughts.",0.5003213597759943
2988,the inflation in America,European officials are increasingly concerned with inflation.,0.2858054041862488
2989,Because of the official's support of the policy.,That year the administration of president Bill Clinton bought euros to support the European currency,0.30783718824386597
2990,Many measures have taken to stop dollars from falling further..,But investors can already get higher rates of return on investments in euros than in dollars.,0.4076702296733856
2991,there is a chance of inflation in the world,Oil is priced in dollars on the world market.,0.46623286604881287
2992,"If you are on a diet, you should always keep to your diet.",Find a diet that suits your body type and your lifestyle.,0.44374194741249084
2993,red and orange,,0.0
2994,barbell,,0.0
2995,drinking juice instead of water,Don't substitute for juice.,0.3092816174030304
2996,Hold the rein  and get on the horse!,"First comes forethought, when you set a goal for yourself and make a plan for how to get there.",0.1727976607301506
2997,Both B and C,,0.0
2998,on his side,"If you sleep on your side, you have usually got a well--balanced personality.",0.2350093126296997
2999,stay alone,,0.0
